[rig-host] m2_rig role=host scenario=soak dir=C:/Remote.deepflux.space/docs/reports/data/m6-soak/.sig-WSekBU stream=3600s seed=2026 drop-fast=10 reorder-fast=5 drop-reliable-every=40
[rig-host] metrics: C:/Remote.deepflux.space/docs/reports/data/m6-soak\m6-soak-host-rig-host.jsonl
[rig-host] gpu: NVIDIA GeForce RTX 5080 Laptop GPU
[rig-host] signaling: file(C:/Remote.deepflux.space/docs/reports/data/m6-soak/.sig-WSekBU out=h2c.jsonl, in=c2h.jsonl)
[rig-host] host -> Registering
[rig-host] host -> Online
[rig-host] consent prompt #1, session rig-controller-ctrl-2 (auto-accept in 300 ms)
[rig-host] host -> ConsentPrompted
[rig-host] loop alive, host=ConsentPrompted
[rig-host] host -> Exchanging
[rig-host] host -> Connecting
[rig-host] host -> Connecting
[rig-host] session established: rig-controller-ctrl-2
[rig-host] host -> Connected
[rig-host] streaming started
[host] capture: \\.\DISPLAY5 at 3840x2160, pacer fps 60
[host] capture pacer mode: high-resolution waitable timer
[rig-host] congestion decision: bitrate=Some(3600000) fps=None res_down=false ()
[host] encoder: NVIDIA H.264 Encoder MFT (hardware, 1920x1080@60fps, 8000000 bps CBR, GOP 120)
[host] congestion: bitrate -> 3600000 bps (live)
[rig-host] loop alive, host=Connected
[rig-host] loop alive, host=Connected
[rig-host] congestion decision: bitrate=Some(2700000) fps=None res_down=false ()
[host] congestion: bitrate -> 2700000 bps (live)
[rig-host] congestion decision: bitrate=Some(2025000) fps=Some(30) res_down=false (bandwidth collapsed: fps cap applied)
[host] congestion: fps cap 60 -> 30
[host] congestion: bitrate -> 2025000 bps (live)
[rig-host] loop alive, host=Connected
[rig-host] congestion decision: bitrate=Some(1518750) fps=None res_down=false ()
[host] congestion: bitrate -> 1518750 bps (live)
[rig-host] congestion decision: bitrate=Some(1139062) fps=None res_down=false ()
[host] congestion: bitrate -> 1139062 bps (live)
[rig-host] loop alive, host=Connected
[rig-host] congestion decision: bitrate=Some(854296) fps=None res_down=false ()
[host] congestion: bitrate -> 854296 bps (live)
[rig-host] congestion decision: bitrate=Some(640722) fps=None res_down=false ()
[host] congestion: bitrate -> 640722 bps (live)
[rig-host] loop alive, host=Connected
[rig-host] congestion decision: bitrate=Some(500000) fps=Some(15) res_down=false (bandwidth collapsed: fps cap applied)
[host] congestion: fps cap 30 -> 15
[host] congestion: bitrate -> 500000 bps (live)
[rig-host] loop alive, host=Connected
[rig-host] loop alive, host=Connected
[rig-host] loop alive, host=Connected
[rig-host] loop alive, host=Connected
[rig-host] loop alive, host=Connected
[rig-host] loop alive, host=Connected
[rig-host] loop alive, host=Connected
[rig-host] loop alive, host=Connected
[rig-host] loop alive, host=Connected
[rig-host] loop alive, host=Connected
[rig-host] loop alive, host=Connected
[rig-host] loop alive, host=Connected
[rig-host] loop alive, host=Connected
[rig-host] loop alive, host=Connected
[rig-host] loop alive, host=Connected
[rig-host] loop alive, host=Connected
[rig-host] congestion decision: bitrate=Some(800000) fps=None res_down=false ()
[host] congestion: bitrate -> 800000 bps (live)
[rig-host] congestion decision: bitrate=Some(500000) fps=None res_down=false ()
[host] congestion: bitrate -> 500000 bps (live)
[rig-host] loop alive, host=Connected
[rig-host] loop alive, host=Connected
[rig-host] loop alive, host=Connected
[rig-host] loop alive, host=Connected
[rig-host] loop alive, host=Connected
[rig-host] loop alive, host=Connected
[rig-host] loop alive, host=Connected
[rig-host] loop alive, host=Connected
[rig-host] loop alive, host=Connected
[rig-host] loop alive, host=Connected
[rig-host] loop alive, host=Connected
[rig-host] loop alive, host=Connected
[rig-host] loop alive, host=Connected
[rig-host] loop alive, host=Connected
[rig-host] loop alive, host=Connected
[rig-host] loop alive, host=Connected
[rig-host] loop alive, host=Connected
[rig-host] loop alive, host=Connected
[rig-host] loop alive, host=Connected
[rig-host] congestion decision: bitrate=Some(800000) fps=None res_down=false ()
[host] congestion: bitrate -> 800000 bps (live)
[rig-host] congestion decision: bitrate=Some(500000) fps=None res_down=false ()
[host] congestion: bitrate -> 500000 bps (live)
[rig-host] loop alive, host=Connected
[rig-host] loop alive, host=Connected
[rig-host] congestion decision: bitrate=Some(800000) fps=None res_down=false ()
[host] congestion: bitrate -> 800000 bps (live)
[rig-host] loop alive, host=Connected
[rig-host] congestion decision: bitrate=Some(600000) fps=None res_down=false ()
[host] congestion: bitrate -> 600000 bps (live)
[rig-host] loop alive, host=Connected
[rig-host] congestion decision: bitrate=Some(500000) fps=None res_down=false ()
[host] congestion: bitrate -> 500000 bps (live)
[rig-host] loop alive, host=Connected
[rig-host] loop alive, host=Connected
[rig-host] loop alive, host=Connected
[rig-host] loop alive, host=Connected
[rig-host] congestion decision: bitrate=Some(800000) fps=None res_down=false ()
[host] congestion: bitrate -> 800000 bps (live)
[rig-host] loop alive, host=Connected
[rig-host] loop alive, host=Connected
[rig-host] congestion decision: bitrate=Some(500000) fps=None res_down=false ()
[host] congestion: bitrate -> 500000 bps (live)
[rig-host] loop alive, host=Connected
[rig-host] loop alive, host=Connected
[rig-host] loop alive, host=Connected
[rig-host] loop alive, host=Connected
[rig-host] loop alive, host=Connected
[rig-host] loop alive, host=Connected
[rig-host] loop alive, host=Connected
[rig-host] loop alive, host=Connected
[rig-host] loop alive, host=Connected
[rig-host] loop alive, host=Connected
[rig-host] loop alive, host=Connected
[rig-host] loop alive, host=Connected
[rig-host] loop alive, host=Connected
[rig-host] loop alive, host=Connected
[rig-host] congestion decision: bitrate=Some(800000) fps=None res_down=false ()
[host] congestion: bitrate -> 800000 bps (live)
[rig-host] congestion decision: bitrate=Some(1100000) fps=None res_down=false ()
[host] congestion: bitrate -> 1100000 bps (live)
[rig-host] loop alive, host=Connected
[rig-host] loop alive, host=Connected
[rig-host] congestion decision: bitrate=Some(825000) fps=None res_down=false ()
[host] congestion: bitrate -> 825000 bps (live)
[rig-host] congestion decision: bitrate=Some(618750) fps=None res_down=false ()
[host] congestion: bitrate -> 618750 bps (live)
[rig-host] loop alive, host=Connected
[rig-host] congestion decision: bitrate=Some(500000) fps=None res_down=false ()
[host] congestion: bitrate -> 500000 bps (live)
[rig-host] loop alive, host=Connected
[rig-host] loop alive, host=Connected
[rig-host] loop alive, host=Connected
[rig-host] loop alive, host=Connected
[rig-host] loop alive, host=Connected
[rig-host] loop alive, host=Connected
[rig-host] congestion decision: bitrate=Some(800000) fps=None res_down=false ()
[host] congestion: bitrate -> 800000 bps (live)
[rig-host] loop alive, host=Connected
[rig-host] congestion decision: bitrate=Some(500000) fps=None res_down=false ()
[host] congestion: bitrate -> 500000 bps (live)
[rig-host] loop alive, host=Connected
[rig-host] loop alive, host=Connected
[rig-host] loop alive, host=Connected
[rig-host] loop alive, host=Connected
[rig-host] loop alive, host=Connected
[rig-host] loop alive, host=Connected
[rig-host] loop alive, host=Connected
[rig-host] loop alive, host=Connected
[rig-host] congestion decision: bitrate=Some(800000) fps=None res_down=false ()
[host] congestion: bitrate -> 800000 bps (live)
[rig-host] loop alive, host=Connected
[rig-host] congestion decision: bitrate=Some(1100000) fps=None res_down=false ()
[host] congestion: bitrate -> 1100000 bps (live)
[rig-host] loop alive, host=Connected
[rig-host] congestion decision: bitrate=Some(825000) fps=None res_down=false ()
[host] congestion: bitrate -> 825000 bps (live)
[rig-host] loop alive, host=Connected
[rig-host] loop alive, host=Connected
[rig-host] loop alive, host=Connected
[rig-host] congestion decision: bitrate=Some(500000) fps=None res_down=false ()
[host] congestion: bitrate -> 500000 bps (live)
[rig-host] loop alive, host=Connected
[rig-host] loop alive, host=Connected
[rig-host] loop alive, host=Connected
[rig-host] loop alive, host=Connected
[rig-host] loop alive, host=Connected
[rig-host] loop alive, host=Connected
[rig-host] loop alive, host=Connected
[rig-host] loop alive, host=Connected
[rig-host] loop alive, host=Connected
[rig-host] loop alive, host=Connected
[rig-host] loop alive, host=Connected
[rig-host] congestion decision: bitrate=Some(800000) fps=None res_down=false ()
[host] congestion: bitrate -> 800000 bps (live)
[rig-host] loop alive, host=Connected
[rig-host] congestion decision: bitrate=Some(500000) fps=None res_down=false ()
[host] congestion: bitrate -> 500000 bps (live)
[rig-host] loop alive, host=Connected
[rig-host] loop alive, host=Connected
[rig-host] loop alive, host=Connected
[rig-host] congestion decision: bitrate=Some(800000) fps=None res_down=false ()
[host] congestion: bitrate -> 800000 bps (live)
[rig-host] loop alive, host=Connected
[rig-host] congestion decision: bitrate=Some(500000) fps=None res_down=false ()
[host] congestion: bitrate -> 500000 bps (live)
[rig-host] loop alive, host=Connected
[rig-host] loop alive, host=Connected
[rig-host] loop alive, host=Connected
[rig-host] loop alive, host=Connected
[rig-host] loop alive, host=Connected
[rig-host] loop alive, host=Connected
[rig-host] loop alive, host=Connected
[rig-host] loop alive, host=Connected
[rig-host] loop alive, host=Connected
[rig-host] loop alive, host=Connected
[rig-host] congestion decision: bitrate=Some(800000) fps=None res_down=false ()
[host] congestion: bitrate -> 800000 bps (live)
[rig-host] congestion decision: bitrate=Some(1100000) fps=None res_down=false ()
[host] congestion: bitrate -> 1100000 bps (live)
[rig-host] loop alive, host=Connected
[rig-host] congestion decision: bitrate=Some(825000) fps=None res_down=false ()
[host] congestion: bitrate -> 825000 bps (live)
[rig-host] loop alive, host=Connected
[rig-host] loop alive, host=Connected
[rig-host] congestion decision: bitrate=Some(618750) fps=None res_down=false ()
[host] congestion: bitrate -> 618750 bps (live)
[rig-host] loop alive, host=Connected
[rig-host] congestion decision: bitrate=Some(500000) fps=None res_down=false ()
[host] congestion: bitrate -> 500000 bps (live)
[rig-host] loop alive, host=Connected
[rig-host] loop alive, host=Connected
[rig-host] loop alive, host=Connected
[rig-host] loop alive, host=Connected
[rig-host] loop alive, host=Connected
[rig-host] loop alive, host=Connected
[rig-host] loop alive, host=Connected
[rig-host] loop alive, host=Connected
[rig-host] loop alive, host=Connected
[rig-host] loop alive, host=Connected
[rig-host] loop alive, host=Connected
[rig-host] loop alive, host=Connected
[rig-host] loop alive, host=Connected
[rig-host] loop alive, host=Connected
[rig-host] loop alive, host=Connected
[rig-host] loop alive, host=Connected
[rig-host] loop alive, host=Connected
[rig-host] loop alive, host=Connected
[rig-host] loop alive, host=Connected
[rig-host] loop alive, host=Connected
[rig-host] loop alive, host=Connected
[rig-host] congestion decision: bitrate=Some(800000) fps=None res_down=false ()
[host] congestion: bitrate -> 800000 bps (live)
[rig-host] loop alive, host=Connected
[rig-host] congestion decision: bitrate=Some(600000) fps=None res_down=false ()
[host] congestion: bitrate -> 600000 bps (live)
[rig-host] loop alive, host=Connected
[rig-host] congestion decision: bitrate=Some(500000) fps=None res_down=false ()
[host] congestion: bitrate -> 500000 bps (live)
[rig-host] loop alive, host=Connected
[rig-host] loop alive, host=Connected
[rig-host] loop alive, host=Connected
[rig-host] loop alive, host=Connected
[rig-host] loop alive, host=Connected
[rig-host] loop alive, host=Connected
[rig-host] loop alive, host=Connected
[rig-host] loop alive, host=Connected
[rig-host] loop alive, host=Connected
[rig-host] loop alive, host=Connected
[rig-host] loop alive, host=Connected
[rig-host] loop alive, host=Connected
[rig-host] loop alive, host=Connected
[rig-host] loop alive, host=Connected
[rig-host] loop alive, host=Connected
[rig-host] loop alive, host=Connected
[rig-host] loop alive, host=Connected
[rig-host] loop alive, host=Connected
[rig-host] loop alive, host=Connected
[rig-host] loop alive, host=Connected
[rig-host] loop alive, host=Connected
[rig-host] loop alive, host=Connected
[rig-host] loop alive, host=Connected
[rig-host] loop alive, host=Connected
[rig-host] loop alive, host=Connected
[rig-host] loop alive, host=Connected
[rig-host] loop alive, host=Connected
[rig-host] loop alive, host=Connected
[rig-host] loop alive, host=Connected
[rig-host] loop alive, host=Connected
[rig-host] loop alive, host=Connected
[rig-host] loop alive, host=Connected
[rig-host] loop alive, host=Connected
[rig-host] loop alive, host=Connected
[rig-host] loop alive, host=Connected
[rig-host] loop alive, host=Connected
[rig-host] congestion decision: bitrate=Some(800000) fps=None res_down=false ()
[host] congestion: bitrate -> 800000 bps (live)
[rig-host] loop alive, host=Connected
[rig-host] congestion decision: bitrate=Some(500000) fps=None res_down=false ()
[host] congestion: bitrate -> 500000 bps (live)
[rig-host] loop alive, host=Connected
[rig-host] loop alive, host=Connected
[rig-host] congestion decision: bitrate=Some(800000) fps=None res_down=false ()
[host] congestion: bitrate -> 800000 bps (live)
[rig-host] loop alive, host=Connected
[rig-host] loop alive, host=Connected
[rig-host] loop alive, host=Connected
[rig-host] congestion decision: bitrate=Some(500000) fps=None res_down=false ()
[host] congestion: bitrate -> 500000 bps (live)
[rig-host] loop alive, host=Connected
[rig-host] loop alive, host=Connected
[rig-host] loop alive, host=Connected
[rig-host] loop alive, host=Connected
[rig-host] loop alive, host=Connected
[rig-host] loop alive, host=Connected
[rig-host] loop alive, host=Connected
[rig-host] loop alive, host=Connected
[rig-host] loop alive, host=Connected
[rig-host] loop alive, host=Connected
[rig-host] loop alive, host=Connected
[rig-host] loop alive, host=Connected
[rig-host] loop alive, host=Connected
[rig-host] loop alive, host=Connected
[rig-host] loop alive, host=Connected
[rig-host] loop alive, host=Connected
[rig-host] loop alive, host=Connected
[rig-host] loop alive, host=Connected
[rig-host] loop alive, host=Connected
[rig-host] loop alive, host=Connected
[rig-host] loop alive, host=Connected
[rig-host] loop alive, host=Connected
[rig-host] loop alive, host=Connected
[rig-host] loop alive, host=Connected
[rig-host] loop alive, host=Connected
[rig-host] loop alive, host=Connected
[rig-host] loop alive, host=Connected
[rig-host] congestion decision: bitrate=Some(800000) fps=None res_down=false ()
[host] congestion: bitrate -> 800000 bps (live)
[rig-host] loop alive, host=Connected
[rig-host] congestion decision: bitrate=Some(600000) fps=None res_down=false ()
[host] congestion: bitrate -> 600000 bps (live)
[rig-host] congestion decision: bitrate=Some(500000) fps=None res_down=false ()
[host] congestion: bitrate -> 500000 bps (live)
[rig-host] loop alive, host=Connected
[rig-host] loop alive, host=Connected
[rig-host] loop alive, host=Connected
[rig-host] congestion decision: bitrate=Some(800000) fps=None res_down=false ()
[host] congestion: bitrate -> 800000 bps (live)
[rig-host] congestion decision: bitrate=Some(1100000) fps=None res_down=false ()
[host] congestion: bitrate -> 1100000 bps (live)
[rig-host] loop alive, host=Connected
[rig-host] loop alive, host=Connected
[rig-host] loop alive, host=Connected
[rig-host] congestion decision: bitrate=Some(825000) fps=None res_down=false ()
[host] congestion: bitrate -> 825000 bps (live)
[rig-host] congestion decision: bitrate=Some(618750) fps=None res_down=false ()
[host] congestion: bitrate -> 618750 bps (live)
[rig-host] loop alive, host=Connected
[rig-host] congestion decision: bitrate=Some(500000) fps=None res_down=false ()
[host] congestion: bitrate -> 500000 bps (live)
[rig-host] loop alive, host=Connected
[rig-host] loop alive, host=Connected
[rig-host] loop alive, host=Connected
[rig-host] loop alive, host=Connected
[rig-host] loop alive, host=Connected
[rig-host] loop alive, host=Connected
[rig-host] loop alive, host=Connected
[rig-host] loop alive, host=Connected
[rig-host] loop alive, host=Connected
[rig-host] loop alive, host=Connected
[rig-host] loop alive, host=Connected
[rig-host] loop alive, host=Connected
[rig-host] loop alive, host=Connected
[rig-host] loop alive, host=Connected
[rig-host] loop alive, host=Connected
[rig-host] loop alive, host=Connected
[rig-host] loop alive, host=Connected
[rig-host] loop alive, host=Connected
[rig-host] loop alive, host=Connected
[rig-host] loop alive, host=Connected
[rig-host] loop alive, host=Connected
[rig-host] loop alive, host=Connected
[rig-host] loop alive, host=Connected
[rig-host] loop alive, host=Connected
[rig-host] loop alive, host=Connected
[rig-host] loop alive, host=Connected
[rig-host] loop alive, host=Connected
[rig-host] loop alive, host=Connected
[rig-host] loop alive, host=Connected
[rig-host] loop alive, host=Connected
[rig-host] loop alive, host=Connected
[rig-host] loop alive, host=Connected
[rig-host] loop alive, host=Connected
[rig-host] loop alive, host=Connected
[rig-host] loop alive, host=Connected
[rig-host] loop alive, host=Connected
[rig-host] loop alive, host=Connected
[rig-host] loop alive, host=Connected
[rig-host] loop alive, host=Connected
[rig-host] congestion decision: bitrate=Some(800000) fps=None res_down=false ()
[host] congestion: bitrate -> 800000 bps (live)
[rig-host] loop alive, host=Connected
[rig-host] congestion decision: bitrate=Some(600000) fps=None res_down=false ()
[host] congestion: bitrate -> 600000 bps (live)
[rig-host] congestion decision: bitrate=Some(500000) fps=None res_down=false ()
[host] congestion: bitrate -> 500000 bps (live)
[rig-host] loop alive, host=Connected
[rig-host] loop alive, host=Connected
[rig-host] loop alive, host=Connected
[rig-host] loop alive, host=Connected
[rig-host] loop alive, host=Connected
[rig-host] loop alive, host=Connected
[rig-host] loop alive, host=Connected
[rig-host] loop alive, host=Connected
[rig-host] loop alive, host=Connected
[rig-host] congestion decision: bitrate=Some(800000) fps=None res_down=false ()
[host] congestion: bitrate -> 800000 bps (live)
[rig-host] congestion decision: bitrate=Some(1100000) fps=None res_down=false ()
[host] congestion: bitrate -> 1100000 bps (live)
[rig-host] loop alive, host=Connected
[rig-host] loop alive, host=Connected
[rig-host] congestion decision: bitrate=Some(550000) fps=None res_down=false ()
[host] congestion: bitrate -> 550000 bps (live)
[rig-host] loop alive, host=Connected
[rig-host] loop alive, host=Connected
[rig-host] loop alive, host=Connected
[rig-host] loop alive, host=Connected
[rig-host] loop alive, host=Connected
[rig-host] loop alive, host=Connected
[rig-host] loop alive, host=Connected
[rig-host] loop alive, host=Connected
[rig-host] loop alive, host=Connected
[rig-host] congestion decision: bitrate=Some(850000) fps=None res_down=false ()
[host] congestion: bitrate -> 850000 bps (live)
[rig-host] congestion decision: bitrate=Some(1150000) fps=None res_down=false ()
[host] congestion: bitrate -> 1150000 bps (live)
[rig-host] loop alive, host=Connected
[rig-host] loop alive, host=Connected
[rig-host] congestion decision: bitrate=Some(862500) fps=None res_down=false ()
[host] congestion: bitrate -> 862500 bps (live)
[rig-host] congestion decision: bitrate=Some(646875) fps=None res_down=false ()
[host] congestion: bitrate -> 646875 bps (live)
[rig-host] loop alive, host=Connected
[rig-host] congestion decision: bitrate=Some(500000) fps=None res_down=false ()
[host] congestion: bitrate -> 500000 bps (live)
[rig-host] loop alive, host=Connected
[rig-host] loop alive, host=Connected
[rig-host] loop alive, host=Connected
[rig-host] loop alive, host=Connected
[rig-host] loop alive, host=Connected
[rig-host] loop alive, host=Connected
[rig-host] loop alive, host=Connected
[rig-host] loop alive, host=Connected
[rig-host] loop alive, host=Connected
[rig-host] loop alive, host=Connected
[rig-host] loop alive, host=Connected
[rig-host] loop alive, host=Connected
[rig-host] loop alive, host=Connected
[rig-host] loop alive, host=Connected
[rig-host] loop alive, host=Connected
[rig-host] loop alive, host=Connected
[rig-host] loop alive, host=Connected
[rig-host] loop alive, host=Connected
[rig-host] loop alive, host=Connected
[rig-host] loop alive, host=Connected
[rig-host] loop alive, host=Connected
[rig-host] loop alive, host=Connected
[rig-host] loop alive, host=Connected
[rig-host] loop alive, host=Connected
[rig-host] loop alive, host=Connected
[rig-host] loop alive, host=Connected
[rig-host] loop alive, host=Connected
[rig-host] loop alive, host=Connected
[rig-host] congestion decision: bitrate=Some(800000) fps=None res_down=false ()
[host] congestion: bitrate -> 800000 bps (live)
[rig-host] loop alive, host=Connected
[rig-host] congestion decision: bitrate=Some(600000) fps=None res_down=false ()
[host] congestion: bitrate -> 600000 bps (live)
[rig-host] loop alive, host=Connected
[rig-host] congestion decision: bitrate=Some(500000) fps=None res_down=false ()
[host] congestion: bitrate -> 500000 bps (live)
[rig-host] loop alive, host=Connected
[rig-host] loop alive, host=Connected
[rig-host] congestion decision: bitrate=Some(800000) fps=None res_down=false ()
[host] congestion: bitrate -> 800000 bps (live)
[rig-host] loop alive, host=Connected
[rig-host] congestion decision: bitrate=Some(1100000) fps=None res_down=false ()
[host] congestion: bitrate -> 1100000 bps (live)
[rig-host] congestion decision: bitrate=Some(1400000) fps=None res_down=false ()
[host] congestion: bitrate -> 1400000 bps (live)
[rig-host] loop alive, host=Connected
[rig-host] loop alive, host=Connected
[rig-host] congestion decision: bitrate=Some(700000) fps=None res_down=false ()
[host] congestion: bitrate -> 700000 bps (live)
[rig-host] congestion decision: bitrate=Some(525000) fps=None res_down=false ()
[host] congestion: bitrate -> 525000 bps (live)
[rig-host] loop alive, host=Connected
[rig-host] loop alive, host=Connected
[rig-host] loop alive, host=Connected
[rig-host] congestion decision: bitrate=Some(825000) fps=None res_down=false ()
[host] congestion: bitrate -> 825000 bps (live)
[rig-host] loop alive, host=Connected
[rig-host] congestion decision: bitrate=Some(1125000) fps=None res_down=false ()
[host] congestion: bitrate -> 1125000 bps (live)
[rig-host] congestion decision: bitrate=Some(1425000) fps=None res_down=false ()
[host] congestion: bitrate -> 1425000 bps (live)
[rig-host] loop alive, host=Connected
[rig-host] congestion decision: bitrate=Some(1725000) fps=Some(30) res_down=false (bandwidth collapsed: fps cap applied)
[host] congestion: fps cap 15 -> 30
[host] congestion: bitrate -> 1725000 bps (live)
[rig-host] congestion decision: bitrate=Some(862500) fps=None res_down=false ()
[host] congestion: bitrate -> 862500 bps (live)
[rig-host] loop alive, host=Connected
[rig-host] congestion decision: bitrate=Some(500000) fps=None res_down=false ()
[host] congestion: bitrate -> 500000 bps (live)
[rig-host] loop alive, host=Connected
[rig-host] congestion decision: bitrate=None fps=Some(15) res_down=false (bandwidth collapsed: fps cap applied)
[host] congestion: fps cap 30 -> 15
[rig-host] loop alive, host=Connected
[rig-host] loop alive, host=Connected
[rig-host] congestion decision: bitrate=Some(800000) fps=None res_down=false ()
[host] congestion: bitrate -> 800000 bps (live)
[rig-host] congestion decision: bitrate=Some(1100000) fps=None res_down=false ()
[host] congestion: bitrate -> 1100000 bps (live)
[rig-host] loop alive, host=Connected
[rig-host] congestion decision: bitrate=Some(825000) fps=None res_down=false ()
[host] congestion: bitrate -> 825000 bps (live)
[rig-host] loop alive, host=Connected
[rig-host] loop alive, host=Connected
[rig-host] loop alive, host=Connected
[rig-host] congestion decision: bitrate=Some(618750) fps=None res_down=false ()
[host] congestion: bitrate -> 618750 bps (live)
[rig-host] loop alive, host=Connected
[rig-host] congestion decision: bitrate=Some(500000) fps=None res_down=false ()
[host] congestion: bitrate -> 500000 bps (live)
[rig-host] loop alive, host=Connected
[rig-host] loop alive, host=Connected
[rig-host] loop alive, host=Connected
[rig-host] loop alive, host=Connected
[rig-host] loop alive, host=Connected
[rig-host] loop alive, host=Connected
[rig-host] loop alive, host=Connected
[rig-host] loop alive, host=Connected
[rig-host] loop alive, host=Connected
[rig-host] loop alive, host=Connected
[rig-host] loop alive, host=Connected
[rig-host] loop alive, host=Connected
[rig-host] loop alive, host=Connected
[rig-host] loop alive, host=Connected
[rig-host] loop alive, host=Connected
[rig-host] loop alive, host=Connected
[rig-host] loop alive, host=Connected
[rig-host] loop alive, host=Connected
[rig-host] loop alive, host=Connected
[rig-host] loop alive, host=Connected
[rig-host] loop alive, host=Connected
[rig-host] loop alive, host=Connected
[rig-host] loop alive, host=Connected
[rig-host] loop alive, host=Connected
[rig-host] loop alive, host=Connected
[rig-host] loop alive, host=Connected
[rig-host] loop alive, host=Connected
[rig-host] loop alive, host=Connected
[rig-host] loop alive, host=Connected
[rig-host] loop alive, host=Connected
[rig-host] loop alive, host=Connected
[rig-host] loop alive, host=Connected
[rig-host] loop alive, host=Connected
[rig-host] loop alive, host=Connected
[rig-host] congestion decision: bitrate=Some(800000) fps=None res_down=false ()
[host] congestion: bitrate -> 800000 bps (live)
[rig-host] congestion decision: bitrate=Some(1100000) fps=None res_down=false ()
[host] congestion: bitrate -> 1100000 bps (live)
[rig-host] loop alive, host=Connected
[rig-host] congestion decision: bitrate=Some(550000) fps=None res_down=false ()
[host] congestion: bitrate -> 550000 bps (live)
[rig-host] loop alive, host=Connected
[rig-host] loop alive, host=Connected
[rig-host] loop alive, host=Connected
[rig-host] congestion decision: bitrate=Some(850000) fps=None res_down=false ()
[host] congestion: bitrate -> 850000 bps (live)
[rig-host] congestion decision: bitrate=Some(1150000) fps=None res_down=false ()
[host] congestion: bitrate -> 1150000 bps (live)
[rig-host] loop alive, host=Connected
[rig-host] congestion decision: bitrate=Some(1450000) fps=Some(30) res_down=false (bandwidth collapsed: fps cap applied)
[host] congestion: bitrate -> 1450000 bps (live)
[host] congestion: fps cap 15 -> 30
[rig-host] loop alive, host=Connected
[rig-host] loop alive, host=Connected
[rig-host] congestion decision: bitrate=Some(1087500) fps=None res_down=false ()
[host] congestion: bitrate -> 1087500 bps (live)
[rig-host] congestion decision: bitrate=Some(815625) fps=Some(15) res_down=false (bandwidth collapsed: fps cap applied)
[host] congestion: fps cap 30 -> 15
[host] congestion: bitrate -> 815625 bps (live)
[rig-host] loop alive, host=Connected
[rig-host] congestion decision: bitrate=Some(611718) fps=None res_down=false ()
[host] congestion: bitrate -> 611718 bps (live)
[rig-host] congestion decision: bitrate=Some(500000) fps=None res_down=false ()
[host] congestion: bitrate -> 500000 bps (live)
[rig-host] loop alive, host=Connected
[rig-host] loop alive, host=Connected
[rig-host] loop alive, host=Connected
[rig-host] loop alive, host=Connected
[rig-host] loop alive, host=Connected
[rig-host] loop alive, host=Connected
[rig-host] loop alive, host=Connected
[rig-host] loop alive, host=Connected
[rig-host] loop alive, host=Connected
[rig-host] loop alive, host=Connected
[rig-host] loop alive, host=Connected
[rig-host] loop alive, host=Connected
[rig-host] loop alive, host=Connected
[rig-host] loop alive, host=Connected
[rig-host] loop alive, host=Connected
[rig-host] loop alive, host=Connected
[rig-host] loop alive, host=Connected
[rig-host] loop alive, host=Connected
[rig-host] loop alive, host=Connected
[rig-host] congestion decision: bitrate=Some(800000) fps=None res_down=false ()
[host] congestion: bitrate -> 800000 bps (live)
[rig-host] congestion decision: bitrate=Some(1100000) fps=None res_down=false ()
[host] congestion: bitrate -> 1100000 bps (live)
[rig-host] loop alive, host=Connected
[rig-host] congestion decision: bitrate=Some(1400000) fps=None res_down=false ()
[host] congestion: bitrate -> 1400000 bps (live)
[rig-host] congestion decision: bitrate=Some(1700000) fps=Some(30) res_down=false (bandwidth collapsed: fps cap applied)
[host] congestion: fps cap 15 -> 30
[host] congestion: bitrate -> 1700000 bps (live)
[rig-host] loop alive, host=Connected
[rig-host] congestion decision: bitrate=Some(2000000) fps=None res_down=false ()
[host] congestion: bitrate -> 2000000 bps (live)
[rig-host] loop alive, host=Connected
[rig-host] loop alive, host=Connected
[rig-host] loop alive, host=Connected
[rig-host] congestion decision: bitrate=Some(2300000) fps=None res_down=false ()
[host] congestion: bitrate -> 2300000 bps (live)
[rig-host] loop alive, host=Connected
[rig-host] loop alive, host=Connected
[rig-host] loop alive, host=Connected
[rig-host] congestion decision: bitrate=Some(1725000) fps=None res_down=false ()
[host] congestion: bitrate -> 1725000 bps (live)
[rig-host] loop alive, host=Connected
[rig-host] congestion decision: bitrate=Some(1293750) fps=None res_down=false ()
[host] congestion: bitrate -> 1293750 bps (live)
[rig-host] loop alive, host=Connected
[rig-host] loop alive, host=Connected
[rig-host] congestion decision: bitrate=Some(970312) fps=Some(15) res_down=false (bandwidth collapsed: fps cap applied)
[host] congestion: fps cap 30 -> 15
[host] congestion: bitrate -> 970312 bps (live)
[rig-host] congestion decision: bitrate=Some(727734) fps=None res_down=false ()
[host] congestion: bitrate -> 727734 bps (live)
[rig-host] loop alive, host=Connected
[rig-host] loop alive, host=Connected
[rig-host] loop alive, host=Connected
[rig-host] congestion decision: bitrate=Some(545800) fps=None res_down=false ()
[host] congestion: bitrate -> 545800 bps (live)
[rig-host] loop alive, host=Connected
[rig-host] loop alive, host=Connected
[rig-host] loop alive, host=Connected
[rig-host] loop alive, host=Connected
[rig-host] loop alive, host=Connected
[rig-host] loop alive, host=Connected
[rig-host] loop alive, host=Connected
[rig-host] congestion decision: bitrate=Some(845800) fps=None res_down=false ()
[host] congestion: bitrate -> 845800 bps (live)
[rig-host] loop alive, host=Connected
[rig-host] loop alive, host=Connected
[rig-host] congestion decision: bitrate=Some(634350) fps=None res_down=false ()
[host] congestion: bitrate -> 634350 bps (live)
[rig-host] congestion decision: bitrate=Some(500000) fps=None res_down=false ()
[host] congestion: bitrate -> 500000 bps (live)
[rig-host] loop alive, host=Connected
[rig-host] loop alive, host=Connected
[rig-host] loop alive, host=Connected
[rig-host] loop alive, host=Connected
[rig-host] loop alive, host=Connected
[rig-host] loop alive, host=Connected
[rig-host] loop alive, host=Connected
[rig-host] loop alive, host=Connected
[rig-host] loop alive, host=Connected
[rig-host] loop alive, host=Connected
[rig-host] loop alive, host=Connected
[rig-host] loop alive, host=Connected
[rig-host] loop alive, host=Connected
[rig-host] loop alive, host=Connected
[rig-host] loop alive, host=Connected
[rig-host] loop alive, host=Connected
[rig-host] loop alive, host=Connected
[rig-host] congestion decision: bitrate=Some(800000) fps=None res_down=false ()
[host] congestion: bitrate -> 800000 bps (live)
[rig-host] loop alive, host=Connected
[rig-host] loop alive, host=Connected
[rig-host] loop alive, host=Connected
[rig-host] loop alive, host=Connected
[rig-host] congestion decision: bitrate=Some(600000) fps=None res_down=false ()
[host] congestion: bitrate -> 600000 bps (live)
[rig-host] congestion decision: bitrate=Some(500000) fps=None res_down=false ()
[host] congestion: bitrate -> 500000 bps (live)
[rig-host] loop alive, host=Connected
[rig-host] loop alive, host=Connected
[rig-host] loop alive, host=Connected
[rig-host] loop alive, host=Connected
[rig-host] loop alive, host=Connected
[rig-host] loop alive, host=Connected
[rig-host] loop alive, host=Connected
[rig-host] loop alive, host=Connected
[rig-host] loop alive, host=Connected
[rig-host] loop alive, host=Connected
[rig-host] loop alive, host=Connected
[rig-host] loop alive, host=Connected
[rig-host] loop alive, host=Connected
[rig-host] loop alive, host=Connected
[rig-host] loop alive, host=Connected
[rig-host] loop alive, host=Connected
[rig-host] loop alive, host=Connected
[rig-host] loop alive, host=Connected
[rig-host] loop alive, host=Connected
[rig-host] loop alive, host=Connected
[rig-host] loop alive, host=Connected
[rig-host] loop alive, host=Connected
[rig-host] congestion decision: bitrate=Some(800000) fps=None res_down=false ()
[host] congestion: bitrate -> 800000 bps (live)
[rig-host] loop alive, host=Connected
[rig-host] loop alive, host=Connected
[rig-host] congestion decision: bitrate=Some(1100000) fps=None res_down=false ()
[host] congestion: bitrate -> 1100000 bps (live)
[rig-host] loop alive, host=Connected
[rig-host] congestion decision: bitrate=Some(825000) fps=None res_down=false ()
[host] congestion: bitrate -> 825000 bps (live)
[rig-host] loop alive, host=Connected
[rig-host] loop alive, host=Connected
[rig-host] loop alive, host=Connected
[rig-host] loop alive, host=Connected
[rig-host] loop alive, host=Connected
[rig-host] loop alive, host=Connected
[rig-host] loop alive, host=Connected
[rig-host] loop alive, host=Connected
[rig-host] congestion decision: bitrate=Some(1125000) fps=None res_down=false ()
[host] congestion: bitrate -> 1125000 bps (live)
[rig-host] congestion decision: bitrate=Some(1425000) fps=None res_down=false ()
[host] congestion: bitrate -> 1425000 bps (live)
[rig-host] loop alive, host=Connected
[rig-host] congestion decision: bitrate=Some(1725000) fps=Some(30) res_down=false (bandwidth collapsed: fps cap applied)
[host] congestion: fps cap 15 -> 30
[host] congestion: bitrate -> 1725000 bps (live)
[rig-host] loop alive, host=Connected
[rig-host] loop alive, host=Connected
[rig-host] loop alive, host=Connected
[rig-host] congestion decision: bitrate=Some(1293750) fps=None res_down=false ()
[host] congestion: bitrate -> 1293750 bps (live)
[rig-host] congestion decision: bitrate=Some(970312) fps=Some(15) res_down=false (bandwidth collapsed: fps cap applied)
[host] congestion: fps cap 30 -> 15
[host] congestion: bitrate -> 970312 bps (live)
[rig-host] loop alive, host=Connected
[rig-host] congestion decision: bitrate=Some(500000) fps=None res_down=false ()
[host] congestion: bitrate -> 500000 bps (live)
[rig-host] loop alive, host=Connected
[rig-host] loop alive, host=Connected
[rig-host] loop alive, host=Connected
[rig-host] loop alive, host=Connected
[rig-host] loop alive, host=Connected
[rig-host] loop alive, host=Connected
[rig-host] loop alive, host=Connected
[rig-host] loop alive, host=Connected
[rig-host] loop alive, host=Connected
[rig-host] loop alive, host=Connected
[rig-host] loop alive, host=Connected
[rig-host] congestion decision: bitrate=Some(800000) fps=None res_down=false ()
[host] congestion: bitrate -> 800000 bps (live)
[rig-host] loop alive, host=Connected
[rig-host] congestion decision: bitrate=Some(600000) fps=None res_down=false ()
[host] congestion: bitrate -> 600000 bps (live)
[rig-host] loop alive, host=Connected
[rig-host] loop alive, host=Connected
[rig-host] congestion decision: bitrate=Some(900000) fps=None res_down=false ()
[host] congestion: bitrate -> 900000 bps (live)
[rig-host] loop alive, host=Connected
[rig-host] loop alive, host=Connected
[rig-host] congestion decision: bitrate=Some(675000) fps=None res_down=false ()
[host] congestion: bitrate -> 675000 bps (live)
[rig-host] loop alive, host=Connected
[rig-host] congestion decision: bitrate=Some(506250) fps=None res_down=false ()
[host] congestion: bitrate -> 506250 bps (live)
[rig-host] loop alive, host=Connected
[rig-host] loop alive, host=Connected
[rig-host] loop alive, host=Connected
[rig-host] loop alive, host=Connected
[rig-host] loop alive, host=Connected
[rig-host] loop alive, host=Connected
[rig-host] loop alive, host=Connected
[rig-host] loop alive, host=Connected
[rig-host] loop alive, host=Connected
[rig-host] loop alive, host=Connected
[rig-host] loop alive, host=Connected
[rig-host] loop alive, host=Connected
[rig-host] congestion decision: bitrate=Some(806250) fps=None res_down=false ()
[host] congestion: bitrate -> 806250 bps (live)
[rig-host] congestion decision: bitrate=Some(1106250) fps=None res_down=false ()
[host] congestion: bitrate -> 1106250 bps (live)
[rig-host] loop alive, host=Connected
[rig-host] congestion decision: bitrate=Some(1406250) fps=None res_down=false ()
[host] congestion: bitrate -> 1406250 bps (live)
[rig-host] loop alive, host=Connected
[rig-host] congestion decision: bitrate=Some(1054687) fps=None res_down=false ()
[host] congestion: bitrate -> 1054687 bps (live)
[rig-host] congestion decision: bitrate=Some(791015) fps=None res_down=false ()
[host] congestion: bitrate -> 791015 bps (live)
[rig-host] loop alive, host=Connected
[rig-host] loop alive, host=Connected
[rig-host] congestion decision: bitrate=Some(500000) fps=None res_down=false ()
[host] congestion: bitrate -> 500000 bps (live)
[rig-host] loop alive, host=Connected
[rig-host] loop alive, host=Connected
[rig-host] congestion decision: bitrate=Some(800000) fps=None res_down=false ()
[host] congestion: bitrate -> 800000 bps (live)
[rig-host] loop alive, host=Connected
[rig-host] congestion decision: bitrate=Some(1100000) fps=None res_down=false ()
[host] congestion: bitrate -> 1100000 bps (live)
[rig-host] congestion decision: bitrate=Some(1400000) fps=None res_down=false ()
[host] congestion: bitrate -> 1400000 bps (live)
[rig-host] loop alive, host=Connected
[rig-host] congestion decision: bitrate=Some(1700000) fps=Some(30) res_down=false (bandwidth collapsed: fps cap applied)
[host] congestion: fps cap 15 -> 30
[host] congestion: bitrate -> 1700000 bps (live)
[rig-host] loop alive, host=Connected
[rig-host] loop alive, host=Connected
[rig-host] congestion decision: bitrate=Some(850000) fps=None res_down=false ()
[host] congestion: bitrate -> 850000 bps (live)
[rig-host] congestion decision: bitrate=Some(500000) fps=Some(15) res_down=false (bandwidth collapsed: fps cap applied)
[host] congestion: fps cap 30 -> 15
[host] congestion: bitrate -> 500000 bps (live)
[rig-host] loop alive, host=Connected
[rig-host] loop alive, host=Connected
[rig-host] loop alive, host=Connected
[rig-host] loop alive, host=Connected
[rig-host] loop alive, host=Connected
[rig-host] loop alive, host=Connected
[rig-host] loop alive, host=Connected
[rig-host] congestion decision: bitrate=Some(800000) fps=None res_down=false ()
[host] congestion: bitrate -> 800000 bps (live)
[rig-host] loop alive, host=Connected
[rig-host] congestion decision: bitrate=Some(600000) fps=None res_down=false ()
[host] congestion: bitrate -> 600000 bps (live)
[rig-host] loop alive, host=Connected
[rig-host] loop alive, host=Connected
[rig-host] loop alive, host=Connected
[rig-host] congestion decision: bitrate=Some(500000) fps=None res_down=false ()
[host] congestion: bitrate -> 500000 bps (live)
[rig-host] loop alive, host=Connected
[rig-host] loop alive, host=Connected
[rig-host] loop alive, host=Connected
[rig-host] loop alive, host=Connected
[rig-host] loop alive, host=Connected
[rig-host] loop alive, host=Connected
[rig-host] loop alive, host=Connected
[rig-host] loop alive, host=Connected
[rig-host] loop alive, host=Connected
[rig-host] loop alive, host=Connected
[rig-host] loop alive, host=Connected
[rig-host] loop alive, host=Connected
[rig-host] loop alive, host=Connected
[rig-host] loop alive, host=Connected
[rig-host] loop alive, host=Connected
[rig-host] loop alive, host=Connected
[rig-host] loop alive, host=Connected
[rig-host] loop alive, host=Connected
[rig-host] loop alive, host=Connected
[rig-host] loop alive, host=Connected
[rig-host] loop alive, host=Connected
[rig-host] loop alive, host=Connected
[rig-host] loop alive, host=Connected
[rig-host] loop alive, host=Connected
[rig-host] loop alive, host=Connected
[rig-host] loop alive, host=Connected
[rig-host] loop alive, host=Connected
[rig-host] loop alive, host=Connected
[rig-host] loop alive, host=Connected
[rig-host] loop alive, host=Connected
[rig-host] loop alive, host=Connected
[rig-host] loop alive, host=Connected
[rig-host] loop alive, host=Connected
[rig-host] loop alive, host=Connected
[rig-host] loop alive, host=Connected
[rig-host] congestion decision: bitrate=Some(800000) fps=None res_down=false ()
[host] congestion: bitrate -> 800000 bps (live)
[rig-host] loop alive, host=Connected
[rig-host] congestion decision: bitrate=Some(600000) fps=None res_down=false ()
[host] congestion: bitrate -> 600000 bps (live)
[rig-host] congestion decision: bitrate=Some(500000) fps=None res_down=false ()
[host] congestion: bitrate -> 500000 bps (live)
[rig-host] loop alive, host=Connected
[rig-host] loop alive, host=Connected
[rig-host] loop alive, host=Connected
[rig-host] congestion decision: bitrate=Some(800000) fps=None res_down=false ()
[host] congestion: bitrate -> 800000 bps (live)
[rig-host] congestion decision: bitrate=Some(1100000) fps=None res_down=false ()
[host] congestion: bitrate -> 1100000 bps (live)
[rig-host] loop alive, host=Connected
[rig-host] congestion decision: bitrate=Some(1400000) fps=None res_down=false ()
[host] congestion: bitrate -> 1400000 bps (live)
[rig-host] loop alive, host=Connected
[rig-host] loop alive, host=Connected
[rig-host] congestion decision: bitrate=Some(1050000) fps=None res_down=false ()
[host] congestion: bitrate -> 1050000 bps (live)
[rig-host] loop alive, host=Connected
[rig-host] congestion decision: bitrate=Some(787500) fps=None res_down=false ()
[host] congestion: bitrate -> 787500 bps (live)
[rig-host] loop alive, host=Connected
[rig-host] congestion decision: bitrate=Some(590625) fps=None res_down=false ()
[host] congestion: bitrate -> 590625 bps (live)
[rig-host] loop alive, host=Connected
[rig-host] loop alive, host=Connected
[rig-host] congestion decision: bitrate=Some(890625) fps=None res_down=false ()
[host] congestion: bitrate -> 890625 bps (live)
[rig-host] loop alive, host=Connected
[rig-host] loop alive, host=Connected
[rig-host] congestion decision: bitrate=Some(667968) fps=None res_down=false ()
[host] congestion: bitrate -> 667968 bps (live)
[rig-host] loop alive, host=Connected
[rig-host] loop alive, host=Connected
[rig-host] congestion decision: bitrate=Some(500976) fps=None res_down=false ()
[host] congestion: bitrate -> 500976 bps (live)
[rig-host] loop alive, host=Connected
[rig-host] congestion decision: bitrate=Some(800976) fps=None res_down=false ()
[host] congestion: bitrate -> 800976 bps (live)
[rig-host] loop alive, host=Connected
[rig-host] loop alive, host=Connected
[rig-host] loop alive, host=Connected
[rig-host] loop alive, host=Connected
[rig-host] congestion decision: bitrate=Some(500000) fps=None res_down=false ()
[host] congestion: bitrate -> 500000 bps (live)
[rig-host] loop alive, host=Connected
[rig-host] loop alive, host=Connected
[rig-host] loop alive, host=Connected
[rig-host] loop alive, host=Connected
[rig-host] loop alive, host=Connected
[rig-host] loop alive, host=Connected
[rig-host] loop alive, host=Connected
[rig-host] loop alive, host=Connected
[rig-host] loop alive, host=Connected
[rig-host] congestion decision: bitrate=Some(800000) fps=None res_down=false ()
[host] congestion: bitrate -> 800000 bps (live)
[rig-host] loop alive, host=Connected
[rig-host] loop alive, host=Connected
[rig-host] congestion decision: bitrate=Some(500000) fps=None res_down=false ()
[host] congestion: bitrate -> 500000 bps (live)
[rig-host] loop alive, host=Connected
[rig-host] loop alive, host=Connected
[rig-host] loop alive, host=Connected
[rig-host] loop alive, host=Connected
[rig-host] loop alive, host=Connected
[rig-host] loop alive, host=Connected
[rig-host] loop alive, host=Connected
[rig-host] loop alive, host=Connected
[rig-host] loop alive, host=Connected
[rig-host] loop alive, host=Connected
[rig-host] loop alive, host=Connected
[rig-host] loop alive, host=Connected
[rig-host] loop alive, host=Connected
[rig-host] loop alive, host=Connected
[rig-host] loop alive, host=Connected
[rig-host] loop alive, host=Connected
[rig-host] loop alive, host=Connected
[rig-host] loop alive, host=Connected
[rig-host] loop alive, host=Connected
[rig-host] loop alive, host=Connected
[rig-host] loop alive, host=Connected
[rig-host] loop alive, host=Connected
[rig-host] loop alive, host=Connected
[rig-host] loop alive, host=Connected
[rig-host] loop alive, host=Connected
[rig-host] congestion decision: bitrate=Some(800000) fps=None res_down=false ()
[host] congestion: bitrate -> 800000 bps (live)
[rig-host] loop alive, host=Connected
[rig-host] congestion decision: bitrate=Some(600000) fps=None res_down=false ()
[host] congestion: bitrate -> 600000 bps (live)
[rig-host] loop alive, host=Connected
[rig-host] loop alive, host=Connected
[rig-host] loop alive, host=Connected
[rig-host] congestion decision: bitrate=Some(500000) fps=None res_down=false ()
[host] congestion: bitrate -> 500000 bps (live)
[rig-host] loop alive, host=Connected
[rig-host] loop alive, host=Connected
[rig-host] loop alive, host=Connected
[rig-host] loop alive, host=Connected
[rig-host] loop alive, host=Connected
[rig-host] loop alive, host=Connected
[rig-host] loop alive, host=Connected
[rig-host] congestion decision: bitrate=Some(800000) fps=None res_down=false ()
[host] congestion: bitrate -> 800000 bps (live)
[rig-host] loop alive, host=Connected
[rig-host] loop alive, host=Connected
[rig-host] loop alive, host=Connected
[rig-host] congestion decision: bitrate=Some(600000) fps=None res_down=false ()
[host] congestion: bitrate -> 600000 bps (live)
[rig-host] loop alive, host=Connected
[rig-host] congestion decision: bitrate=Some(500000) fps=None res_down=false ()
[host] congestion: bitrate -> 500000 bps (live)
[rig-host] loop alive, host=Connected
[rig-host] loop alive, host=Connected
[rig-host] loop alive, host=Connected
[rig-host] loop alive, host=Connected
[rig-host] loop alive, host=Connected
[rig-host] loop alive, host=Connected
[rig-host] loop alive, host=Connected
[rig-host] loop alive, host=Connected
[rig-host] loop alive, host=Connected
[rig-host] loop alive, host=Connected
[rig-host] loop alive, host=Connected
[rig-host] loop alive, host=Connected
[rig-host] loop alive, host=Connected
[rig-host] loop alive, host=Connected
[rig-host] loop alive, host=Connected
[rig-host] loop alive, host=Connected
[rig-host] loop alive, host=Connected
[rig-host] loop alive, host=Connected
[rig-host] loop alive, host=Connected
[rig-host] loop alive, host=Connected
[rig-host] loop alive, host=Connected
[rig-host] loop alive, host=Connected
[rig-host] loop alive, host=Connected
[rig-host] loop alive, host=Connected
[rig-host] loop alive, host=Connected
[rig-host] loop alive, host=Connected
[rig-host] loop alive, host=Connected
[rig-host] loop alive, host=Connected
[rig-host] loop alive, host=Connected
[rig-host] congestion decision: bitrate=Some(800000) fps=None res_down=false ()
[host] congestion: bitrate -> 800000 bps (live)
[rig-host] congestion decision: bitrate=Some(1100000) fps=None res_down=false ()
[host] congestion: bitrate -> 1100000 bps (live)
[rig-host] loop alive, host=Connected
[rig-host] loop alive, host=Connected
[rig-host] congestion decision: bitrate=Some(825000) fps=None res_down=false ()
[host] congestion: bitrate -> 825000 bps (live)
[rig-host] loop alive, host=Connected
[rig-host] congestion decision: bitrate=Some(618750) fps=None res_down=false ()
[host] congestion: bitrate -> 618750 bps (live)
[rig-host] congestion decision: bitrate=Some(500000) fps=None res_down=false ()
[host] congestion: bitrate -> 500000 bps (live)
[rig-host] loop alive, host=Connected
[rig-host] loop alive, host=Connected
[rig-host] congestion decision: bitrate=Some(800000) fps=None res_down=false ()
[host] congestion: bitrate -> 800000 bps (live)
[rig-host] congestion decision: bitrate=Some(1100000) fps=None res_down=false ()
[host] congestion: bitrate -> 1100000 bps (live)
[rig-host] loop alive, host=Connected
[rig-host] congestion decision: bitrate=Some(825000) fps=None res_down=false ()
[host] congestion: bitrate -> 825000 bps (live)
[rig-host] loop alive, host=Connected
[rig-host] congestion decision: bitrate=Some(618750) fps=None res_down=false ()
[host] congestion: bitrate -> 618750 bps (live)
[rig-host] loop alive, host=Connected
[rig-host] loop alive, host=Connected
[rig-host] congestion decision: bitrate=Some(500000) fps=None res_down=false ()
[host] congestion: bitrate -> 500000 bps (live)
[rig-host] loop alive, host=Connected
[rig-host] loop alive, host=Connected
[rig-host] loop alive, host=Connected
[rig-host] congestion decision: bitrate=Some(800000) fps=None res_down=false ()
[host] congestion: bitrate -> 800000 bps (live)
[rig-host] loop alive, host=Connected
[rig-host] congestion decision: bitrate=Some(600000) fps=None res_down=false ()
[host] congestion: bitrate -> 600000 bps (live)
[rig-host] loop alive, host=Connected
[rig-host] loop alive, host=Connected
[rig-host] loop alive, host=Connected
[rig-host] congestion decision: bitrate=Some(900000) fps=None res_down=false ()
[host] congestion: bitrate -> 900000 bps (live)
[rig-host] loop alive, host=Connected
[rig-host] congestion decision: bitrate=Some(675000) fps=None res_down=false ()
[host] congestion: bitrate -> 675000 bps (live)
[rig-host] loop alive, host=Connected
[rig-host] congestion decision: bitrate=Some(506250) fps=None res_down=false ()
[host] congestion: bitrate -> 506250 bps (live)
[rig-host] loop alive, host=Connected
[rig-host] loop alive, host=Connected
[rig-host] loop alive, host=Connected
[rig-host] loop alive, host=Connected
[rig-host] loop alive, host=Connected
[rig-host] loop alive, host=Connected
[rig-host] loop alive, host=Connected
[rig-host] loop alive, host=Connected
[rig-host] loop alive, host=Connected
[rig-host] loop alive, host=Connected
[rig-host] loop alive, host=Connected
[rig-host] loop alive, host=Connected
[rig-host] loop alive, host=Connected
[rig-host] loop alive, host=Connected
[rig-host] loop alive, host=Connected
[rig-host] loop alive, host=Connected
[rig-host] loop alive, host=Connected
[rig-host] loop alive, host=Connected
[rig-host] loop alive, host=Connected
[rig-host] loop alive, host=Connected
[rig-host] loop alive, host=Connected
[rig-host] loop alive, host=Connected
[rig-host] loop alive, host=Connected
[rig-host] loop alive, host=Connected
[rig-host] loop alive, host=Connected
[rig-host] congestion decision: bitrate=Some(806250) fps=None res_down=false ()
[host] congestion: bitrate -> 806250 bps (live)
[rig-host] loop alive, host=Connected
[rig-host] congestion decision: bitrate=Some(604687) fps=None res_down=false ()
[host] congestion: bitrate -> 604687 bps (live)
[rig-host] congestion decision: bitrate=Some(500000) fps=None res_down=false ()
[host] congestion: bitrate -> 500000 bps (live)
[rig-host] loop alive, host=Connected
[rig-host] loop alive, host=Connected
[rig-host] loop alive, host=Connected
[rig-host] loop alive, host=Connected
[rig-host] loop alive, host=Connected
[rig-host] loop alive, host=Connected
[rig-host] congestion decision: bitrate=Some(800000) fps=None res_down=false ()
[host] congestion: bitrate -> 800000 bps (live)
[rig-host] loop alive, host=Connected
[rig-host] congestion decision: bitrate=Some(600000) fps=None res_down=false ()
[host] congestion: bitrate -> 600000 bps (live)
[rig-host] loop alive, host=Connected
[rig-host] congestion decision: bitrate=Some(500000) fps=None res_down=false ()
[host] congestion: bitrate -> 500000 bps (live)
[rig-host] loop alive, host=Connected
[rig-host] loop alive, host=Connected
[rig-host] congestion decision: bitrate=Some(800000) fps=None res_down=false ()
[host] congestion: bitrate -> 800000 bps (live)
[rig-host] loop alive, host=Connected
[rig-host] congestion decision: bitrate=Some(1100000) fps=None res_down=false ()
[host] congestion: bitrate -> 1100000 bps (live)
[rig-host] loop alive, host=Connected
[rig-host] congestion decision: bitrate=Some(825000) fps=None res_down=false ()
[host] congestion: bitrate -> 825000 bps (live)
[rig-host] congestion decision: bitrate=Some(618750) fps=None res_down=false ()
[host] congestion: bitrate -> 618750 bps (live)
[rig-host] loop alive, host=Connected
[rig-host] congestion decision: bitrate=Some(500000) fps=None res_down=false ()
[host] congestion: bitrate -> 500000 bps (live)
[rig-host] loop alive, host=Connected
[rig-host] loop alive, host=Connected
[rig-host] loop alive, host=Connected
[rig-host] loop alive, host=Connected
[rig-host] loop alive, host=Connected
[rig-host] loop alive, host=Connected
[rig-host] loop alive, host=Connected
[rig-host] loop alive, host=Connected
[rig-host] loop alive, host=Connected
[rig-host] loop alive, host=Connected
[rig-host] loop alive, host=Connected
[rig-host] loop alive, host=Connected
[rig-host] loop alive, host=Connected
[rig-host] congestion decision: bitrate=Some(800000) fps=None res_down=false ()
[host] congestion: bitrate -> 800000 bps (live)
[rig-host] loop alive, host=Connected
[rig-host] congestion decision: bitrate=Some(600000) fps=None res_down=false ()
[host] congestion: bitrate -> 600000 bps (live)
[rig-host] loop alive, host=Connected
[rig-host] loop alive, host=Connected
[rig-host] congestion decision: bitrate=Some(500000) fps=None res_down=false ()
[host] congestion: bitrate -> 500000 bps (live)
[rig-host] loop alive, host=Connected
[rig-host] loop alive, host=Connected
[rig-host] congestion decision: bitrate=Some(800000) fps=None res_down=false ()
[host] congestion: bitrate -> 800000 bps (live)
[rig-host] loop alive, host=Connected
[rig-host] loop alive, host=Connected
[rig-host] congestion decision: bitrate=Some(600000) fps=None res_down=false ()
[host] congestion: bitrate -> 600000 bps (live)
[rig-host] congestion decision: bitrate=Some(500000) fps=None res_down=false ()
[host] congestion: bitrate -> 500000 bps (live)
[rig-host] loop alive, host=Connected
[rig-host] loop alive, host=Connected
[rig-host] congestion decision: bitrate=Some(800000) fps=None res_down=false ()
[host] congestion: bitrate -> 800000 bps (live)
[rig-host] loop alive, host=Connected
[rig-host] congestion decision: bitrate=Some(1100000) fps=None res_down=false ()
[host] congestion: bitrate -> 1100000 bps (live)
[rig-host] loop alive, host=Connected
[rig-host] congestion decision: bitrate=Some(825000) fps=None res_down=false ()
[host] congestion: bitrate -> 825000 bps (live)
[rig-host] loop alive, host=Connected
[rig-host] loop alive, host=Connected
[rig-host] congestion decision: bitrate=Some(618750) fps=None res_down=false ()
[host] congestion: bitrate -> 618750 bps (live)
[rig-host] congestion decision: bitrate=Some(500000) fps=None res_down=false ()
[host] congestion: bitrate -> 500000 bps (live)
[rig-host] loop alive, host=Connected
[rig-host] loop alive, host=Connected
[rig-host] loop alive, host=Connected
[rig-host] congestion decision: bitrate=Some(800000) fps=None res_down=false ()
[host] congestion: bitrate -> 800000 bps (live)
[rig-host] loop alive, host=Connected
[rig-host] congestion decision: bitrate=Some(600000) fps=None res_down=false ()
[host] congestion: bitrate -> 600000 bps (live)
[rig-host] congestion decision: bitrate=Some(500000) fps=None res_down=false ()
[host] congestion: bitrate -> 500000 bps (live)
[rig-host] loop alive, host=Connected
[rig-host] loop alive, host=Connected
[rig-host] congestion decision: bitrate=Some(800000) fps=None res_down=false ()
[host] congestion: bitrate -> 800000 bps (live)
[rig-host] loop alive, host=Connected
[rig-host] congestion decision: bitrate=Some(1100000) fps=None res_down=false ()
[host] congestion: bitrate -> 1100000 bps (live)
[rig-host] loop alive, host=Connected
[rig-host] congestion decision: bitrate=Some(825000) fps=None res_down=false ()
[host] congestion: bitrate -> 825000 bps (live)
[rig-host] congestion decision: bitrate=Some(618750) fps=None res_down=false ()
[host] congestion: bitrate -> 618750 bps (live)
[rig-host] loop alive, host=Connected
[rig-host] congestion decision: bitrate=Some(500000) fps=None res_down=false ()
[host] congestion: bitrate -> 500000 bps (live)
[rig-host] loop alive, host=Connected
[rig-host] loop alive, host=Connected
[rig-host] loop alive, host=Connected
[rig-host] loop alive, host=Connected
[rig-host] loop alive, host=Connected
[rig-host] loop alive, host=Connected
[rig-host] loop alive, host=Connected
[rig-host] loop alive, host=Connected
[rig-host] loop alive, host=Connected
[rig-host] loop alive, host=Connected
[rig-host] loop alive, host=Connected
[rig-host] loop alive, host=Connected
[rig-host] congestion decision: bitrate=Some(800000) fps=None res_down=false ()
[host] congestion: bitrate -> 800000 bps (live)
[rig-host] congestion decision: bitrate=Some(1100000) fps=None res_down=false ()
[host] congestion: bitrate -> 1100000 bps (live)
[rig-host] loop alive, host=Connected
[rig-host] loop alive, host=Connected
[rig-host] congestion decision: bitrate=Some(1400000) fps=None res_down=false ()
[host] congestion: bitrate -> 1400000 bps (live)
[rig-host] loop alive, host=Connected
[rig-host] loop alive, host=Connected
[rig-host] congestion decision: bitrate=Some(1050000) fps=None res_down=false ()
[host] congestion: bitrate -> 1050000 bps (live)
[rig-host] loop alive, host=Connected
[rig-host] congestion decision: bitrate=Some(787500) fps=None res_down=false ()
[host] congestion: bitrate -> 787500 bps (live)
[rig-host] congestion decision: bitrate=Some(590625) fps=None res_down=false ()
[host] congestion: bitrate -> 590625 bps (live)
[rig-host] loop alive, host=Connected
[rig-host] loop alive, host=Connected
[rig-host] loop alive, host=Connected
[rig-host] loop alive, host=Connected
[rig-host] loop alive, host=Connected
[rig-host] loop alive, host=Connected
[rig-host] loop alive, host=Connected
[rig-host] loop alive, host=Connected
[rig-host] loop alive, host=Connected
[rig-host] congestion decision: bitrate=Some(890625) fps=None res_down=false ()
[host] congestion: bitrate -> 890625 bps (live)
[rig-host] loop alive, host=Connected
[rig-host] congestion decision: bitrate=Some(667968) fps=None res_down=false ()
[host] congestion: bitrate -> 667968 bps (live)
[rig-host] loop alive, host=Connected
[rig-host] congestion decision: bitrate=Some(967968) fps=None res_down=false ()
[host] congestion: bitrate -> 967968 bps (live)
[rig-host] loop alive, host=Connected
[rig-host] loop alive, host=Connected
[rig-host] congestion decision: bitrate=Some(1267968) fps=None res_down=false ()
[host] congestion: bitrate -> 1267968 bps (live)
[rig-host] loop alive, host=Connected
[rig-host] loop alive, host=Connected
[rig-host] congestion decision: bitrate=Some(950976) fps=None res_down=false ()
[host] congestion: bitrate -> 950976 bps (live)
[rig-host] loop alive, host=Connected
[rig-host] loop alive, host=Connected
[rig-host] congestion decision: bitrate=Some(713232) fps=None res_down=false ()
[host] congestion: bitrate -> 713232 bps (live)
[rig-host] congestion decision: bitrate=Some(534924) fps=None res_down=false ()
[host] congestion: bitrate -> 534924 bps (live)
[rig-host] loop alive, host=Connected
[rig-host] loop alive, host=Connected
[rig-host] loop alive, host=Connected
[rig-host] loop alive, host=Connected
[rig-host] loop alive, host=Connected
[rig-host] loop alive, host=Connected
[rig-host] loop alive, host=Connected
[rig-host] loop alive, host=Connected
[rig-host] loop alive, host=Connected
[rig-host] loop alive, host=Connected
[rig-host] loop alive, host=Connected
[rig-host] loop alive, host=Connected
[rig-host] loop alive, host=Connected
[rig-host] congestion decision: bitrate=Some(834924) fps=None res_down=false ()
[host] congestion: bitrate -> 834924 bps (live)
[rig-host] loop alive, host=Connected
[rig-host] loop alive, host=Connected
[rig-host] loop alive, host=Connected
[rig-host] congestion decision: bitrate=Some(626193) fps=None res_down=false ()
[host] congestion: bitrate -> 626193 bps (live)
[rig-host] loop alive, host=Connected
[rig-host] loop alive, host=Connected
[rig-host] congestion decision: bitrate=Some(500000) fps=None res_down=false ()
[host] congestion: bitrate -> 500000 bps (live)
[rig-host] loop alive, host=Connected
[rig-host] loop alive, host=Connected
[rig-host] loop alive, host=Connected
[rig-host] loop alive, host=Connected
[rig-host] loop alive, host=Connected
[rig-host] loop alive, host=Connected
[rig-host] loop alive, host=Connected
[rig-host] loop alive, host=Connected
[rig-host] loop alive, host=Connected
[rig-host] loop alive, host=Connected
[rig-host] loop alive, host=Connected
[rig-host] loop alive, host=Connected
[rig-host] loop alive, host=Connected
[rig-host] loop alive, host=Connected
[rig-host] loop alive, host=Connected
[rig-host] congestion decision: bitrate=Some(800000) fps=None res_down=false ()
[host] congestion: bitrate -> 800000 bps (live)
[rig-host] loop alive, host=Connected
[rig-host] loop alive, host=Connected
[rig-host] loop alive, host=Connected
[rig-host] congestion decision: bitrate=Some(600000) fps=None res_down=false ()
[host] congestion: bitrate -> 600000 bps (live)
[rig-host] congestion decision: bitrate=Some(500000) fps=None res_down=false ()
[host] congestion: bitrate -> 500000 bps (live)
[rig-host] loop alive, host=Connected
[rig-host] loop alive, host=Connected
[rig-host] loop alive, host=Connected
[rig-host] loop alive, host=Connected
[rig-host] loop alive, host=Connected
[rig-host] loop alive, host=Connected
[rig-host] congestion decision: bitrate=Some(800000) fps=None res_down=false ()
[host] congestion: bitrate -> 800000 bps (live)
[rig-host] loop alive, host=Connected
[rig-host] loop alive, host=Connected
[rig-host] loop alive, host=Connected
[rig-host] congestion decision: bitrate=Some(600000) fps=None res_down=false ()
[host] congestion: bitrate -> 600000 bps (live)
[rig-host] congestion decision: bitrate=Some(500000) fps=None res_down=false ()
[host] congestion: bitrate -> 500000 bps (live)
[rig-host] loop alive, host=Connected
[rig-host] loop alive, host=Connected
[rig-host] loop alive, host=Connected
[rig-host] loop alive, host=Connected
[rig-host] loop alive, host=Connected
[rig-host] loop alive, host=Connected
[rig-host] loop alive, host=Connected
[rig-host] loop alive, host=Connected
[rig-host] loop alive, host=Connected
[rig-host] loop alive, host=Connected
[rig-host] loop alive, host=Connected
[rig-host] loop alive, host=Connected
[rig-host] congestion decision: bitrate=Some(800000) fps=None res_down=false ()
[host] congestion: bitrate -> 800000 bps (live)
[rig-host] congestion decision: bitrate=Some(1100000) fps=None res_down=false ()
[host] congestion: bitrate -> 1100000 bps (live)
[rig-host] loop alive, host=Connected
[rig-host] loop alive, host=Connected
[rig-host] loop alive, host=Connected
[rig-host] congestion decision: bitrate=Some(825000) fps=None res_down=false ()
[host] congestion: bitrate -> 825000 bps (live)
[rig-host] loop alive, host=Connected
[rig-host] congestion decision: bitrate=Some(618750) fps=None res_down=false ()
[host] congestion: bitrate -> 618750 bps (live)
[rig-host] congestion decision: bitrate=Some(500000) fps=None res_down=false ()
[host] congestion: bitrate -> 500000 bps (live)
[rig-host] loop alive, host=Connected
[rig-host] loop alive, host=Connected
[rig-host] loop alive, host=Connected
[rig-host] loop alive, host=Connected
[rig-host] congestion decision: bitrate=Some(800000) fps=None res_down=false ()
[host] congestion: bitrate -> 800000 bps (live)
[rig-host] loop alive, host=Connected
[rig-host] congestion decision: bitrate=Some(1100000) fps=None res_down=false ()
[host] congestion: bitrate -> 1100000 bps (live)
[rig-host] congestion decision: bitrate=Some(1400000) fps=None res_down=false ()
[host] congestion: bitrate -> 1400000 bps (live)
[rig-host] loop alive, host=Connected
[rig-host] loop alive, host=Connected
[rig-host] congestion decision: bitrate=Some(700000) fps=None res_down=false ()
[host] congestion: bitrate -> 700000 bps (live)
[rig-host] congestion decision: bitrate=Some(525000) fps=None res_down=false ()
[host] congestion: bitrate -> 525000 bps (live)
[rig-host] loop alive, host=Connected
[rig-host] loop alive, host=Connected
[rig-host] congestion decision: bitrate=Some(825000) fps=None res_down=false ()
[host] congestion: bitrate -> 825000 bps (live)
[rig-host] congestion decision: bitrate=Some(1125000) fps=None res_down=false ()
[host] congestion: bitrate -> 1125000 bps (live)
[rig-host] loop alive, host=Connected
[rig-host] congestion decision: bitrate=Some(1425000) fps=None res_down=false ()
[host] congestion: bitrate -> 1425000 bps (live)
[rig-host] congestion decision: bitrate=Some(1725000) fps=Some(30) res_down=false (bandwidth collapsed: fps cap applied)
[host] congestion: fps cap 15 -> 30
[host] congestion: bitrate -> 1725000 bps (live)
[rig-host] loop alive, host=Connected
[rig-host] loop alive, host=Connected
[rig-host] congestion decision: bitrate=Some(1293750) fps=None res_down=false ()
[host] congestion: bitrate -> 1293750 bps (live)
[rig-host] loop alive, host=Connected
[rig-host] congestion decision: bitrate=Some(970312) fps=Some(15) res_down=false (bandwidth collapsed: fps cap applied)
[host] congestion: fps cap 30 -> 15
[host] congestion: bitrate -> 970312 bps (live)
[rig-host] loop alive, host=Connected
[rig-host] congestion decision: bitrate=Some(727734) fps=None res_down=false ()
[host] congestion: bitrate -> 727734 bps (live)
[rig-host] congestion decision: bitrate=Some(545800) fps=None res_down=false ()
[host] congestion: bitrate -> 545800 bps (live)
[rig-host] loop alive, host=Connected
[rig-host] loop alive, host=Connected
[rig-host] congestion decision: bitrate=Some(845800) fps=None res_down=false ()
[host] congestion: bitrate -> 845800 bps (live)
[rig-host] loop alive, host=Connected
[rig-host] loop alive, host=Connected
[rig-host] loop alive, host=Connected
[rig-host] loop alive, host=Connected
[rig-host] congestion decision: bitrate=Some(500000) fps=None res_down=false ()
[host] congestion: bitrate -> 500000 bps (live)
[rig-host] loop alive, host=Connected
[rig-host] loop alive, host=Connected
[rig-host] loop alive, host=Connected
[rig-host] congestion decision: bitrate=Some(800000) fps=None res_down=false ()
[host] congestion: bitrate -> 800000 bps (live)
[rig-host] loop alive, host=Connected
[rig-host] loop alive, host=Connected
[rig-host] congestion decision: bitrate=Some(600000) fps=None res_down=false ()
[host] congestion: bitrate -> 600000 bps (live)
[rig-host] loop alive, host=Connected
[rig-host] loop alive, host=Connected
[rig-host] congestion decision: bitrate=Some(500000) fps=None res_down=false ()
[host] congestion: bitrate -> 500000 bps (live)
[rig-host] loop alive, host=Connected
[rig-host] loop alive, host=Connected
[rig-host] loop alive, host=Connected
[rig-host] loop alive, host=Connected
[rig-host] loop alive, host=Connected
[rig-host] loop alive, host=Connected
[rig-host] loop alive, host=Connected
[rig-host] congestion decision: bitrate=Some(800000) fps=None res_down=false ()
[host] congestion: bitrate -> 800000 bps (live)
[rig-host] loop alive, host=Connected
[rig-host] loop alive, host=Connected
[rig-host] congestion decision: bitrate=Some(600000) fps=None res_down=false ()
[host] congestion: bitrate -> 600000 bps (live)
[rig-host] loop alive, host=Connected
[rig-host] congestion decision: bitrate=Some(500000) fps=None res_down=false ()
[host] congestion: bitrate -> 500000 bps (live)
[rig-host] loop alive, host=Connected
[rig-host] congestion decision: bitrate=Some(800000) fps=None res_down=false ()
[host] congestion: bitrate -> 800000 bps (live)
[rig-host] loop alive, host=Connected
[rig-host] loop alive, host=Connected
[rig-host] congestion decision: bitrate=Some(600000) fps=None res_down=false ()
[host] congestion: bitrate -> 600000 bps (live)
[rig-host] loop alive, host=Connected
[rig-host] loop alive, host=Connected
[rig-host] congestion decision: bitrate=Some(500000) fps=None res_down=false ()
[host] congestion: bitrate -> 500000 bps (live)
[rig-host] loop alive, host=Connected
[rig-host] loop alive, host=Connected
[rig-host] loop alive, host=Connected
[rig-host] loop alive, host=Connected
[rig-host] loop alive, host=Connected
[rig-host] loop alive, host=Connected
[rig-host] loop alive, host=Connected
[rig-host] loop alive, host=Connected
[rig-host] loop alive, host=Connected
[rig-host] loop alive, host=Connected
[rig-host] loop alive, host=Connected
[rig-host] loop alive, host=Connected
[rig-host] loop alive, host=Connected
[rig-host] loop alive, host=Connected
[rig-host] loop alive, host=Connected
[rig-host] loop alive, host=Connected
[rig-host] congestion decision: bitrate=Some(800000) fps=None res_down=false ()
[host] congestion: bitrate -> 800000 bps (live)
[rig-host] loop alive, host=Connected
[rig-host] congestion decision: bitrate=Some(1100000) fps=None res_down=false ()
[host] congestion: bitrate -> 1100000 bps (live)
[rig-host] loop alive, host=Connected
[rig-host] congestion decision: bitrate=Some(825000) fps=None res_down=false ()
[host] congestion: bitrate -> 825000 bps (live)
[rig-host] loop alive, host=Connected
[rig-host] loop alive, host=Connected
[rig-host] loop alive, host=Connected
[rig-host] congestion decision: bitrate=Some(618750) fps=None res_down=false ()
[host] congestion: bitrate -> 618750 bps (live)
[rig-host] loop alive, host=Connected
[rig-host] congestion decision: bitrate=Some(500000) fps=None res_down=false ()
[host] congestion: bitrate -> 500000 bps (live)
[rig-host] loop alive, host=Connected
[rig-host] loop alive, host=Connected
[rig-host] loop alive, host=Connected
[rig-host] loop alive, host=Connected
[rig-host] loop alive, host=Connected
[rig-host] loop alive, host=Connected
[rig-host] congestion decision: bitrate=Some(800000) fps=None res_down=false ()
[host] congestion: bitrate -> 800000 bps (live)
[rig-host] congestion decision: bitrate=Some(1100000) fps=None res_down=false ()
[host] congestion: bitrate -> 1100000 bps (live)
[rig-host] loop alive, host=Connected
[rig-host] congestion decision: bitrate=Some(1400000) fps=None res_down=false ()
[host] congestion: bitrate -> 1400000 bps (live)
[rig-host] congestion decision: bitrate=Some(1700000) fps=Some(30) res_down=false (bandwidth collapsed: fps cap applied)
[host] congestion: fps cap 15 -> 30
[host] congestion: bitrate -> 1700000 bps (live)
[rig-host] loop alive, host=Connected
[rig-host] congestion decision: bitrate=Some(1275000) fps=None res_down=false ()
[host] congestion: bitrate -> 1275000 bps (live)
[rig-host] loop alive, host=Connected
[rig-host] congestion decision: bitrate=Some(956250) fps=None res_down=false ()
[host] congestion: bitrate -> 956250 bps (live)
[rig-host] congestion decision: bitrate=Some(717187) fps=None res_down=false ()
[host] congestion: bitrate -> 717187 bps (live)
[rig-host] loop alive, host=Connected
[rig-host] congestion decision: bitrate=Some(537890) fps=Some(15) res_down=false (bandwidth collapsed: fps cap applied)
[host] congestion: fps cap 30 -> 15
[host] congestion: bitrate -> 537890 bps (live)
[rig-host] loop alive, host=Connected
[rig-host] loop alive, host=Connected
[rig-host] loop alive, host=Connected
[rig-host] loop alive, host=Connected
[rig-host] loop alive, host=Connected
[rig-host] congestion decision: bitrate=Some(837890) fps=None res_down=false ()
[host] congestion: bitrate -> 837890 bps (live)
[rig-host] loop alive, host=Connected
[rig-host] loop alive, host=Connected
[rig-host] congestion decision: bitrate=Some(628417) fps=None res_down=false ()
[host] congestion: bitrate -> 628417 bps (live)
[rig-host] loop alive, host=Connected
[rig-host] loop alive, host=Connected
[rig-host] congestion decision: bitrate=Some(500000) fps=None res_down=false ()
[host] congestion: bitrate -> 500000 bps (live)
[rig-host] loop alive, host=Connected
[rig-host] loop alive, host=Connected
[rig-host] loop alive, host=Connected
[rig-host] loop alive, host=Connected
[rig-host] loop alive, host=Connected
[rig-host] loop alive, host=Connected
[rig-host] loop alive, host=Connected
[rig-host] loop alive, host=Connected
[rig-host] loop alive, host=Connected
[rig-host] loop alive, host=Connected
[rig-host] loop alive, host=Connected
[rig-host] loop alive, host=Connected
[rig-host] loop alive, host=Connected
[rig-host] loop alive, host=Connected
[rig-host] loop alive, host=Connected
[rig-host] loop alive, host=Connected
[rig-host] loop alive, host=Connected
[rig-host] loop alive, host=Connected
[rig-host] loop alive, host=Connected
[rig-host] loop alive, host=Connected
[rig-host] loop alive, host=Connected
[rig-host] loop alive, host=Connected
[rig-host] loop alive, host=Connected
[rig-host] loop alive, host=Connected
[rig-host] loop alive, host=Connected
[rig-host] loop alive, host=Connected
[rig-host] loop alive, host=Connected
[rig-host] loop alive, host=Connected
[rig-host] congestion decision: bitrate=Some(800000) fps=None res_down=false ()
[host] congestion: bitrate -> 800000 bps (live)
[rig-host] congestion decision: bitrate=Some(1100000) fps=None res_down=false ()
[host] congestion: bitrate -> 1100000 bps (live)
[rig-host] loop alive, host=Connected
[rig-host] congestion decision: bitrate=Some(825000) fps=None res_down=false ()
[host] congestion: bitrate -> 825000 bps (live)
[rig-host] loop alive, host=Connected
[rig-host] loop alive, host=Connected
[rig-host] congestion decision: bitrate=Some(618750) fps=None res_down=false ()
[host] congestion: bitrate -> 618750 bps (live)
[rig-host] loop alive, host=Connected
[rig-host] loop alive, host=Connected
[rig-host] loop alive, host=Connected
[rig-host] loop alive, host=Connected
[rig-host] congestion decision: bitrate=Some(500000) fps=None res_down=false ()
[host] congestion: bitrate -> 500000 bps (live)
[rig-host] loop alive, host=Connected
[rig-host] loop alive, host=Connected
[rig-host] loop alive, host=Connected
[rig-host] loop alive, host=Connected
[rig-host] loop alive, host=Connected
[rig-host] loop alive, host=Connected
[rig-host] loop alive, host=Connected
[rig-host] loop alive, host=Connected
[rig-host] loop alive, host=Connected
[rig-host] loop alive, host=Connected
[rig-host] loop alive, host=Connected
[rig-host] loop alive, host=Connected
[rig-host] loop alive, host=Connected
[rig-host] loop alive, host=Connected
[rig-host] loop alive, host=Connected
[rig-host] loop alive, host=Connected
[rig-host] loop alive, host=Connected
[rig-host] loop alive, host=Connected
[rig-host] loop alive, host=Connected
[rig-host] loop alive, host=Connected
[rig-host] loop alive, host=Connected
[rig-host] congestion decision: bitrate=Some(800000) fps=None res_down=false ()
[host] congestion: bitrate -> 800000 bps (live)
[rig-host] loop alive, host=Connected
[rig-host] loop alive, host=Connected
[rig-host] congestion decision: bitrate=Some(1100000) fps=None res_down=false ()
[host] congestion: bitrate -> 1100000 bps (live)
[rig-host] loop alive, host=Connected
[rig-host] congestion decision: bitrate=Some(1400000) fps=None res_down=false ()
[host] congestion: bitrate -> 1400000 bps (live)
[rig-host] congestion decision: bitrate=Some(1700000) fps=Some(30) res_down=false (bandwidth collapsed: fps cap applied)
[host] congestion: fps cap 15 -> 30
[host] congestion: bitrate -> 1700000 bps (live)
[rig-host] loop alive, host=Connected
[rig-host] congestion decision: bitrate=Some(1275000) fps=None res_down=false ()
[host] congestion: bitrate -> 1275000 bps (live)
[rig-host] loop alive, host=Connected
[rig-host] loop alive, host=Connected
[rig-host] congestion decision: bitrate=Some(956250) fps=Some(15) res_down=false (bandwidth collapsed: fps cap applied)
[host] congestion: fps cap 30 -> 15
[host] congestion: bitrate -> 956250 bps (live)
[rig-host] congestion decision: bitrate=Some(717187) fps=None res_down=false ()
[host] congestion: bitrate -> 717187 bps (live)
[rig-host] loop alive, host=Connected
[rig-host] congestion decision: bitrate=Some(537890) fps=None res_down=false ()
[host] congestion: bitrate -> 537890 bps (live)
[rig-host] loop alive, host=Connected
[rig-host] loop alive, host=Connected
[rig-host] loop alive, host=Connected
[rig-host] loop alive, host=Connected
[rig-host] loop alive, host=Connected
[rig-host] loop alive, host=Connected
[rig-host] loop alive, host=Connected
[rig-host] loop alive, host=Connected
[rig-host] loop alive, host=Connected
[rig-host] loop alive, host=Connected
[rig-host] loop alive, host=Connected
[rig-host] loop alive, host=Connected
[rig-host] loop alive, host=Connected
[rig-host] loop alive, host=Connected
[rig-host] congestion decision: bitrate=Some(837890) fps=None res_down=false ()
[host] congestion: bitrate -> 837890 bps (live)
[rig-host] loop alive, host=Connected
[rig-host] loop alive, host=Connected
[rig-host] congestion decision: bitrate=Some(628417) fps=None res_down=false ()
[host] congestion: bitrate -> 628417 bps (live)
[rig-host] loop alive, host=Connected
[rig-host] congestion decision: bitrate=Some(500000) fps=None res_down=false ()
[host] congestion: bitrate -> 500000 bps (live)
[rig-host] loop alive, host=Connected
[rig-host] loop alive, host=Connected
[rig-host] loop alive, host=Connected
[rig-host] loop alive, host=Connected
[rig-host] loop alive, host=Connected
[rig-host] loop alive, host=Connected
[rig-host] loop alive, host=Connected
[rig-host] loop alive, host=Connected
[rig-host] loop alive, host=Connected
[rig-host] loop alive, host=Connected
[rig-host] loop alive, host=Connected
[rig-host] loop alive, host=Connected
[rig-host] loop alive, host=Connected
[rig-host] loop alive, host=Connected
[rig-host] loop alive, host=Connected
[rig-host] loop alive, host=Connected
[rig-host] loop alive, host=Connected
[rig-host] loop alive, host=Connected
[rig-host] loop alive, host=Connected
[rig-host] loop alive, host=Connected
[rig-host] loop alive, host=Connected
[rig-host] congestion decision: bitrate=Some(800000) fps=None res_down=false ()
[host] congestion: bitrate -> 800000 bps (live)
[rig-host] loop alive, host=Connected
[rig-host] loop alive, host=Connected
[rig-host] congestion decision: bitrate=Some(600000) fps=None res_down=false ()
[host] congestion: bitrate -> 600000 bps (live)
[rig-host] loop alive, host=Connected
[rig-host] loop alive, host=Connected
[rig-host] congestion decision: bitrate=Some(500000) fps=None res_down=false ()
[host] congestion: bitrate -> 500000 bps (live)
[rig-host] loop alive, host=Connected
[rig-host] loop alive, host=Connected
[rig-host] loop alive, host=Connected
[rig-host] loop alive, host=Connected
[rig-host] loop alive, host=Connected
[rig-host] loop alive, host=Connected
[rig-host] loop alive, host=Connected
[rig-host] loop alive, host=Connected
[rig-host] loop alive, host=Connected
[rig-host] loop alive, host=Connected
[rig-host] loop alive, host=Connected
[rig-host] loop alive, host=Connected
[rig-host] loop alive, host=Connected
[rig-host] loop alive, host=Connected
[rig-host] loop alive, host=Connected
[rig-host] loop alive, host=Connected
[rig-host] loop alive, host=Connected
[rig-host] loop alive, host=Connected
[rig-host] loop alive, host=Connected
[rig-host] loop alive, host=Connected
[rig-host] loop alive, host=Connected
[rig-host] loop alive, host=Connected
[rig-host] loop alive, host=Connected
[rig-host] loop alive, host=Connected
[rig-host] loop alive, host=Connected
[rig-host] loop alive, host=Connected
[rig-host] loop alive, host=Connected
[rig-host] loop alive, host=Connected
[rig-host] loop alive, host=Connected
[rig-host] congestion decision: bitrate=Some(800000) fps=None res_down=false ()
[host] congestion: bitrate -> 800000 bps (live)
[rig-host] loop alive, host=Connected
[rig-host] congestion decision: bitrate=Some(600000) fps=None res_down=false ()
[host] congestion: bitrate -> 600000 bps (live)
[rig-host] loop alive, host=Connected
[rig-host] congestion decision: bitrate=Some(500000) fps=None res_down=false ()
[host] congestion: bitrate -> 500000 bps (live)
[rig-host] loop alive, host=Connected
[rig-host] congestion decision: bitrate=Some(800000) fps=None res_down=false ()
[host] congestion: bitrate -> 800000 bps (live)
[rig-host] loop alive, host=Connected
[rig-host] loop alive, host=Connected
[rig-host] loop alive, host=Connected
[rig-host] loop alive, host=Connected
[rig-host] congestion decision: bitrate=Some(600000) fps=None res_down=false ()
[host] congestion: bitrate -> 600000 bps (live)
[rig-host] loop alive, host=Connected
[rig-host] congestion decision: bitrate=Some(500000) fps=None res_down=false ()
[host] congestion: bitrate -> 500000 bps (live)
[rig-host] loop alive, host=Connected
[rig-host] loop alive, host=Connected
[rig-host] loop alive, host=Connected
[rig-host] loop alive, host=Connected
[rig-host] loop alive, host=Connected
[rig-host] loop alive, host=Connected
[rig-host] loop alive, host=Connected
[rig-host] loop alive, host=Connected
[rig-host] loop alive, host=Connected
[rig-host] loop alive, host=Connected
[rig-host] congestion decision: bitrate=Some(800000) fps=None res_down=false ()
[host] congestion: bitrate -> 800000 bps (live)
[rig-host] loop alive, host=Connected
[rig-host] loop alive, host=Connected
[rig-host] congestion decision: bitrate=Some(500000) fps=None res_down=false ()
[host] congestion: bitrate -> 500000 bps (live)
[rig-host] loop alive, host=Connected
[rig-host] loop alive, host=Connected
[rig-host] loop alive, host=Connected
[rig-host] loop alive, host=Connected
[rig-host] loop alive, host=Connected
[rig-host] loop alive, host=Connected
[rig-host] loop alive, host=Connected
[rig-host] loop alive, host=Connected
[rig-host] loop alive, host=Connected
[rig-host] congestion decision: bitrate=Some(800000) fps=None res_down=false ()
[host] congestion: bitrate -> 800000 bps (live)
[rig-host] loop alive, host=Connected
[rig-host] congestion decision: bitrate=Some(600000) fps=None res_down=false ()
[host] congestion: bitrate -> 600000 bps (live)
[rig-host] loop alive, host=Connected
[rig-host] congestion decision: bitrate=Some(500000) fps=None res_down=false ()
[host] congestion: bitrate -> 500000 bps (live)
[rig-host] loop alive, host=Connected
[rig-host] congestion decision: bitrate=Some(800000) fps=None res_down=false ()
[host] congestion: bitrate -> 800000 bps (live)
[rig-host] loop alive, host=Connected
[rig-host] congestion decision: bitrate=Some(600000) fps=None res_down=false ()
[host] congestion: bitrate -> 600000 bps (live)
[rig-host] loop alive, host=Connected
[rig-host] congestion decision: bitrate=Some(500000) fps=None res_down=false ()
[host] congestion: bitrate -> 500000 bps (live)
[rig-host] loop alive, host=Connected
[rig-host] loop alive, host=Connected
[rig-host] loop alive, host=Connected
[rig-host] loop alive, host=Connected
[rig-host] loop alive, host=Connected
[rig-host] loop alive, host=Connected
[rig-host] loop alive, host=Connected
[rig-host] loop alive, host=Connected
[rig-host] loop alive, host=Connected
[rig-host] loop alive, host=Connected
[rig-host] loop alive, host=Connected
[rig-host] loop alive, host=Connected
[rig-host] loop alive, host=Connected
[rig-host] loop alive, host=Connected
[rig-host] loop alive, host=Connected
[rig-host] loop alive, host=Connected
[rig-host] loop alive, host=Connected
[rig-host] loop alive, host=Connected
[rig-host] loop alive, host=Connected
[rig-host] loop alive, host=Connected
[rig-host] loop alive, host=Connected
[rig-host] loop alive, host=Connected
[rig-host] loop alive, host=Connected
[rig-host] loop alive, host=Connected
[rig-host] loop alive, host=Connected
[rig-host] loop alive, host=Connected
[rig-host] loop alive, host=Connected
[rig-host] loop alive, host=Connected
[rig-host] loop alive, host=Connected
[rig-host] loop alive, host=Connected
[rig-host] loop alive, host=Connected
[rig-host] loop alive, host=Connected
[rig-host] loop alive, host=Connected
[rig-host] congestion decision: bitrate=Some(800000) fps=None res_down=false ()
[host] congestion: bitrate -> 800000 bps (live)
[rig-host] loop alive, host=Connected
[rig-host] congestion decision: bitrate=Some(600000) fps=None res_down=false ()
[host] congestion: bitrate -> 600000 bps (live)
[rig-host] congestion decision: bitrate=Some(500000) fps=None res_down=false ()
[host] congestion: bitrate -> 500000 bps (live)
[rig-host] loop alive, host=Connected
[rig-host] loop alive, host=Connected
[rig-host] loop alive, host=Connected
[rig-host] loop alive, host=Connected
[rig-host] loop alive, host=Connected
[rig-host] loop alive, host=Connected
[rig-host] loop alive, host=Connected
[rig-host] loop alive, host=Connected
[rig-host] loop alive, host=Connected
[rig-host] loop alive, host=Connected
[rig-host] loop alive, host=Connected
[rig-host] loop alive, host=Connected
[rig-host] loop alive, host=Connected
[rig-host] loop alive, host=Connected
[rig-host] loop alive, host=Connected
[rig-host] loop alive, host=Connected
[rig-host] loop alive, host=Connected
[rig-host] loop alive, host=Connected
[rig-host] loop alive, host=Connected
[rig-host] loop alive, host=Connected
[rig-host] loop alive, host=Connected
[rig-host] loop alive, host=Connected
[rig-host] loop alive, host=Connected
[rig-host] loop alive, host=Connected
[rig-host] loop alive, host=Connected
[rig-host] loop alive, host=Connected
[rig-host] loop alive, host=Connected
[rig-host] loop alive, host=Connected
[rig-host] loop alive, host=Connected
[rig-host] loop alive, host=Connected
[rig-host] loop alive, host=Connected
[rig-host] loop alive, host=Connected
[rig-host] loop alive, host=Connected
[rig-host] loop alive, host=Connected
[rig-host] congestion decision: bitrate=Some(800000) fps=None res_down=false ()
[host] congestion: bitrate -> 800000 bps (live)
[rig-host] congestion decision: bitrate=Some(1100000) fps=None res_down=false ()
[host] congestion: bitrate -> 1100000 bps (live)
[rig-host] loop alive, host=Connected
[rig-host] congestion decision: bitrate=Some(1400000) fps=None res_down=false ()
[host] congestion: bitrate -> 1400000 bps (live)
[rig-host] loop alive, host=Connected
[rig-host] congestion decision: bitrate=Some(1050000) fps=None res_down=false ()
[host] congestion: bitrate -> 1050000 bps (live)
[rig-host] congestion decision: bitrate=Some(787500) fps=None res_down=false ()
[host] congestion: bitrate -> 787500 bps (live)
[rig-host] loop alive, host=Connected
[rig-host] loop alive, host=Connected
[rig-host] congestion decision: bitrate=Some(1087500) fps=None res_down=false ()
[host] congestion: bitrate -> 1087500 bps (live)
[rig-host] loop alive, host=Connected
[rig-host] loop alive, host=Connected
[rig-host] congestion decision: bitrate=Some(815625) fps=None res_down=false ()
[host] congestion: bitrate -> 815625 bps (live)
[rig-host] loop alive, host=Connected
[rig-host] congestion decision: bitrate=Some(611718) fps=None res_down=false ()
[host] congestion: bitrate -> 611718 bps (live)
[rig-host] congestion decision: bitrate=Some(500000) fps=None res_down=false ()
[host] congestion: bitrate -> 500000 bps (live)
[rig-host] loop alive, host=Connected
[rig-host] loop alive, host=Connected
[rig-host] congestion decision: bitrate=Some(800000) fps=None res_down=false ()
[host] congestion: bitrate -> 800000 bps (live)
[rig-host] loop alive, host=Connected
[rig-host] congestion decision: bitrate=Some(500000) fps=None res_down=false ()
[host] congestion: bitrate -> 500000 bps (live)
[rig-host] loop alive, host=Connected
[rig-host] loop alive, host=Connected
[rig-host] loop alive, host=Connected
[rig-host] loop alive, host=Connected
[rig-host] congestion decision: bitrate=Some(800000) fps=None res_down=false ()
[host] congestion: bitrate -> 800000 bps (live)
[rig-host] loop alive, host=Connected
[rig-host] congestion decision: bitrate=Some(600000) fps=None res_down=false ()
[host] congestion: bitrate -> 600000 bps (live)
[rig-host] loop alive, host=Connected
[rig-host] congestion decision: bitrate=Some(500000) fps=None res_down=false ()
[host] congestion: bitrate -> 500000 bps (live)
[rig-host] loop alive, host=Connected
[rig-host] loop alive, host=Connected
[rig-host] loop alive, host=Connected
[rig-host] loop alive, host=Connected
[rig-host] loop alive, host=Connected
[rig-host] loop alive, host=Connected
[rig-host] loop alive, host=Connected
[rig-host] loop alive, host=Connected
[rig-host] loop alive, host=Connected
[rig-host] loop alive, host=Connected
[rig-host] loop alive, host=Connected
[rig-host] loop alive, host=Connected
[rig-host] loop alive, host=Connected
[rig-host] loop alive, host=Connected
[rig-host] loop alive, host=Connected
[rig-host] loop alive, host=Connected
[rig-host] loop alive, host=Connected
[rig-host] loop alive, host=Connected
[rig-host] loop alive, host=Connected
[rig-host] loop alive, host=Connected
[rig-host] loop alive, host=Connected
[rig-host] loop alive, host=Connected
[rig-host] congestion decision: bitrate=Some(800000) fps=None res_down=false ()
[host] congestion: bitrate -> 800000 bps (live)
[rig-host] loop alive, host=Connected
[rig-host] loop alive, host=Connected
[rig-host] loop alive, host=Connected
[rig-host] congestion decision: bitrate=Some(600000) fps=None res_down=false ()
[host] congestion: bitrate -> 600000 bps (live)
[rig-host] loop alive, host=Connected
[rig-host] loop alive, host=Connected
[rig-host] loop alive, host=Connected
[rig-host] loop alive, host=Connected
[rig-host] congestion decision: bitrate=Some(500000) fps=None res_down=false ()
[host] congestion: bitrate -> 500000 bps (live)
[rig-host] loop alive, host=Connected
[rig-host] loop alive, host=Connected
[rig-host] loop alive, host=Connected
[rig-host] congestion decision: bitrate=Some(800000) fps=None res_down=false ()
[host] congestion: bitrate -> 800000 bps (live)
[rig-host] loop alive, host=Connected
[rig-host] congestion decision: bitrate=Some(1100000) fps=None res_down=false ()
[host] congestion: bitrate -> 1100000 bps (live)
[rig-host] loop alive, host=Connected
[rig-host] congestion decision: bitrate=Some(825000) fps=None res_down=false ()
[host] congestion: bitrate -> 825000 bps (live)
[rig-host] congestion decision: bitrate=Some(618750) fps=None res_down=false ()
[host] congestion: bitrate -> 618750 bps (live)
[rig-host] loop alive, host=Connected
[rig-host] congestion decision: bitrate=Some(500000) fps=None res_down=false ()
[host] congestion: bitrate -> 500000 bps (live)
[rig-host] loop alive, host=Connected
[rig-host] loop alive, host=Connected
[rig-host] loop alive, host=Connected
[rig-host] congestion decision: bitrate=Some(800000) fps=None res_down=false ()
[host] congestion: bitrate -> 800000 bps (live)
[rig-host] loop alive, host=Connected
[rig-host] congestion decision: bitrate=Some(1100000) fps=None res_down=false ()
[host] congestion: bitrate -> 1100000 bps (live)
[rig-host] loop alive, host=Connected
[rig-host] loop alive, host=Connected
[rig-host] congestion decision: bitrate=Some(825000) fps=None res_down=false ()
[host] congestion: bitrate -> 825000 bps (live)
[rig-host] loop alive, host=Connected
[rig-host] congestion decision: bitrate=Some(1125000) fps=None res_down=false ()
[host] congestion: bitrate -> 1125000 bps (live)
[rig-host] loop alive, host=Connected
[rig-host] congestion decision: bitrate=Some(843750) fps=None res_down=false ()
[host] congestion: bitrate -> 843750 bps (live)
[rig-host] loop alive, host=Connected
[rig-host] loop alive, host=Connected
[rig-host] congestion decision: bitrate=Some(632812) fps=None res_down=false ()
[host] congestion: bitrate -> 632812 bps (live)
[rig-host] congestion decision: bitrate=Some(500000) fps=None res_down=false ()
[host] congestion: bitrate -> 500000 bps (live)
[rig-host] loop alive, host=Connected
[rig-host] loop alive, host=Connected
[rig-host] loop alive, host=Connected
[rig-host] congestion decision: bitrate=Some(800000) fps=None res_down=false ()
[host] congestion: bitrate -> 800000 bps (live)
[rig-host] loop alive, host=Connected
[rig-host] congestion decision: bitrate=Some(600000) fps=None res_down=false ()
[host] congestion: bitrate -> 600000 bps (live)
[rig-host] loop alive, host=Connected
[rig-host] congestion decision: bitrate=Some(900000) fps=None res_down=false ()
[host] congestion: bitrate -> 900000 bps (live)
[rig-host] loop alive, host=Connected
[rig-host] loop alive, host=Connected
[rig-host] loop alive, host=Connected
[rig-host] congestion decision: bitrate=Some(675000) fps=None res_down=false ()
[host] congestion: bitrate -> 675000 bps (live)
[rig-host] loop alive, host=Connected
[rig-host] loop alive, host=Connected
[rig-host] congestion decision: bitrate=Some(506250) fps=None res_down=false ()
[host] congestion: bitrate -> 506250 bps (live)
[rig-host] loop alive, host=Connected
[rig-host] loop alive, host=Connected
[rig-host] loop alive, host=Connected
[rig-host] loop alive, host=Connected
[rig-host] loop alive, host=Connected
[rig-host] loop alive, host=Connected
[rig-host] loop alive, host=Connected
[rig-host] loop alive, host=Connected
[rig-host] loop alive, host=Connected
[rig-host] loop alive, host=Connected
[rig-host] loop alive, host=Connected
[rig-host] loop alive, host=Connected
[rig-host] loop alive, host=Connected
[rig-host] loop alive, host=Connected
[rig-host] congestion decision: bitrate=Some(806250) fps=None res_down=false ()
[host] congestion: bitrate -> 806250 bps (live)
[rig-host] congestion decision: bitrate=Some(500000) fps=None res_down=false ()
[host] congestion: bitrate -> 500000 bps (live)
[rig-host] loop alive, host=Connected
[rig-host] loop alive, host=Connected
[rig-host] loop alive, host=Connected
[rig-host] loop alive, host=Connected
[rig-host] loop alive, host=Connected
[rig-host] loop alive, host=Connected
[rig-host] loop alive, host=Connected
[rig-host] loop alive, host=Connected
[rig-host] congestion decision: bitrate=Some(800000) fps=None res_down=false ()
[host] congestion: bitrate -> 800000 bps (live)
[rig-host] loop alive, host=Connected
[rig-host] congestion decision: bitrate=Some(500000) fps=None res_down=false ()
[host] congestion: bitrate -> 500000 bps (live)
[rig-host] loop alive, host=Connected
[rig-host] loop alive, host=Connected
[rig-host] loop alive, host=Connected
[rig-host] loop alive, host=Connected
[rig-host] loop alive, host=Connected
[rig-host] loop alive, host=Connected
[rig-host] loop alive, host=Connected
[rig-host] loop alive, host=Connected
[rig-host] loop alive, host=Connected
[rig-host] loop alive, host=Connected
[rig-host] loop alive, host=Connected
[rig-host] loop alive, host=Connected
[rig-host] loop alive, host=Connected
[rig-host] congestion decision: bitrate=Some(800000) fps=None res_down=false ()
[host] congestion: bitrate -> 800000 bps (live)
[rig-host] congestion decision: bitrate=Some(500000) fps=None res_down=false ()
[host] congestion: bitrate -> 500000 bps (live)
[rig-host] loop alive, host=Connected
[rig-host] loop alive, host=Connected
[rig-host] loop alive, host=Connected
[rig-host] loop alive, host=Connected
[rig-host] congestion decision: bitrate=Some(800000) fps=None res_down=false ()
[host] congestion: bitrate -> 800000 bps (live)
[rig-host] loop alive, host=Connected
[rig-host] congestion decision: bitrate=Some(600000) fps=None res_down=false ()
[host] congestion: bitrate -> 600000 bps (live)
[rig-host] loop alive, host=Connected
[rig-host] loop alive, host=Connected
[rig-host] loop alive, host=Connected
[rig-host] congestion decision: bitrate=Some(500000) fps=None res_down=false ()
[host] congestion: bitrate -> 500000 bps (live)
[rig-host] loop alive, host=Connected
[rig-host] loop alive, host=Connected
[rig-host] loop alive, host=Connected
[rig-host] loop alive, host=Connected
[rig-host] loop alive, host=Connected
[rig-host] loop alive, host=Connected
[rig-host] loop alive, host=Connected
[rig-host] loop alive, host=Connected
[rig-host] loop alive, host=Connected
[rig-host] loop alive, host=Connected
[rig-host] loop alive, host=Connected
[rig-host] loop alive, host=Connected
[rig-host] loop alive, host=Connected
[rig-host] loop alive, host=Connected
[rig-host] loop alive, host=Connected
[rig-host] loop alive, host=Connected
[rig-host] loop alive, host=Connected
[rig-host] congestion decision: bitrate=Some(800000) fps=None res_down=false ()
[host] congestion: bitrate -> 800000 bps (live)
[rig-host] loop alive, host=Connected
[rig-host] congestion decision: bitrate=Some(600000) fps=None res_down=false ()
[host] congestion: bitrate -> 600000 bps (live)
[rig-host] loop alive, host=Connected
[rig-host] congestion decision: bitrate=Some(500000) fps=None res_down=false ()
[host] congestion: bitrate -> 500000 bps (live)
[rig-host] loop alive, host=Connected
[rig-host] loop alive, host=Connected
[rig-host] loop alive, host=Connected
[rig-host] loop alive, host=Connected
[rig-host] loop alive, host=Connected
[rig-host] congestion decision: bitrate=Some(800000) fps=None res_down=false ()
[host] congestion: bitrate -> 800000 bps (live)
[rig-host] loop alive, host=Connected
[rig-host] loop alive, host=Connected
[rig-host] congestion decision: bitrate=Some(600000) fps=None res_down=false ()
[host] congestion: bitrate -> 600000 bps (live)
[rig-host] loop alive, host=Connected
[rig-host] loop alive, host=Connected
[rig-host] loop alive, host=Connected
[rig-host] congestion decision: bitrate=Some(500000) fps=None res_down=false ()
[host] congestion: bitrate -> 500000 bps (live)
[rig-host] loop alive, host=Connected
[rig-host] loop alive, host=Connected
[rig-host] loop alive, host=Connected
[rig-host] loop alive, host=Connected
[rig-host] loop alive, host=Connected
[rig-host] congestion decision: bitrate=Some(800000) fps=None res_down=false ()
[host] congestion: bitrate -> 800000 bps (live)
[rig-host] loop alive, host=Connected
[rig-host] loop alive, host=Connected
[rig-host] congestion decision: bitrate=Some(1100000) fps=None res_down=false ()
[host] congestion: bitrate -> 1100000 bps (live)
[rig-host] loop alive, host=Connected
[rig-host] loop alive, host=Connected
[rig-host] loop alive, host=Connected
[rig-host] congestion decision: bitrate=Some(1400000) fps=None res_down=false ()
[host] congestion: bitrate -> 1400000 bps (live)
[rig-host] loop alive, host=Connected
[rig-host] congestion decision: bitrate=Some(1050000) fps=None res_down=false ()
[host] congestion: bitrate -> 1050000 bps (live)
[rig-host] loop alive, host=Connected
[rig-host] loop alive, host=Connected
[rig-host] congestion decision: bitrate=Some(787500) fps=None res_down=false ()
[host] congestion: bitrate -> 787500 bps (live)
[rig-host] loop alive, host=Connected
[rig-host] loop alive, host=Connected
[rig-host] congestion decision: bitrate=Some(590625) fps=None res_down=false ()
[host] congestion: bitrate -> 590625 bps (live)
[rig-host] loop alive, host=Connected
[rig-host] congestion decision: bitrate=Some(890625) fps=None res_down=false ()
[host] congestion: bitrate -> 890625 bps (live)
[rig-host] loop alive, host=Connected
[rig-host] loop alive, host=Connected
[rig-host] congestion decision: bitrate=Some(667968) fps=None res_down=false ()
[host] congestion: bitrate -> 667968 bps (live)
[rig-host] loop alive, host=Connected
[rig-host] loop alive, host=Connected
[rig-host] congestion decision: bitrate=Some(500976) fps=None res_down=false ()
[host] congestion: bitrate -> 500976 bps (live)
[rig-host] loop alive, host=Connected
[rig-host] loop alive, host=Connected
[rig-host] loop alive, host=Connected
[rig-host] loop alive, host=Connected
[rig-host] loop alive, host=Connected
[rig-host] loop alive, host=Connected
[rig-host] congestion decision: bitrate=Some(800976) fps=None res_down=false ()
[host] congestion: bitrate -> 800976 bps (live)
[rig-host] loop alive, host=Connected
[rig-host] congestion decision: bitrate=Some(500000) fps=None res_down=false ()
[host] congestion: bitrate -> 500000 bps (live)
[rig-host] loop alive, host=Connected
[rig-host] loop alive, host=Connected
[rig-host] loop alive, host=Connected
[rig-host] loop alive, host=Connected
[rig-host] loop alive, host=Connected
[rig-host] congestion decision: bitrate=Some(800000) fps=None res_down=false ()
[host] congestion: bitrate -> 800000 bps (live)
[rig-host] loop alive, host=Connected
[rig-host] congestion decision: bitrate=Some(1100000) fps=None res_down=false ()
[host] congestion: bitrate -> 1100000 bps (live)
[rig-host] loop alive, host=Connected
[rig-host] congestion decision: bitrate=Some(825000) fps=None res_down=false ()
[host] congestion: bitrate -> 825000 bps (live)
[rig-host] congestion decision: bitrate=Some(618750) fps=None res_down=false ()
[host] congestion: bitrate -> 618750 bps (live)
[rig-host] loop alive, host=Connected
[rig-host] loop alive, host=Connected
[rig-host] loop alive, host=Connected
[rig-host] loop alive, host=Connected
[rig-host] loop alive, host=Connected
[rig-host] congestion decision: bitrate=Some(500000) fps=None res_down=false ()
[host] congestion: bitrate -> 500000 bps (live)
[rig-host] loop alive, host=Connected
[rig-host] loop alive, host=Connected
[rig-host] loop alive, host=Connected
[rig-host] loop alive, host=Connected
[rig-host] loop alive, host=Connected
[rig-host] loop alive, host=Connected
[host] capture error: invalid capture state: duplication not started
[host] capture error: invalid capture state: duplication not started
[host] capture error: invalid capture state: duplication not started
[host] capture error: invalid capture state: duplication not started
[host] capture error: invalid capture state: duplication not started
[host] capture error: invalid capture state: duplication not started
[host] capture error: invalid capture state: duplication not started
[host] capture error: invalid capture state: duplication not started
[host] capture error: invalid capture state: duplication not started
[host] capture error: invalid capture state: duplication not started
[host] capture error: invalid capture state: duplication not started
[host] capture error: invalid capture state: duplication not started
[host] capture error: invalid capture state: duplication not started
[host] capture error: invalid capture state: duplication not started
[host] capture error: invalid capture state: duplication not started
[host] capture error: invalid capture state: duplication not started
[host] capture error: invalid capture state: duplication not started
[rig-host] loop alive, host=Connected
[host] capture error: invalid capture state: duplication not started
[host] capture error: invalid capture state: duplication not started
[host] capture error: invalid capture state: duplication not started
[host] capture error: invalid capture state: duplication not started
[host] capture error: invalid capture state: duplication not started
[host] capture error: invalid capture state: duplication not started
[host] capture error: invalid capture state: duplication not started
[host] capture error: invalid capture state: duplication not started
[host] capture error: invalid capture state: duplication not started
[host] capture error: invalid capture state: duplication not started
[host] capture error: invalid capture state: duplication not started
[host] capture error: invalid capture state: duplication not started
[host] capture error: invalid capture state: duplication not started
[host] capture error: invalid capture state: duplication not started
[host] capture error: invalid capture state: duplication not started
[host] capture error: invalid capture state: duplication not started
[host] capture error: invalid capture state: duplication not started
[host] capture error: invalid capture state: duplication not started
[host] capture error: invalid capture state: duplication not started
[rig-host] loop alive, host=Connected
[rig-host] congestion decision: bitrate=Some(800000) fps=None res_down=false ()
[host] capture error: invalid capture state: duplication not started
[host] congestion: bitrate -> 800000 bps (live)
[host] capture error: invalid capture state: duplication not started
[host] capture error: invalid capture state: duplication not started
[host] capture error: invalid capture state: duplication not started
[host] capture error: invalid capture state: duplication not started
[host] capture error: invalid capture state: duplication not started
[host] capture error: invalid capture state: duplication not started
[host] capture error: invalid capture state: duplication not started
[host] capture error: invalid capture state: duplication not started
[host] capture error: invalid capture state: duplication not started
[host] capture error: invalid capture state: duplication not started
[rig-host] congestion decision: bitrate=Some(1100000) fps=None res_down=false ()
[host] congestion: bitrate -> 1100000 bps (live)
[host] capture error: invalid capture state: duplication not started
[host] capture error: invalid capture state: duplication not started
[host] capture error: invalid capture state: duplication not started
[host] capture error: invalid capture state: duplication not started
[host] capture error: invalid capture state: duplication not started
[host] capture error: invalid capture state: duplication not started
[host] capture error: invalid capture state: duplication not started
[host] capture error: invalid capture state: duplication not started
[host] capture error: invalid capture state: duplication not started
[host] capture error: invalid capture state: duplication not started
[rig-host] loop alive, host=Connected
[rig-host] congestion decision: bitrate=Some(1400000) fps=None res_down=false ()
[host] congestion: bitrate -> 1400000 bps (live)
[host] capture error: invalid capture state: duplication not started
[host] capture error: invalid capture state: duplication not started
[host] capture error: invalid capture state: duplication not started
[host] capture error: invalid capture state: duplication not started
[host] capture error: invalid capture state: duplication not started
[host] capture error: invalid capture state: duplication not started
[host] capture error: invalid capture state: duplication not started
[host] capture error: invalid capture state: duplication not started
[host] capture error: invalid capture state: duplication not started
[host] capture error: invalid capture state: duplication not started
[rig-host] congestion decision: bitrate=Some(1700000) fps=Some(30) res_down=false (bandwidth collapsed: fps cap applied)
[host] congestion: bitrate -> 1700000 bps (live)
[host] congestion: fps cap 15 -> 30
[host] capture error: invalid capture state: duplication not started
[host] capture error: invalid capture state: duplication not started
[host] capture error: invalid capture state: duplication not started
[host] capture error: invalid capture state: duplication not started
[host] capture error: invalid capture state: duplication not started
[host] capture error: invalid capture state: duplication not started
[host] capture error: invalid capture state: duplication not started
[host] capture error: invalid capture state: duplication not started
[host] capture error: invalid capture state: duplication not started
[rig-host] loop alive, host=Connected
[rig-host] congestion decision: bitrate=Some(2000000) fps=None res_down=false ()
[host] capture error: invalid capture state: duplication not started
[host] congestion: bitrate -> 2000000 bps (live)
[host] capture error: invalid capture state: duplication not started
[host] capture error: invalid capture state: duplication not started
[host] capture error: invalid capture state: duplication not started
[host] capture error: invalid capture state: duplication not started
[host] capture error: invalid capture state: duplication not started
[host] capture error: invalid capture state: duplication not started
[host] capture error: invalid capture state: duplication not started
[host] capture error: invalid capture state: duplication not started
[host] capture error: invalid capture state: duplication not started
[rig-host] congestion decision: bitrate=Some(2300000) fps=None res_down=false ()
[host] congestion: bitrate -> 2300000 bps (live)
[host] capture error: invalid capture state: duplication not started
[host] capture error: invalid capture state: duplication not started
[host] capture error: invalid capture state: duplication not started
[host] capture error: invalid capture state: duplication not started
[host] capture error: invalid capture state: duplication not started
[host] capture error: invalid capture state: duplication not started
[host] capture error: invalid capture state: duplication not started
[host] capture error: invalid capture state: duplication not started
[host] capture error: invalid capture state: duplication not started
[host] capture error: invalid capture state: duplication not started
[rig-host] loop alive, host=Connected
[rig-host] congestion decision: bitrate=Some(2600000) fps=None res_down=false ()
[host] capture error: invalid capture state: duplication not started
[host] congestion: bitrate -> 2600000 bps (live)
[host] capture error: invalid capture state: duplication not started
[host] capture error: invalid capture state: duplication not started
[host] capture error: invalid capture state: duplication not started
[host] capture error: invalid capture state: duplication not started
[host] capture error: invalid capture state: duplication not started
[host] capture error: invalid capture state: duplication not started
[host] capture error: invalid capture state: duplication not started
[host] capture error: invalid capture state: duplication not started
[host] capture error: invalid capture state: duplication not started
[rig-host] congestion decision: bitrate=Some(2900000) fps=None res_down=false ()
[host] capture error: invalid capture state: duplication not started
[host] congestion: bitrate -> 2900000 bps (live)
[host] capture error: invalid capture state: duplication not started
[host] capture error: invalid capture state: duplication not started
[host] capture error: invalid capture state: duplication not started
[host] capture error: invalid capture state: duplication not started
[host] capture error: invalid capture state: duplication not started
[host] capture error: invalid capture state: duplication not started
[host] capture error: invalid capture state: duplication not started
[host] capture error: invalid capture state: duplication not started
[host] capture error: invalid capture state: duplication not started
[rig-host] loop alive, host=Connected
[rig-host] congestion decision: bitrate=Some(3200000) fps=Some(60) res_down=false (bandwidth recovered: fps cap lifted)
[host] congestion: bitrate -> 3200000 bps (live)
[host] congestion: fps cap 30 -> 60
[host] capture error: invalid capture state: duplication not started
[host] capture error: invalid capture state: duplication not started
[host] capture error: invalid capture state: duplication not started
[host] capture error: invalid capture state: duplication not started
[host] capture error: invalid capture state: duplication not started
[host] capture error: invalid capture state: duplication not started
[host] capture error: invalid capture state: duplication not started
[host] capture error: invalid capture state: duplication not started
[host] capture error: invalid capture state: duplication not started
[host] capture error: invalid capture state: duplication not started
[rig-host] congestion decision: bitrate=Some(3500000) fps=None res_down=false ()
[host] capture error: invalid capture state: duplication not started
[host] congestion: bitrate -> 3500000 bps (live)
[host] capture error: invalid capture state: duplication not started
[host] capture error: invalid capture state: duplication not started
[host] capture error: invalid capture state: duplication not started
[host] capture error: invalid capture state: duplication not started
[host] capture error: invalid capture state: duplication not started
[host] capture error: invalid capture state: duplication not started
[host] capture error: invalid capture state: duplication not started
[host] capture error: invalid capture state: duplication not started
[host] capture error: invalid capture state: duplication not started
[rig-host] loop alive, host=Connected
[rig-host] congestion decision: bitrate=Some(3800000) fps=None res_down=false ()
[host] capture error: invalid capture state: duplication not started
[host] congestion: bitrate -> 3800000 bps (live)
[host] capture error: invalid capture state: duplication not started
[host] capture error: invalid capture state: duplication not started
[host] capture error: invalid capture state: duplication not started
[host] capture error: invalid capture state: duplication not started
[host] capture error: invalid capture state: duplication not started
[host] capture error: invalid capture state: duplication not started
[host] capture error: invalid capture state: duplication not started
[host] capture error: invalid capture state: duplication not started
[host] capture error: invalid capture state: duplication not started
[rig-host] congestion decision: bitrate=Some(4100000) fps=None res_down=false ()
[host] capture error: invalid capture state: duplication not started
[host] congestion: bitrate -> 4100000 bps (live)
[host] capture error: invalid capture state: duplication not started
[host] capture error: invalid capture state: duplication not started
[host] capture error: invalid capture state: duplication not started
[host] capture error: invalid capture state: duplication not started
[host] capture error: invalid capture state: duplication not started
[host] capture error: invalid capture state: duplication not started
[host] capture error: invalid capture state: duplication not started
[host] capture error: invalid capture state: duplication not started
[host] capture error: invalid capture state: duplication not started
[rig-host] loop alive, host=Connected
[rig-host] congestion decision: bitrate=Some(4400000) fps=None res_down=false ()
[host] capture error: invalid capture state: duplication not started
[host] congestion: bitrate -> 4400000 bps (live)
[host] capture error: invalid capture state: duplication not started
[host] capture error: invalid capture state: duplication not started
[host] capture error: invalid capture state: duplication not started
[host] capture error: invalid capture state: duplication not started
[host] capture error: invalid capture state: duplication not started
[host] capture error: invalid capture state: duplication not started
[host] capture error: invalid capture state: duplication not started
[host] capture error: invalid capture state: duplication not started
[host] capture error: invalid capture state: duplication not started
[rig-host] congestion decision: bitrate=Some(4700000) fps=None res_down=false ()
[host] capture error: invalid capture state: duplication not started
[host] congestion: bitrate -> 4700000 bps (live)
[host] capture error: invalid capture state: duplication not started
[host] capture error: invalid capture state: duplication not started
[host] capture error: invalid capture state: duplication not started
[host] capture error: invalid capture state: duplication not started
[host] capture error: invalid capture state: duplication not started
[host] capture error: invalid capture state: duplication not started
[host] capture error: invalid capture state: duplication not started
[host] capture error: invalid capture state: duplication not started
[host] capture error: invalid capture state: duplication not started
[rig-host] loop alive, host=Connected
[rig-host] congestion decision: bitrate=Some(5000000) fps=None res_down=false ()
[host] congestion: bitrate -> 5000000 bps (live)
[host] capture error: invalid capture state: duplication not started
[host] capture error: invalid capture state: duplication not started
[host] capture error: invalid capture state: duplication not started
[host] capture error: invalid capture state: duplication not started
[host] capture error: invalid capture state: duplication not started
[host] capture error: invalid capture state: duplication not started
[host] capture error: invalid capture state: duplication not started
[host] capture error: invalid capture state: duplication not started
[host] capture error: invalid capture state: duplication not started
[host] capture error: invalid capture state: duplication not started
[rig-host] congestion decision: bitrate=Some(5300000) fps=None res_down=false ()
[host] capture error: invalid capture state: duplication not started
[host] congestion: bitrate -> 5300000 bps (live)
[host] capture error: invalid capture state: duplication not started
[host] capture error: invalid capture state: duplication not started
[host] capture error: invalid capture state: duplication not started
[host] capture error: invalid capture state: duplication not started
[host] capture error: invalid capture state: duplication not started
[host] capture error: invalid capture state: duplication not started
[host] capture error: invalid capture state: duplication not started
[host] capture error: invalid capture state: duplication not started
[host] capture error: invalid capture state: duplication not started
[rig-host] loop alive, host=Connected
[rig-host] congestion decision: bitrate=Some(5600000) fps=None res_down=false ()
[host] capture error: invalid capture state: duplication not started
[host] congestion: bitrate -> 5600000 bps (live)
[host] capture error: invalid capture state: duplication not started
[host] capture error: invalid capture state: duplication not started
[host] capture error: invalid capture state: duplication not started
[host] capture error: invalid capture state: duplication not started
[host] capture error: invalid capture state: duplication not started
[host] capture error: invalid capture state: duplication not started
[host] capture error: invalid capture state: duplication not started
[host] capture error: invalid capture state: duplication not started
[host] capture error: invalid capture state: duplication not started
[rig-host] congestion decision: bitrate=Some(5900000) fps=None res_down=false ()
[host] capture error: invalid capture state: duplication not started
[host] congestion: bitrate -> 5900000 bps (live)
[host] capture error: invalid capture state: duplication not started
[host] capture error: invalid capture state: duplication not started
[host] capture error: invalid capture state: duplication not started
[host] capture error: invalid capture state: duplication not started
[host] capture error: invalid capture state: duplication not started
[host] capture error: invalid capture state: duplication not started
[host] capture error: invalid capture state: duplication not started
[host] capture error: invalid capture state: duplication not started
[host] capture error: invalid capture state: duplication not started
[rig-host] loop alive, host=Connected
[rig-host] congestion decision: bitrate=Some(6200000) fps=None res_down=false ()
[host] capture error: invalid capture state: duplication not started
[host] congestion: bitrate -> 6200000 bps (live)
[host] capture error: invalid capture state: duplication not started
[host] capture error: invalid capture state: duplication not started
[host] capture error: invalid capture state: duplication not started
[host] capture error: invalid capture state: duplication not started
[host] capture error: invalid capture state: duplication not started
[host] capture error: invalid capture state: duplication not started
[host] capture error: invalid capture state: duplication not started
[host] capture error: invalid capture state: duplication not started
[host] capture error: invalid capture state: duplication not started
[host] capture error: invalid capture state: duplication not started
[host] capture error: invalid capture state: duplication not started
[host] capture error: invalid capture state: duplication not started
[host] capture error: invalid capture state: duplication not started
[host] capture error: invalid capture state: duplication not started
[host] capture error: invalid capture state: duplication not started
[host] capture error: invalid capture state: duplication not started
[host] capture error: invalid capture state: duplication not started
[host] capture error: invalid capture state: duplication not started
[host] capture error: invalid capture state: duplication not started
[rig-host] loop alive, host=Connected
[rig-host] congestion decision: bitrate=Some(6510000) fps=None res_down=false ()
[host] capture error: invalid capture state: duplication not started
[host] congestion: bitrate -> 6510000 bps (live)
[host] capture error: invalid capture state: duplication not started
[host] capture error: invalid capture state: duplication not started
[host] capture error: invalid capture state: duplication not started
[host] capture error: invalid capture state: duplication not started
[host] capture error: invalid capture state: duplication not started
[host] capture error: invalid capture state: duplication not started
[host] capture error: invalid capture state: duplication not started
[host] capture error: invalid capture state: duplication not started
[host] capture error: invalid capture state: duplication not started
[rig-host] congestion decision: bitrate=Some(6835500) fps=None res_down=false ()
[host] capture error: invalid capture state: duplication not started
[host] congestion: bitrate -> 6835500 bps (live)
[host] capture error: invalid capture state: duplication not started
[host] capture error: invalid capture state: duplication not started
[host] capture error: invalid capture state: duplication not started
[host] capture error: invalid capture state: duplication not started
[host] capture error: invalid capture state: duplication not started
[host] capture error: invalid capture state: duplication not started
[host] capture error: invalid capture state: duplication not started
[host] capture error: invalid capture state: duplication not started
[host] capture error: invalid capture state: duplication not started
[rig-host] loop alive, host=Connected
[rig-host] congestion decision: bitrate=Some(7177275) fps=None res_down=false ()
[host] capture error: invalid capture state: duplication not started
[host] congestion: bitrate -> 7177275 bps (live)
[host] capture error: invalid capture state: duplication not started
[host] capture error: invalid capture state: duplication not started
[host] capture error: invalid capture state: duplication not started
[host] capture error: invalid capture state: duplication not started
[host] capture error: invalid capture state: duplication not started
[host] capture error: invalid capture state: duplication not started
[host] capture error: invalid capture state: duplication not started
[host] capture error: invalid capture state: duplication not started
[host] capture error: invalid capture state: duplication not started
[rig-host] congestion decision: bitrate=Some(7536138) fps=None res_down=false ()
[host] capture error: invalid capture state: duplication not started
[host] congestion: bitrate -> 7536138 bps (live)
[host] capture error: invalid capture state: duplication not started
[host] capture error: invalid capture state: duplication not started
[host] capture error: invalid capture state: duplication not started
[host] capture error: invalid capture state: duplication not started
[host] capture error: invalid capture state: duplication not started
[host] capture error: invalid capture state: duplication not started
[host] capture error: invalid capture state: duplication not started
[host] capture error: invalid capture state: duplication not started
[host] capture error: invalid capture state: duplication not started
[rig-host] loop alive, host=Connected
[rig-host] congestion decision: bitrate=Some(7912944) fps=None res_down=false ()
[host] capture error: invalid capture state: duplication not started
[host] congestion: bitrate -> 7912944 bps (live)
[host] capture error: invalid capture state: duplication not started
[host] capture error: invalid capture state: duplication not started
[host] capture error: invalid capture state: duplication not started
[host] capture error: invalid capture state: duplication not started
[host] capture error: invalid capture state: duplication not started
[host] capture error: invalid capture state: duplication not started
[host] capture error: invalid capture state: duplication not started
[host] capture error: invalid capture state: duplication not started
[host] capture error: invalid capture state: duplication not started
[rig-host] congestion decision: bitrate=Some(8308591) fps=None res_down=false ()
[host] congestion: bitrate -> 8308591 bps (live)
[host] capture error: invalid capture state: duplication not started
[host] capture error: invalid capture state: duplication not started
[host] capture error: invalid capture state: duplication not started
[host] capture error: invalid capture state: duplication not started
[host] capture error: invalid capture state: duplication not started
[host] capture error: invalid capture state: duplication not started
[host] capture error: invalid capture state: duplication not started
[host] capture error: invalid capture state: duplication not started
[host] capture error: invalid capture state: duplication not started
[host] capture error: invalid capture state: duplication not started
[rig-host] loop alive, host=Connected
[rig-host] congestion decision: bitrate=Some(8724020) fps=None res_down=false ()
[host] capture error: invalid capture state: duplication not started
[host] congestion: bitrate -> 8724020 bps (live)
[host] capture error: invalid capture state: duplication not started
[host] capture error: invalid capture state: duplication not started
[host] capture error: invalid capture state: duplication not started
[host] capture error: invalid capture state: duplication not started
[host] capture error: invalid capture state: duplication not started
[host] capture error: invalid capture state: duplication not started
[host] capture error: invalid capture state: duplication not started
[host] capture error: invalid capture state: duplication not started
[host] capture error: invalid capture state: duplication not started
[rig-host] congestion decision: bitrate=Some(9160221) fps=None res_down=false ()
[host] capture error: invalid capture state: duplication not started
[host] congestion: bitrate -> 9160221 bps (live)
[host] capture error: invalid capture state: duplication not started
[host] capture error: invalid capture state: duplication not started
[host] capture error: invalid capture state: duplication not started
[host] capture error: invalid capture state: duplication not started
[host] capture error: invalid capture state: duplication not started
[host] capture error: invalid capture state: duplication not started
[host] capture error: invalid capture state: duplication not started
[host] capture error: invalid capture state: duplication not started
[host] capture error: invalid capture state: duplication not started
[rig-host] loop alive, host=Connected
[rig-host] congestion decision: bitrate=Some(9618232) fps=None res_down=false ()
[host] capture error: invalid capture state: duplication not started
[host] congestion: bitrate -> 9618232 bps (live)
[host] capture error: invalid capture state: duplication not started
[host] capture error: invalid capture state: duplication not started
[host] capture error: invalid capture state: duplication not started
[host] capture error: invalid capture state: duplication not started
[host] capture error: invalid capture state: duplication not started
[host] capture error: invalid capture state: duplication not started
[host] capture error: invalid capture state: duplication not started
[host] capture error: invalid capture state: duplication not started
[host] capture error: invalid capture state: duplication not started
[rig-host] congestion decision: bitrate=Some(10099143) fps=None res_down=false ()
[host] capture error: invalid capture state: duplication not started
[host] congestion: bitrate -> 10099143 bps (live)
[host] capture error: invalid capture state: duplication not started
[host] capture error: invalid capture state: duplication not started
[host] capture error: invalid capture state: duplication not started
[host] capture error: invalid capture state: duplication not started
[host] capture error: invalid capture state: duplication not started
[host] capture error: invalid capture state: duplication not started
[host] capture error: invalid capture state: duplication not started
[host] capture error: invalid capture state: duplication not started
[host] capture error: invalid capture state: duplication not started
[rig-host] loop alive, host=Connected
[rig-host] congestion decision: bitrate=Some(10604100) fps=None res_down=false ()
[host] capture error: invalid capture state: duplication not started
[host] congestion: bitrate -> 10604100 bps (live)
[host] capture error: invalid capture state: duplication not started
[host] capture error: invalid capture state: duplication not started
[host] capture error: invalid capture state: duplication not started
[host] capture error: invalid capture state: duplication not started
[host] capture error: invalid capture state: duplication not started
[host] capture error: invalid capture state: duplication not started
[host] capture error: invalid capture state: duplication not started
[host] capture error: invalid capture state: duplication not started
[host] capture error: invalid capture state: duplication not started
[host] capture error: invalid capture state: duplication not started
[host] capture error: invalid capture state: duplication not started
[host] capture error: invalid capture state: duplication not started
[host] capture error: invalid capture state: duplication not started
[host] capture error: invalid capture state: duplication not started
[host] capture error: invalid capture state: duplication not started
[host] capture error: invalid capture state: duplication not started
[host] capture error: invalid capture state: duplication not started
[host] capture error: invalid capture state: duplication not started
[host] capture error: invalid capture state: duplication not started
[rig-host] loop alive, host=Connected
[host] capture error: invalid capture state: duplication not started
[host] capture error: invalid capture state: duplication not started
[host] capture error: invalid capture state: duplication not started
[host] capture error: invalid capture state: duplication not started
[host] capture error: invalid capture state: duplication not started
[host] capture error: invalid capture state: duplication not started
[host] capture error: invalid capture state: duplication not started
[host] capture error: invalid capture state: duplication not started
[host] capture error: invalid capture state: duplication not started
[host] capture error: invalid capture state: duplication not started
[host] capture error: invalid capture state: duplication not started
[host] capture error: invalid capture state: duplication not started
[host] capture error: invalid capture state: duplication not started
[host] capture error: invalid capture state: duplication not started
[host] capture error: invalid capture state: duplication not started
[host] capture error: invalid capture state: duplication not started
[host] capture error: invalid capture state: duplication not started
[host] capture error: invalid capture state: duplication not started
[host] capture error: invalid capture state: duplication not started
[host] capture error: invalid capture state: duplication not started
[rig-host] loop alive, host=Connected
[host] capture error: invalid capture state: duplication not started
[host] capture error: invalid capture state: duplication not started
[host] capture error: invalid capture state: duplication not started
[host] capture error: invalid capture state: duplication not started
[host] capture error: invalid capture state: duplication not started
[host] capture error: invalid capture state: duplication not started
[host] capture error: invalid capture state: duplication not started
[host] capture error: invalid capture state: duplication not started
[host] capture error: invalid capture state: duplication not started
[host] capture error: invalid capture state: duplication not started
[host] capture error: invalid capture state: duplication not started
[host] capture error: invalid capture state: duplication not started
[host] capture error: invalid capture state: duplication not started
[host] capture error: invalid capture state: duplication not started
[host] capture error: invalid capture state: duplication not started
[host] capture error: invalid capture state: duplication not started
[host] capture error: invalid capture state: duplication not started
[host] capture error: invalid capture state: duplication not started
[host] capture error: invalid capture state: duplication not started
[host] capture error: invalid capture state: duplication not started
[rig-host] loop alive, host=Connected
[host] capture error: invalid capture state: duplication not started
[host] capture error: invalid capture state: duplication not started
[host] capture error: invalid capture state: duplication not started
[host] capture error: invalid capture state: duplication not started
[host] capture error: invalid capture state: duplication not started
[host] capture error: invalid capture state: duplication not started
[host] capture error: invalid capture state: duplication not started
[host] capture error: invalid capture state: duplication not started
[host] capture error: invalid capture state: duplication not started
[host] capture error: invalid capture state: duplication not started
[host] capture error: invalid capture state: duplication not started
[host] capture error: invalid capture state: duplication not started
[host] capture error: invalid capture state: duplication not started
[host] capture error: invalid capture state: duplication not started
[host] capture error: invalid capture state: duplication not started
[host] capture error: invalid capture state: duplication not started
[host] capture error: invalid capture state: duplication not started
[host] capture error: invalid capture state: duplication not started
[host] capture error: invalid capture state: duplication not started
[host] capture error: invalid capture state: duplication not started
[rig-host] loop alive, host=Connected
[host] capture error: invalid capture state: duplication not started
[host] capture error: invalid capture state: duplication not started
[host] capture error: invalid capture state: duplication not started
[host] capture error: invalid capture state: duplication not started
[host] capture error: invalid capture state: duplication not started
[host] capture error: invalid capture state: duplication not started
[host] capture error: invalid capture state: duplication not started
[host] capture error: invalid capture state: duplication not started
[host] capture error: invalid capture state: duplication not started
[host] capture error: invalid capture state: duplication not started
[host] capture error: invalid capture state: duplication not started
[host] capture error: invalid capture state: duplication not started
[host] capture error: invalid capture state: duplication not started
[host] capture error: invalid capture state: duplication not started
[host] capture error: invalid capture state: duplication not started
[host] capture error: invalid capture state: duplication not started
[host] capture error: invalid capture state: duplication not started
[host] capture error: invalid capture state: duplication not started
[host] capture error: invalid capture state: duplication not started
[host] capture error: invalid capture state: duplication not started
[rig-host] loop alive, host=Connected
[host] capture error: invalid capture state: duplication not started
[host] capture error: invalid capture state: duplication not started
[host] capture error: invalid capture state: duplication not started
[host] capture error: invalid capture state: duplication not started
[host] capture error: invalid capture state: duplication not started
[host] capture error: invalid capture state: duplication not started
[host] capture error: invalid capture state: duplication not started
[host] capture error: invalid capture state: duplication not started
[host] capture error: invalid capture state: duplication not started
[host] capture error: invalid capture state: duplication not started
[host] capture error: invalid capture state: duplication not started
[host] capture error: invalid capture state: duplication not started
[host] capture error: invalid capture state: duplication not started
[host] capture error: invalid capture state: duplication not started
[host] capture error: invalid capture state: duplication not started
[host] capture error: invalid capture state: duplication not started
[host] capture error: invalid capture state: duplication not started
[host] capture error: invalid capture state: duplication not started
[host] capture error: invalid capture state: duplication not started
[host] capture error: invalid capture state: duplication not started
[rig-host] loop alive, host=Connected
[host] capture error: invalid capture state: duplication not started
[host] capture error: invalid capture state: duplication not started
[host] capture error: invalid capture state: duplication not started
[host] capture error: invalid capture state: duplication not started
[host] capture error: invalid capture state: duplication not started
[host] capture error: invalid capture state: duplication not started
[host] capture error: invalid capture state: duplication not started
[host] capture error: invalid capture state: duplication not started
[host] capture error: invalid capture state: duplication not started
[host] capture error: invalid capture state: duplication not started
[host] capture error: invalid capture state: duplication not started
[host] capture error: invalid capture state: duplication not started
[host] capture error: invalid capture state: duplication not started
[host] capture error: invalid capture state: duplication not started
[host] capture error: invalid capture state: duplication not started
[host] capture error: invalid capture state: duplication not started
[host] capture error: invalid capture state: duplication not started
[host] capture error: invalid capture state: duplication not started
[host] capture error: invalid capture state: duplication not started
[host] capture error: invalid capture state: duplication not started
[rig-host] loop alive, host=Connected
[host] capture error: invalid capture state: duplication not started
[host] capture error: invalid capture state: duplication not started
[host] capture error: invalid capture state: duplication not started
[host] capture error: invalid capture state: duplication not started
[host] capture error: invalid capture state: duplication not started
[host] capture error: invalid capture state: duplication not started
[host] capture error: invalid capture state: duplication not started
[host] capture error: invalid capture state: duplication not started
[host] capture error: invalid capture state: duplication not started
[host] capture error: invalid capture state: duplication not started
[host] capture error: invalid capture state: duplication not started
[host] capture error: invalid capture state: duplication not started
[host] capture error: invalid capture state: duplication not started
[host] capture error: invalid capture state: duplication not started
[host] capture error: invalid capture state: duplication not started
[host] capture error: invalid capture state: duplication not started
[host] capture error: invalid capture state: duplication not started
[host] capture error: invalid capture state: duplication not started
[host] capture error: invalid capture state: duplication not started
[host] capture error: invalid capture state: duplication not started
[host] capture error: invalid capture state: duplication not started
[rig-host] loop alive, host=Connected
[host] capture error: invalid capture state: duplication not started
[host] capture error: invalid capture state: duplication not started
[host] capture error: invalid capture state: duplication not started
[host] capture error: invalid capture state: duplication not started
[host] capture error: invalid capture state: duplication not started
[host] capture error: invalid capture state: duplication not started
[host] capture error: invalid capture state: duplication not started
[host] capture error: invalid capture state: duplication not started
[host] capture error: invalid capture state: duplication not started
[host] capture error: invalid capture state: duplication not started
[host] capture error: invalid capture state: duplication not started
[host] capture error: invalid capture state: duplication not started
[host] capture error: invalid capture state: duplication not started
[host] capture error: invalid capture state: duplication not started
[host] capture error: invalid capture state: duplication not started
[host] capture error: invalid capture state: duplication not started
[host] capture error: invalid capture state: duplication not started
[host] capture error: invalid capture state: duplication not started
[host] capture error: invalid capture state: duplication not started
[host] capture error: invalid capture state: duplication not started
[rig-host] loop alive, host=Connected
[host] capture error: invalid capture state: duplication not started
[host] capture error: invalid capture state: duplication not started
[host] capture error: invalid capture state: duplication not started
[host] capture error: invalid capture state: duplication not started
[host] capture error: invalid capture state: duplication not started
[host] capture error: invalid capture state: duplication not started
[host] capture error: invalid capture state: duplication not started
[host] capture error: invalid capture state: duplication not started
[host] capture error: invalid capture state: duplication not started
[host] capture error: invalid capture state: duplication not started
[host] capture error: invalid capture state: duplication not started
[host] capture error: invalid capture state: duplication not started
[host] capture error: invalid capture state: duplication not started
[host] capture error: invalid capture state: duplication not started
[host] capture error: invalid capture state: duplication not started
[host] capture error: invalid capture state: duplication not started
[host] capture error: invalid capture state: duplication not started
[host] capture error: invalid capture state: duplication not started
[host] capture error: invalid capture state: duplication not started
[host] capture error: invalid capture state: duplication not started
[rig-host] loop alive, host=Connected
[host] capture error: invalid capture state: duplication not started
[host] capture error: invalid capture state: duplication not started
[host] capture error: invalid capture state: duplication not started
[host] capture error: invalid capture state: duplication not started
[host] capture error: invalid capture state: duplication not started
[host] capture error: invalid capture state: duplication not started
[host] capture error: invalid capture state: duplication not started
[host] capture error: invalid capture state: duplication not started
[host] capture error: invalid capture state: duplication not started
[host] capture error: invalid capture state: duplication not started
[host] capture error: invalid capture state: duplication not started
[host] capture error: invalid capture state: duplication not started
[host] capture error: invalid capture state: duplication not started
[host] capture error: invalid capture state: duplication not started
[host] capture error: invalid capture state: duplication not started
[host] capture error: invalid capture state: duplication not started
[host] capture error: invalid capture state: duplication not started
[host] capture error: invalid capture state: duplication not started
[host] capture error: invalid capture state: duplication not started
[host] capture error: invalid capture state: duplication not started
[rig-host] loop alive, host=Connected
[host] capture error: invalid capture state: duplication not started
[host] capture error: invalid capture state: duplication not started
[host] capture error: invalid capture state: duplication not started
[host] capture error: invalid capture state: duplication not started
[host] capture error: invalid capture state: duplication not started
[host] capture error: invalid capture state: duplication not started
[host] capture error: invalid capture state: duplication not started
[host] capture error: invalid capture state: duplication not started
[host] capture error: invalid capture state: duplication not started
[host] capture error: invalid capture state: duplication not started
[host] capture error: invalid capture state: duplication not started
[host] capture error: invalid capture state: duplication not started
[host] capture error: invalid capture state: duplication not started
[host] capture error: invalid capture state: duplication not started
[host] capture error: invalid capture state: duplication not started
[host] capture error: invalid capture state: duplication not started
[host] capture error: invalid capture state: duplication not started
[host] capture error: invalid capture state: duplication not started
[host] capture error: invalid capture state: duplication not started
[host] capture error: invalid capture state: duplication not started
[rig-host] loop alive, host=Connected
[host] capture error: invalid capture state: duplication not started
[host] capture error: invalid capture state: duplication not started
[host] capture error: invalid capture state: duplication not started
[host] capture error: invalid capture state: duplication not started
[host] capture error: invalid capture state: duplication not started
[host] capture error: invalid capture state: duplication not started
[host] capture error: invalid capture state: duplication not started
[host] capture error: invalid capture state: duplication not started
[host] capture error: invalid capture state: duplication not started
[host] capture error: invalid capture state: duplication not started
[host] capture error: invalid capture state: duplication not started
[host] capture error: invalid capture state: duplication not started
[host] capture error: invalid capture state: duplication not started
[host] capture error: invalid capture state: duplication not started
[host] capture error: invalid capture state: duplication not started
[host] capture error: invalid capture state: duplication not started
[host] capture error: invalid capture state: duplication not started
[host] capture error: invalid capture state: duplication not started
[host] capture error: invalid capture state: duplication not started
[host] capture error: invalid capture state: duplication not started
[rig-host] loop alive, host=Connected
[host] capture error: invalid capture state: duplication not started
[host] capture error: invalid capture state: duplication not started
[host] capture error: invalid capture state: duplication not started
[host] capture error: invalid capture state: duplication not started
[host] capture error: invalid capture state: duplication not started
[host] capture error: invalid capture state: duplication not started
[host] capture error: invalid capture state: duplication not started
[host] capture error: invalid capture state: duplication not started
[host] capture error: invalid capture state: duplication not started
[host] capture error: invalid capture state: duplication not started
[host] capture error: invalid capture state: duplication not started
[host] capture error: invalid capture state: duplication not started
[host] capture error: invalid capture state: duplication not started
[host] capture error: invalid capture state: duplication not started
[host] capture error: invalid capture state: duplication not started
[host] capture error: invalid capture state: duplication not started
[host] capture error: invalid capture state: duplication not started
[host] capture error: invalid capture state: duplication not started
[host] capture error: invalid capture state: duplication not started
[host] capture error: invalid capture state: duplication not started
[rig-host] loop alive, host=Connected
[host] capture error: invalid capture state: duplication not started
[host] capture error: invalid capture state: duplication not started
[host] capture error: invalid capture state: duplication not started
[host] capture error: invalid capture state: duplication not started
[host] capture error: invalid capture state: duplication not started
[host] capture error: invalid capture state: duplication not started
[host] capture error: invalid capture state: duplication not started
[host] capture error: invalid capture state: duplication not started
[host] capture error: invalid capture state: duplication not started
[host] capture error: invalid capture state: duplication not started
[host] capture error: invalid capture state: duplication not started
[host] capture error: invalid capture state: duplication not started
[host] capture error: invalid capture state: duplication not started
[host] capture error: invalid capture state: duplication not started
[host] capture error: invalid capture state: duplication not started
[host] capture error: invalid capture state: duplication not started
[host] capture error: invalid capture state: duplication not started
[host] capture error: invalid capture state: duplication not started
[host] capture error: invalid capture state: duplication not started
[host] capture error: invalid capture state: duplication not started
[rig-host] loop alive, host=Connected
[host] capture error: invalid capture state: duplication not started
[host] capture error: invalid capture state: duplication not started
[host] capture error: invalid capture state: duplication not started
[host] capture error: invalid capture state: duplication not started
[host] capture error: invalid capture state: duplication not started
[host] capture error: invalid capture state: duplication not started
[host] capture error: invalid capture state: duplication not started
[host] capture error: invalid capture state: duplication not started
[host] capture error: invalid capture state: duplication not started
[host] capture error: invalid capture state: duplication not started
[host] capture error: invalid capture state: duplication not started
[host] capture error: invalid capture state: duplication not started
[host] capture error: invalid capture state: duplication not started
[host] capture error: invalid capture state: duplication not started
[host] capture error: invalid capture state: duplication not started
[host] capture error: invalid capture state: duplication not started
[host] capture error: invalid capture state: duplication not started
[host] capture error: invalid capture state: duplication not started
[host] capture error: invalid capture state: duplication not started
[host] capture error: invalid capture state: duplication not started
[rig-host] loop alive, host=Connected
[host] capture error: invalid capture state: duplication not started
[host] capture error: invalid capture state: duplication not started
[host] capture error: invalid capture state: duplication not started
[host] capture error: invalid capture state: duplication not started
[host] capture error: invalid capture state: duplication not started
[host] capture error: invalid capture state: duplication not started
[host] capture error: invalid capture state: duplication not started
[host] capture error: invalid capture state: duplication not started
[host] capture error: invalid capture state: duplication not started
[host] capture error: invalid capture state: duplication not started
[host] capture error: invalid capture state: duplication not started
[host] capture error: invalid capture state: duplication not started
[host] capture error: invalid capture state: duplication not started
[host] capture error: invalid capture state: duplication not started
[host] capture error: invalid capture state: duplication not started
[host] capture error: invalid capture state: duplication not started
[host] capture error: invalid capture state: duplication not started
[host] capture error: invalid capture state: duplication not started
[host] capture error: invalid capture state: duplication not started
[host] capture error: invalid capture state: duplication not started
[rig-host] loop alive, host=Connected
[host] capture error: invalid capture state: duplication not started
[host] capture error: invalid capture state: duplication not started
[host] capture error: invalid capture state: duplication not started
[host] capture error: invalid capture state: duplication not started
[host] capture error: invalid capture state: duplication not started
[host] capture error: invalid capture state: duplication not started
[host] capture error: invalid capture state: duplication not started
[host] capture error: invalid capture state: duplication not started
[host] capture error: invalid capture state: duplication not started
[host] capture error: invalid capture state: duplication not started
[host] capture error: invalid capture state: duplication not started
[host] capture error: invalid capture state: duplication not started
[host] capture error: invalid capture state: duplication not started
[host] capture error: invalid capture state: duplication not started
[host] capture error: invalid capture state: duplication not started
[host] capture error: invalid capture state: duplication not started
[host] capture error: invalid capture state: duplication not started
[host] capture error: invalid capture state: duplication not started
[host] capture error: invalid capture state: duplication not started
[host] capture error: invalid capture state: duplication not started
[rig-host] loop alive, host=Connected
[host] capture error: invalid capture state: duplication not started
[host] capture error: invalid capture state: duplication not started
[host] capture error: invalid capture state: duplication not started
[host] capture error: invalid capture state: duplication not started
[host] capture error: invalid capture state: duplication not started
[host] capture error: invalid capture state: duplication not started
[host] capture error: invalid capture state: duplication not started
[host] capture error: invalid capture state: duplication not started
[host] capture error: invalid capture state: duplication not started
[host] capture error: invalid capture state: duplication not started
[host] capture error: invalid capture state: duplication not started
[host] capture error: invalid capture state: duplication not started
[host] capture error: invalid capture state: duplication not started
[host] capture error: invalid capture state: duplication not started
[host] capture error: invalid capture state: duplication not started
[host] capture error: invalid capture state: duplication not started
[host] capture error: invalid capture state: duplication not started
[host] capture error: invalid capture state: duplication not started
[host] capture error: invalid capture state: duplication not started
[host] capture error: invalid capture state: duplication not started
[rig-host] loop alive, host=Connected
[host] capture error: invalid capture state: duplication not started
[host] capture error: invalid capture state: duplication not started
[host] capture error: invalid capture state: duplication not started
[host] capture error: invalid capture state: duplication not started
[host] capture error: invalid capture state: duplication not started
[host] capture error: invalid capture state: duplication not started
[host] capture error: invalid capture state: duplication not started
[host] capture error: invalid capture state: duplication not started
[host] capture error: invalid capture state: duplication not started
[host] capture error: invalid capture state: duplication not started
[host] capture error: invalid capture state: duplication not started
[host] capture error: invalid capture state: duplication not started
[host] capture error: invalid capture state: duplication not started
[host] capture error: invalid capture state: duplication not started
[host] capture error: invalid capture state: duplication not started
[host] capture error: invalid capture state: duplication not started
[host] capture error: invalid capture state: duplication not started
[host] capture error: invalid capture state: duplication not started
[host] capture error: invalid capture state: duplication not started
[host] capture error: invalid capture state: duplication not started
[rig-host] loop alive, host=Connected
[host] capture error: invalid capture state: duplication not started
[host] capture error: invalid capture state: duplication not started
[host] capture error: invalid capture state: duplication not started
[host] capture error: invalid capture state: duplication not started
[host] capture error: invalid capture state: duplication not started
[host] capture error: invalid capture state: duplication not started
[host] capture error: invalid capture state: duplication not started
[host] capture error: invalid capture state: duplication not started
[host] capture error: invalid capture state: duplication not started
[host] capture error: invalid capture state: duplication not started
[host] capture error: invalid capture state: duplication not started
[host] capture error: invalid capture state: duplication not started
[host] capture error: invalid capture state: duplication not started
[host] capture error: invalid capture state: duplication not started
[host] capture error: invalid capture state: duplication not started
[host] capture error: invalid capture state: duplication not started
[host] capture error: invalid capture state: duplication not started
[host] capture error: invalid capture state: duplication not started
[host] capture error: invalid capture state: duplication not started
[host] capture error: invalid capture state: duplication not started
[rig-host] loop alive, host=Connected
[host] capture error: invalid capture state: duplication not started
[host] capture error: invalid capture state: duplication not started
[host] capture error: invalid capture state: duplication not started
[host] capture error: invalid capture state: duplication not started
[host] capture error: invalid capture state: duplication not started
[host] capture error: invalid capture state: duplication not started
[host] capture error: invalid capture state: duplication not started
[host] capture error: invalid capture state: duplication not started
[host] capture error: invalid capture state: duplication not started
[host] capture error: invalid capture state: duplication not started
[host] capture error: invalid capture state: duplication not started
[host] capture error: invalid capture state: duplication not started
[host] capture error: invalid capture state: duplication not started
[host] capture error: invalid capture state: duplication not started
[host] capture error: invalid capture state: duplication not started
[host] capture error: invalid capture state: duplication not started
[host] capture error: invalid capture state: duplication not started
[host] capture error: invalid capture state: duplication not started
[host] capture error: invalid capture state: duplication not started
[host] capture error: invalid capture state: duplication not started
[rig-host] loop alive, host=Connected
[host] capture error: invalid capture state: duplication not started
[host] capture error: invalid capture state: duplication not started
[host] capture error: invalid capture state: duplication not started
[host] capture error: invalid capture state: duplication not started
[host] capture error: invalid capture state: duplication not started
[host] capture error: invalid capture state: duplication not started
[host] capture error: invalid capture state: duplication not started
[host] capture error: invalid capture state: duplication not started
[host] capture error: invalid capture state: duplication not started
[host] capture error: invalid capture state: duplication not started
[host] capture error: invalid capture state: duplication not started
[host] capture error: invalid capture state: duplication not started
[host] capture error: invalid capture state: duplication not started
[host] capture error: invalid capture state: duplication not started
[host] capture error: invalid capture state: duplication not started
[host] capture error: invalid capture state: duplication not started
[host] capture error: invalid capture state: duplication not started
[host] capture error: invalid capture state: duplication not started
[host] capture error: invalid capture state: duplication not started
[host] capture error: invalid capture state: duplication not started
[rig-host] loop alive, host=Connected
[host] capture error: invalid capture state: duplication not started
[host] capture error: invalid capture state: duplication not started
[host] capture error: invalid capture state: duplication not started
[host] capture error: invalid capture state: duplication not started
[host] capture error: invalid capture state: duplication not started
[host] capture error: invalid capture state: duplication not started
[host] capture error: invalid capture state: duplication not started
[host] capture error: invalid capture state: duplication not started
[host] capture error: invalid capture state: duplication not started
[host] capture error: invalid capture state: duplication not started
[host] capture error: invalid capture state: duplication not started
[host] capture error: invalid capture state: duplication not started
[host] capture error: invalid capture state: duplication not started
[host] capture error: invalid capture state: duplication not started
[host] capture error: invalid capture state: duplication not started
[host] capture error: invalid capture state: duplication not started
[host] capture error: invalid capture state: duplication not started
[host] capture error: invalid capture state: duplication not started
[host] capture error: invalid capture state: duplication not started
[host] capture error: invalid capture state: duplication not started
[rig-host] loop alive, host=Connected
[host] capture error: invalid capture state: duplication not started
[host] capture error: invalid capture state: duplication not started
[host] capture error: invalid capture state: duplication not started
[host] capture error: invalid capture state: duplication not started
[host] capture error: invalid capture state: duplication not started
[host] capture error: invalid capture state: duplication not started
[host] capture error: invalid capture state: duplication not started
[host] capture error: invalid capture state: duplication not started
[host] capture error: invalid capture state: duplication not started
[host] capture error: invalid capture state: duplication not started
[host] capture error: invalid capture state: duplication not started
[host] capture error: invalid capture state: duplication not started
[host] capture error: invalid capture state: duplication not started
[host] capture error: invalid capture state: duplication not started
[host] capture error: invalid capture state: duplication not started
[host] capture error: invalid capture state: duplication not started
[host] capture error: invalid capture state: duplication not started
[host] capture error: invalid capture state: duplication not started
[host] capture error: invalid capture state: duplication not started
[host] capture error: invalid capture state: duplication not started
[rig-host] loop alive, host=Connected
[host] capture error: invalid capture state: duplication not started
[host] capture error: invalid capture state: duplication not started
[host] capture error: invalid capture state: duplication not started
[host] capture error: invalid capture state: duplication not started
[host] capture error: invalid capture state: duplication not started
[host] capture error: invalid capture state: duplication not started
[host] capture error: invalid capture state: duplication not started
[host] capture error: invalid capture state: duplication not started
[host] capture error: invalid capture state: duplication not started
[host] capture error: invalid capture state: duplication not started
[host] capture error: invalid capture state: duplication not started
[host] capture error: invalid capture state: duplication not started
[host] capture error: invalid capture state: duplication not started
[host] capture error: invalid capture state: duplication not started
[host] capture error: invalid capture state: duplication not started
[host] capture error: invalid capture state: duplication not started
[host] capture error: invalid capture state: duplication not started
[host] capture error: invalid capture state: duplication not started
[host] capture error: invalid capture state: duplication not started
[host] capture error: invalid capture state: duplication not started
[rig-host] loop alive, host=Connected
[host] capture error: invalid capture state: duplication not started
[host] capture error: invalid capture state: duplication not started
[host] capture error: invalid capture state: duplication not started
[host] capture error: invalid capture state: duplication not started
[host] capture error: invalid capture state: duplication not started
[host] capture error: invalid capture state: duplication not started
[host] capture error: invalid capture state: duplication not started
[host] capture error: invalid capture state: duplication not started
[host] capture error: invalid capture state: duplication not started
[host] capture error: invalid capture state: duplication not started
[host] capture error: invalid capture state: duplication not started
[host] capture error: invalid capture state: duplication not started
[host] capture error: invalid capture state: duplication not started
[host] capture error: invalid capture state: duplication not started
[host] capture error: invalid capture state: duplication not started
[host] capture error: invalid capture state: duplication not started
[host] capture error: invalid capture state: duplication not started
[host] capture error: invalid capture state: duplication not started
[host] capture error: invalid capture state: duplication not started
[host] capture error: invalid capture state: duplication not started
[rig-host] loop alive, host=Connected
[host] capture error: invalid capture state: duplication not started
[host] capture error: invalid capture state: duplication not started
[host] capture error: invalid capture state: duplication not started
[host] capture error: invalid capture state: duplication not started
[host] capture error: invalid capture state: duplication not started
[host] capture error: invalid capture state: duplication not started
[host] capture error: invalid capture state: duplication not started
[host] capture error: invalid capture state: duplication not started
[host] capture error: invalid capture state: duplication not started
[host] capture error: invalid capture state: duplication not started
[host] capture error: invalid capture state: duplication not started
[host] capture error: invalid capture state: duplication not started
[host] capture error: invalid capture state: duplication not started
[host] capture error: invalid capture state: duplication not started
[host] capture error: invalid capture state: duplication not started
[host] capture error: invalid capture state: duplication not started
[host] capture error: invalid capture state: duplication not started
[host] capture error: invalid capture state: duplication not started
[host] capture error: invalid capture state: duplication not started
[host] capture error: invalid capture state: duplication not started
[rig-host] loop alive, host=Connected
[host] capture error: invalid capture state: duplication not started
[host] capture error: invalid capture state: duplication not started
[host] capture error: invalid capture state: duplication not started
[host] capture error: invalid capture state: duplication not started
[host] capture error: invalid capture state: duplication not started
[host] capture error: invalid capture state: duplication not started
[host] capture error: invalid capture state: duplication not started
[host] capture error: invalid capture state: duplication not started
[host] capture error: invalid capture state: duplication not started
[host] capture error: invalid capture state: duplication not started
[host] capture error: invalid capture state: duplication not started
[host] capture error: invalid capture state: duplication not started
[host] capture error: invalid capture state: duplication not started
[host] capture error: invalid capture state: duplication not started
[host] capture error: invalid capture state: duplication not started
[host] capture error: invalid capture state: duplication not started
[host] capture error: invalid capture state: duplication not started
[host] capture error: invalid capture state: duplication not started
[host] capture error: invalid capture state: duplication not started
[host] capture error: invalid capture state: duplication not started
[rig-host] loop alive, host=Connected
[host] capture error: invalid capture state: duplication not started
[host] capture error: invalid capture state: duplication not started
[host] capture error: invalid capture state: duplication not started
[host] capture error: invalid capture state: duplication not started
[host] capture error: invalid capture state: duplication not started
[host] capture error: invalid capture state: duplication not started
[host] capture error: invalid capture state: duplication not started
[host] capture error: invalid capture state: duplication not started
[host] capture error: invalid capture state: duplication not started
[host] capture error: invalid capture state: duplication not started
[host] capture error: invalid capture state: duplication not started
[host] capture error: invalid capture state: duplication not started
[host] capture error: invalid capture state: duplication not started
[host] capture error: invalid capture state: duplication not started
[host] capture error: invalid capture state: duplication not started
[host] capture error: invalid capture state: duplication not started
[host] capture error: invalid capture state: duplication not started
[host] capture error: invalid capture state: duplication not started
[host] capture error: invalid capture state: duplication not started
[host] capture error: invalid capture state: duplication not started
[rig-host] loop alive, host=Connected
[host] capture error: invalid capture state: duplication not started
[host] capture error: invalid capture state: duplication not started
[host] capture error: invalid capture state: duplication not started
[host] capture error: invalid capture state: duplication not started
[host] capture error: invalid capture state: duplication not started
[host] capture error: invalid capture state: duplication not started
[host] capture error: invalid capture state: duplication not started
[host] capture error: invalid capture state: duplication not started
[host] capture error: invalid capture state: duplication not started
[host] capture error: invalid capture state: duplication not started
[host] capture error: invalid capture state: duplication not started
[host] capture error: invalid capture state: duplication not started
[host] capture error: invalid capture state: duplication not started
[host] capture error: invalid capture state: duplication not started
[host] capture error: invalid capture state: duplication not started
[host] capture error: invalid capture state: duplication not started
[host] capture error: invalid capture state: duplication not started
[host] capture error: invalid capture state: duplication not started
[host] capture error: invalid capture state: duplication not started
[host] capture error: invalid capture state: duplication not started
[rig-host] loop alive, host=Connected
[host] capture error: invalid capture state: duplication not started
[host] capture error: invalid capture state: duplication not started
[host] capture error: invalid capture state: duplication not started
[host] capture error: invalid capture state: duplication not started
[host] capture error: invalid capture state: duplication not started
[host] capture error: invalid capture state: duplication not started
[host] capture error: invalid capture state: duplication not started
[host] capture error: invalid capture state: duplication not started
[host] capture error: invalid capture state: duplication not started
[host] capture error: invalid capture state: duplication not started
[host] capture error: invalid capture state: duplication not started
[host] capture error: invalid capture state: duplication not started
[host] capture error: invalid capture state: duplication not started
[host] capture error: invalid capture state: duplication not started
[host] capture error: invalid capture state: duplication not started
[host] capture error: invalid capture state: duplication not started
[host] capture error: invalid capture state: duplication not started
[host] capture error: invalid capture state: duplication not started
[host] capture error: invalid capture state: duplication not started
[host] capture error: invalid capture state: duplication not started
[rig-host] loop alive, host=Connected
[host] capture error: invalid capture state: duplication not started
[host] capture error: invalid capture state: duplication not started
[host] capture error: invalid capture state: duplication not started
[host] capture error: invalid capture state: duplication not started
[host] capture error: invalid capture state: duplication not started
[host] capture error: invalid capture state: duplication not started
[host] capture error: invalid capture state: duplication not started
[host] capture error: invalid capture state: duplication not started
[host] capture error: invalid capture state: duplication not started
[host] capture error: invalid capture state: duplication not started
[host] capture error: invalid capture state: duplication not started
[host] capture error: invalid capture state: duplication not started
[host] capture error: invalid capture state: duplication not started
[host] capture error: invalid capture state: duplication not started
[host] capture error: invalid capture state: duplication not started
[host] capture error: invalid capture state: duplication not started
[host] capture error: invalid capture state: duplication not started
[host] capture error: invalid capture state: duplication not started
[host] capture error: invalid capture state: duplication not started
[host] capture error: invalid capture state: duplication not started
[rig-host] loop alive, host=Connected
[host] capture error: invalid capture state: duplication not started
[host] capture error: invalid capture state: duplication not started
[host] capture error: invalid capture state: duplication not started
[host] capture error: invalid capture state: duplication not started
[host] capture error: invalid capture state: duplication not started
[host] capture error: invalid capture state: duplication not started
[host] capture error: invalid capture state: duplication not started
[host] capture error: invalid capture state: duplication not started
[host] capture error: invalid capture state: duplication not started
[host] capture error: invalid capture state: duplication not started
[host] capture error: invalid capture state: duplication not started
[host] capture error: invalid capture state: duplication not started
[host] capture error: invalid capture state: duplication not started
[host] capture error: invalid capture state: duplication not started
[host] capture error: invalid capture state: duplication not started
[host] capture error: invalid capture state: duplication not started
[host] capture error: invalid capture state: duplication not started
[host] capture error: invalid capture state: duplication not started
[host] capture error: invalid capture state: duplication not started
[host] capture error: invalid capture state: duplication not started
[rig-host] loop alive, host=Connected
[host] capture error: invalid capture state: duplication not started
[host] capture error: invalid capture state: duplication not started
[host] capture error: invalid capture state: duplication not started
[host] capture error: invalid capture state: duplication not started
[host] capture error: invalid capture state: duplication not started
[host] capture error: invalid capture state: duplication not started
[host] capture error: invalid capture state: duplication not started
[host] capture error: invalid capture state: duplication not started
[host] capture error: invalid capture state: duplication not started
[host] capture error: invalid capture state: duplication not started
[host] capture error: invalid capture state: duplication not started
[host] capture error: invalid capture state: duplication not started
[host] capture error: invalid capture state: duplication not started
[host] capture error: invalid capture state: duplication not started
[host] capture error: invalid capture state: duplication not started
[host] capture error: invalid capture state: duplication not started
[host] capture error: invalid capture state: duplication not started
[host] capture error: invalid capture state: duplication not started
[host] capture error: invalid capture state: duplication not started
[host] capture error: invalid capture state: duplication not started
[rig-host] loop alive, host=Connected
[host] capture error: invalid capture state: duplication not started
[host] capture error: invalid capture state: duplication not started
[host] capture error: invalid capture state: duplication not started
[host] capture error: invalid capture state: duplication not started
[host] capture error: invalid capture state: duplication not started
[host] capture error: invalid capture state: duplication not started
[host] capture error: invalid capture state: duplication not started
[host] capture error: invalid capture state: duplication not started
[host] capture error: invalid capture state: duplication not started
[host] capture error: invalid capture state: duplication not started
[host] capture error: invalid capture state: duplication not started
[host] capture error: invalid capture state: duplication not started
[host] capture error: invalid capture state: duplication not started
[host] capture error: invalid capture state: duplication not started
[host] capture error: invalid capture state: duplication not started
[host] capture error: invalid capture state: duplication not started
[host] capture error: invalid capture state: duplication not started
[host] capture error: invalid capture state: duplication not started
[host] capture error: invalid capture state: duplication not started
[host] capture error: invalid capture state: duplication not started
[rig-host] loop alive, host=Connected
[host] capture error: invalid capture state: duplication not started
[host] capture error: invalid capture state: duplication not started
[host] capture error: invalid capture state: duplication not started
[host] capture error: invalid capture state: duplication not started
[host] capture error: invalid capture state: duplication not started
[host] capture error: invalid capture state: duplication not started
[host] capture error: invalid capture state: duplication not started
[host] capture error: invalid capture state: duplication not started
[host] capture error: invalid capture state: duplication not started
[host] capture error: invalid capture state: duplication not started
[host] capture error: invalid capture state: duplication not started
[host] capture error: invalid capture state: duplication not started
[host] capture error: invalid capture state: duplication not started
[host] capture error: invalid capture state: duplication not started
[host] capture error: invalid capture state: duplication not started
[host] capture error: invalid capture state: duplication not started
[host] capture error: invalid capture state: duplication not started
[host] capture error: invalid capture state: duplication not started
[host] capture error: invalid capture state: duplication not started
[host] capture error: invalid capture state: duplication not started
[rig-host] loop alive, host=Connected
[host] capture error: invalid capture state: duplication not started
[host] capture error: invalid capture state: duplication not started
[host] capture error: invalid capture state: duplication not started
[host] capture error: invalid capture state: duplication not started
[host] capture error: invalid capture state: duplication not started
[host] capture error: invalid capture state: duplication not started
[host] capture error: invalid capture state: duplication not started
[host] capture error: invalid capture state: duplication not started
[host] capture error: invalid capture state: duplication not started
[host] capture error: invalid capture state: duplication not started
[host] capture error: invalid capture state: duplication not started
[host] capture error: invalid capture state: duplication not started
[host] capture error: invalid capture state: duplication not started
[host] capture error: invalid capture state: duplication not started
[host] capture error: invalid capture state: duplication not started
[host] capture error: invalid capture state: duplication not started
[host] capture error: invalid capture state: duplication not started
[host] capture error: invalid capture state: duplication not started
[host] capture error: invalid capture state: duplication not started
[host] capture error: invalid capture state: duplication not started
[rig-host] loop alive, host=Connected
[host] capture error: invalid capture state: duplication not started
[host] capture error: invalid capture state: duplication not started
[host] capture error: invalid capture state: duplication not started
[host] capture error: invalid capture state: duplication not started
[host] capture error: invalid capture state: duplication not started
[host] capture error: invalid capture state: duplication not started
[host] capture error: invalid capture state: duplication not started
[host] capture error: invalid capture state: duplication not started
[host] capture error: invalid capture state: duplication not started
[host] capture error: invalid capture state: duplication not started
[host] capture error: invalid capture state: duplication not started
[host] capture error: invalid capture state: duplication not started
[host] capture error: invalid capture state: duplication not started
[host] capture error: invalid capture state: duplication not started
[host] capture error: invalid capture state: duplication not started
[host] capture error: invalid capture state: duplication not started
[host] capture error: invalid capture state: duplication not started
[host] capture error: invalid capture state: duplication not started
[host] capture error: invalid capture state: duplication not started
[host] capture error: invalid capture state: duplication not started
[rig-host] loop alive, host=Connected
[host] capture error: invalid capture state: duplication not started
[host] capture error: invalid capture state: duplication not started
[host] capture error: invalid capture state: duplication not started
[host] capture error: invalid capture state: duplication not started
[host] capture error: invalid capture state: duplication not started
[host] capture error: invalid capture state: duplication not started
[host] capture error: invalid capture state: duplication not started
[host] capture error: invalid capture state: duplication not started
[host] capture error: invalid capture state: duplication not started
[host] capture error: invalid capture state: duplication not started
[host] capture error: invalid capture state: duplication not started
[host] capture error: invalid capture state: duplication not started
[host] capture error: invalid capture state: duplication not started
[host] capture error: invalid capture state: duplication not started
[host] capture error: invalid capture state: duplication not started
[host] capture error: invalid capture state: duplication not started
[host] capture error: invalid capture state: duplication not started
[host] capture error: invalid capture state: duplication not started
[host] capture error: invalid capture state: duplication not started
[host] capture error: invalid capture state: duplication not started
[rig-host] loop alive, host=Connected
[host] capture error: invalid capture state: duplication not started
[host] capture error: invalid capture state: duplication not started
[host] capture error: invalid capture state: duplication not started
[host] capture error: invalid capture state: duplication not started
[host] capture error: invalid capture state: duplication not started
[host] capture error: invalid capture state: duplication not started
[host] capture error: invalid capture state: duplication not started
[host] capture error: invalid capture state: duplication not started
[host] capture error: invalid capture state: duplication not started
[host] capture error: invalid capture state: duplication not started
[host] capture error: invalid capture state: duplication not started
[host] capture error: invalid capture state: duplication not started
[host] capture error: invalid capture state: duplication not started
[host] capture error: invalid capture state: duplication not started
[host] capture error: invalid capture state: duplication not started
[host] capture error: invalid capture state: duplication not started
[host] capture error: invalid capture state: duplication not started
[host] capture error: invalid capture state: duplication not started
[host] capture error: invalid capture state: duplication not started
[host] capture error: invalid capture state: duplication not started
[rig-host] loop alive, host=Connected
[host] capture error: invalid capture state: duplication not started
[host] capture error: invalid capture state: duplication not started
[host] capture error: invalid capture state: duplication not started
[host] capture error: invalid capture state: duplication not started
[host] capture error: invalid capture state: duplication not started
[host] capture error: invalid capture state: duplication not started
[host] capture error: invalid capture state: duplication not started
[host] capture error: invalid capture state: duplication not started
[host] capture error: invalid capture state: duplication not started
[host] capture error: invalid capture state: duplication not started
[host] capture error: invalid capture state: duplication not started
[host] capture error: invalid capture state: duplication not started
[host] capture error: invalid capture state: duplication not started
[host] capture error: invalid capture state: duplication not started
[host] capture error: invalid capture state: duplication not started
[host] capture error: invalid capture state: duplication not started
[host] capture error: invalid capture state: duplication not started
[host] capture error: invalid capture state: duplication not started
[host] capture error: invalid capture state: duplication not started
[host] capture error: invalid capture state: duplication not started
[rig-host] loop alive, host=Connected
[host] capture error: invalid capture state: duplication not started
[host] capture error: invalid capture state: duplication not started
[host] capture error: invalid capture state: duplication not started
[host] capture error: invalid capture state: duplication not started
[host] capture error: invalid capture state: duplication not started
[host] capture error: invalid capture state: duplication not started
[host] capture error: invalid capture state: duplication not started
[host] capture error: invalid capture state: duplication not started
[host] capture error: invalid capture state: duplication not started
[host] capture error: invalid capture state: duplication not started
[host] capture error: invalid capture state: duplication not started
[host] capture error: invalid capture state: duplication not started
[host] capture error: invalid capture state: duplication not started
[host] capture error: invalid capture state: duplication not started
[host] capture error: invalid capture state: duplication not started
[host] capture error: invalid capture state: duplication not started
[host] capture error: invalid capture state: duplication not started
[host] capture error: invalid capture state: duplication not started
[host] capture error: invalid capture state: duplication not started
[host] capture error: invalid capture state: duplication not started
[rig-host] loop alive, host=Connected
[host] capture error: invalid capture state: duplication not started
[host] capture error: invalid capture state: duplication not started
[host] capture error: invalid capture state: duplication not started
[host] capture error: invalid capture state: duplication not started
[host] capture error: invalid capture state: duplication not started
[host] capture error: invalid capture state: duplication not started
[host] capture error: invalid capture state: duplication not started
[host] capture error: invalid capture state: duplication not started
[host] capture error: invalid capture state: duplication not started
[host] capture error: invalid capture state: duplication not started
[host] capture error: invalid capture state: duplication not started
[host] capture error: invalid capture state: duplication not started
[host] capture error: invalid capture state: duplication not started
[host] capture error: invalid capture state: duplication not started
[host] capture error: invalid capture state: duplication not started
[host] capture error: invalid capture state: duplication not started
[host] capture error: invalid capture state: duplication not started
[host] capture error: invalid capture state: duplication not started
[host] capture error: invalid capture state: duplication not started
[host] capture error: invalid capture state: duplication not started
[rig-host] loop alive, host=Connected
[host] capture error: invalid capture state: duplication not started
[host] capture error: invalid capture state: duplication not started
[host] capture error: invalid capture state: duplication not started
[host] capture error: invalid capture state: duplication not started
[host] capture error: invalid capture state: duplication not started
[host] capture error: invalid capture state: duplication not started
[host] capture error: invalid capture state: duplication not started
[host] capture error: invalid capture state: duplication not started
[host] capture error: invalid capture state: duplication not started
[host] capture error: invalid capture state: duplication not started
[host] capture error: invalid capture state: duplication not started
[host] capture error: invalid capture state: duplication not started
[host] capture error: invalid capture state: duplication not started
[host] capture error: invalid capture state: duplication not started
[host] capture error: invalid capture state: duplication not started
[host] capture error: invalid capture state: duplication not started
[host] capture error: invalid capture state: duplication not started
[host] capture error: invalid capture state: duplication not started
[host] capture error: invalid capture state: duplication not started
[host] capture error: invalid capture state: duplication not started
[rig-host] loop alive, host=Connected
[host] capture error: invalid capture state: duplication not started
[host] capture error: invalid capture state: duplication not started
[host] capture error: invalid capture state: duplication not started
[host] capture error: invalid capture state: duplication not started
[host] capture error: invalid capture state: duplication not started
[host] capture error: invalid capture state: duplication not started
[host] capture error: invalid capture state: duplication not started
[host] capture error: invalid capture state: duplication not started
[host] capture error: invalid capture state: duplication not started
[host] capture error: invalid capture state: duplication not started
[host] capture error: invalid capture state: duplication not started
[host] capture error: invalid capture state: duplication not started
[host] capture error: invalid capture state: duplication not started
[host] capture error: invalid capture state: duplication not started
[host] capture error: invalid capture state: duplication not started
[host] capture error: invalid capture state: duplication not started
[host] capture error: invalid capture state: duplication not started
[host] capture error: invalid capture state: duplication not started
[host] capture error: invalid capture state: duplication not started
[host] capture error: invalid capture state: duplication not started
[rig-host] loop alive, host=Connected
[host] capture error: invalid capture state: duplication not started
[host] capture error: invalid capture state: duplication not started
[host] capture error: invalid capture state: duplication not started
[host] capture error: invalid capture state: duplication not started
[host] capture error: invalid capture state: duplication not started
[host] capture error: invalid capture state: duplication not started
[host] capture error: invalid capture state: duplication not started
[host] capture error: invalid capture state: duplication not started
[host] capture error: invalid capture state: duplication not started
[host] capture error: invalid capture state: duplication not started
[host] capture error: invalid capture state: duplication not started
[host] capture error: invalid capture state: duplication not started
[host] capture error: invalid capture state: duplication not started
[host] capture error: invalid capture state: duplication not started
[host] capture error: invalid capture state: duplication not started
[host] capture error: invalid capture state: duplication not started
[host] capture error: invalid capture state: duplication not started
[host] capture error: invalid capture state: duplication not started
[host] capture error: invalid capture state: duplication not started
[host] capture error: invalid capture state: duplication not started
[rig-host] loop alive, host=Connected
[host] capture error: invalid capture state: duplication not started
[host] capture error: invalid capture state: duplication not started
[host] capture error: invalid capture state: duplication not started
[host] capture error: invalid capture state: duplication not started
[host] capture error: invalid capture state: duplication not started
[host] capture error: invalid capture state: duplication not started
[host] capture error: invalid capture state: duplication not started
[host] capture error: invalid capture state: duplication not started
[host] capture error: invalid capture state: duplication not started
[host] capture error: invalid capture state: duplication not started
[host] capture error: invalid capture state: duplication not started
[host] capture error: invalid capture state: duplication not started
[host] capture error: invalid capture state: duplication not started
[host] capture error: invalid capture state: duplication not started
[host] capture error: invalid capture state: duplication not started
[host] capture error: invalid capture state: duplication not started
[host] capture error: invalid capture state: duplication not started
[host] capture error: invalid capture state: duplication not started
[host] capture error: invalid capture state: duplication not started
[host] capture error: invalid capture state: duplication not started
[rig-host] loop alive, host=Connected
[host] capture error: invalid capture state: duplication not started
[host] capture error: invalid capture state: duplication not started
[host] capture error: invalid capture state: duplication not started
[host] capture error: invalid capture state: duplication not started
[host] capture error: invalid capture state: duplication not started
[host] capture error: invalid capture state: duplication not started
[host] capture error: invalid capture state: duplication not started
[host] capture error: invalid capture state: duplication not started
[host] capture error: invalid capture state: duplication not started
[host] capture error: invalid capture state: duplication not started
[host] capture error: invalid capture state: duplication not started
[host] capture error: invalid capture state: duplication not started
[host] capture error: invalid capture state: duplication not started
[host] capture error: invalid capture state: duplication not started
[host] capture error: invalid capture state: duplication not started
[host] capture error: invalid capture state: duplication not started
[host] capture error: invalid capture state: duplication not started
[host] capture error: invalid capture state: duplication not started
[host] capture error: invalid capture state: duplication not started
[host] capture error: invalid capture state: duplication not started
[rig-host] loop alive, host=Connected
[host] capture error: invalid capture state: duplication not started
[host] capture error: invalid capture state: duplication not started
[host] capture error: invalid capture state: duplication not started
[host] capture error: invalid capture state: duplication not started
[host] capture error: invalid capture state: duplication not started
[host] capture error: invalid capture state: duplication not started
[host] capture error: invalid capture state: duplication not started
[host] capture error: invalid capture state: duplication not started
[host] capture error: invalid capture state: duplication not started
[host] capture error: invalid capture state: duplication not started
[host] capture error: invalid capture state: duplication not started
[host] capture error: invalid capture state: duplication not started
[host] capture error: invalid capture state: duplication not started
[host] capture error: invalid capture state: duplication not started
[host] capture error: invalid capture state: duplication not started
[host] capture error: invalid capture state: duplication not started
[host] capture error: invalid capture state: duplication not started
[host] capture error: invalid capture state: duplication not started
[host] capture error: invalid capture state: duplication not started
[host] capture error: invalid capture state: duplication not started
[rig-host] loop alive, host=Connected
[host] capture error: invalid capture state: duplication not started
[host] capture error: invalid capture state: duplication not started
[host] capture error: invalid capture state: duplication not started
[host] capture error: invalid capture state: duplication not started
[host] capture error: invalid capture state: duplication not started
[host] capture error: invalid capture state: duplication not started
[host] capture error: invalid capture state: duplication not started
[host] capture error: invalid capture state: duplication not started
[host] capture error: invalid capture state: duplication not started
[host] capture error: invalid capture state: duplication not started
[host] capture error: invalid capture state: duplication not started
[host] capture error: invalid capture state: duplication not started
[host] capture error: invalid capture state: duplication not started
[host] capture error: invalid capture state: duplication not started
[host] capture error: invalid capture state: duplication not started
[host] capture error: invalid capture state: duplication not started
[host] capture error: invalid capture state: duplication not started
[host] capture error: invalid capture state: duplication not started
[host] capture error: invalid capture state: duplication not started
[rig-host] loop alive, host=Connected
[host] capture error: invalid capture state: duplication not started
[host] capture error: invalid capture state: duplication not started
[host] capture error: invalid capture state: duplication not started
[host] capture error: invalid capture state: duplication not started
[host] capture error: invalid capture state: duplication not started
[host] capture error: invalid capture state: duplication not started
[host] capture error: invalid capture state: duplication not started
[host] capture error: invalid capture state: duplication not started
[host] capture error: invalid capture state: duplication not started
[host] capture error: invalid capture state: duplication not started
[host] capture error: invalid capture state: duplication not started
[host] capture error: invalid capture state: duplication not started
[host] capture error: invalid capture state: duplication not started
[host] capture error: invalid capture state: duplication not started
[host] capture error: invalid capture state: duplication not started
[host] capture error: invalid capture state: duplication not started
[host] capture error: invalid capture state: duplication not started
[host] capture error: invalid capture state: duplication not started
[host] capture error: invalid capture state: duplication not started
[host] capture error: invalid capture state: duplication not started
[rig-host] loop alive, host=Connected
[host] capture error: invalid capture state: duplication not started
[host] capture error: invalid capture state: duplication not started
[host] capture error: invalid capture state: duplication not started
[host] capture error: invalid capture state: duplication not started
[host] capture error: invalid capture state: duplication not started
[host] capture error: invalid capture state: duplication not started
[host] capture error: invalid capture state: duplication not started
[host] capture error: invalid capture state: duplication not started
[host] capture error: invalid capture state: duplication not started
[host] capture error: invalid capture state: duplication not started
[host] capture error: invalid capture state: duplication not started
[host] capture error: invalid capture state: duplication not started
[host] capture error: invalid capture state: duplication not started
[host] capture error: invalid capture state: duplication not started
[host] capture error: invalid capture state: duplication not started
[host] capture error: invalid capture state: duplication not started
[host] capture error: invalid capture state: duplication not started
[host] capture error: invalid capture state: duplication not started
[host] capture error: invalid capture state: duplication not started
[host] capture error: invalid capture state: duplication not started
[host] capture error: invalid capture state: duplication not started
[rig-host] loop alive, host=Connected
[host] capture error: invalid capture state: duplication not started
[host] capture error: invalid capture state: duplication not started
[host] capture error: invalid capture state: duplication not started
[host] capture error: invalid capture state: duplication not started
[host] capture error: invalid capture state: duplication not started
[host] capture error: invalid capture state: duplication not started
[host] capture error: invalid capture state: duplication not started
[host] capture error: invalid capture state: duplication not started
[host] capture error: invalid capture state: duplication not started
[host] capture error: invalid capture state: duplication not started
[host] capture error: invalid capture state: duplication not started
[host] capture error: invalid capture state: duplication not started
[host] capture error: invalid capture state: duplication not started
[host] capture error: invalid capture state: duplication not started
[host] capture error: invalid capture state: duplication not started
[host] capture error: invalid capture state: duplication not started
[host] capture error: invalid capture state: duplication not started
[host] capture error: invalid capture state: duplication not started
[host] capture error: invalid capture state: duplication not started
[rig-host] loop alive, host=Connected
[host] capture error: invalid capture state: duplication not started
[host] capture error: invalid capture state: duplication not started
[host] capture error: invalid capture state: duplication not started
[host] capture error: invalid capture state: duplication not started
[host] capture error: invalid capture state: duplication not started
[host] capture error: invalid capture state: duplication not started
[host] capture error: invalid capture state: duplication not started
[host] capture error: invalid capture state: duplication not started
[host] capture error: invalid capture state: duplication not started
[host] capture error: invalid capture state: duplication not started
[host] capture error: invalid capture state: duplication not started
[host] capture error: invalid capture state: duplication not started
[host] capture error: invalid capture state: duplication not started
[host] capture error: invalid capture state: duplication not started
[host] capture error: invalid capture state: duplication not started
[host] capture error: invalid capture state: duplication not started
[host] capture error: invalid capture state: duplication not started
[host] capture error: invalid capture state: duplication not started
[host] capture error: invalid capture state: duplication not started
[host] capture error: invalid capture state: duplication not started
[rig-host] loop alive, host=Connected
[host] capture error: invalid capture state: duplication not started
[host] capture error: invalid capture state: duplication not started
[host] capture error: invalid capture state: duplication not started
[host] capture error: invalid capture state: duplication not started
[host] capture error: invalid capture state: duplication not started
[host] capture error: invalid capture state: duplication not started
[host] capture error: invalid capture state: duplication not started
[host] capture error: invalid capture state: duplication not started
[host] capture error: invalid capture state: duplication not started
[host] capture error: invalid capture state: duplication not started
[host] capture error: invalid capture state: duplication not started
[host] capture error: invalid capture state: duplication not started
[host] capture error: invalid capture state: duplication not started
[host] capture error: invalid capture state: duplication not started
[host] capture error: invalid capture state: duplication not started
[host] capture error: invalid capture state: duplication not started
[host] capture error: invalid capture state: duplication not started
[host] capture error: invalid capture state: duplication not started
[host] capture error: invalid capture state: duplication not started
[host] capture error: invalid capture state: duplication not started
[rig-host] loop alive, host=Connected
[host] capture error: invalid capture state: duplication not started
[host] capture error: invalid capture state: duplication not started
[host] capture error: invalid capture state: duplication not started
[host] capture error: invalid capture state: duplication not started
[host] capture error: invalid capture state: duplication not started
[host] capture error: invalid capture state: duplication not started
[host] capture error: invalid capture state: duplication not started
[host] capture error: invalid capture state: duplication not started
[host] capture error: invalid capture state: duplication not started
[host] capture error: invalid capture state: duplication not started
[host] capture error: invalid capture state: duplication not started
[host] capture error: invalid capture state: duplication not started
[host] capture error: invalid capture state: duplication not started
[host] capture error: invalid capture state: duplication not started
[host] capture error: invalid capture state: duplication not started
[host] capture error: invalid capture state: duplication not started
[host] capture error: invalid capture state: duplication not started
[host] capture error: invalid capture state: duplication not started
[host] capture error: invalid capture state: duplication not started
[host] capture error: invalid capture state: duplication not started
[rig-host] loop alive, host=Connected
[host] capture error: invalid capture state: duplication not started
[host] capture error: invalid capture state: duplication not started
[host] capture error: invalid capture state: duplication not started
[host] capture error: invalid capture state: duplication not started
[host] capture error: invalid capture state: duplication not started
[host] capture error: invalid capture state: duplication not started
[host] capture error: invalid capture state: duplication not started
[host] capture error: invalid capture state: duplication not started
[host] capture error: invalid capture state: duplication not started
[host] capture error: invalid capture state: duplication not started
[host] capture error: invalid capture state: duplication not started
[host] capture error: invalid capture state: duplication not started
[host] capture error: invalid capture state: duplication not started
[host] capture error: invalid capture state: duplication not started
[host] capture error: invalid capture state: duplication not started
[host] capture error: invalid capture state: duplication not started
[host] capture error: invalid capture state: duplication not started
[host] capture error: invalid capture state: duplication not started
[host] capture error: invalid capture state: duplication not started
[host] capture error: invalid capture state: duplication not started
[rig-host] loop alive, host=Connected
[host] capture error: invalid capture state: duplication not started
[host] capture error: invalid capture state: duplication not started
[host] capture error: invalid capture state: duplication not started
[host] capture error: invalid capture state: duplication not started
[host] capture error: invalid capture state: duplication not started
[host] capture error: invalid capture state: duplication not started
[host] capture error: invalid capture state: duplication not started
[host] capture error: invalid capture state: duplication not started
[host] capture error: invalid capture state: duplication not started
[host] capture error: invalid capture state: duplication not started
[host] capture error: invalid capture state: duplication not started
[host] capture error: invalid capture state: duplication not started
[host] capture error: invalid capture state: duplication not started
[host] capture error: invalid capture state: duplication not started
[host] capture error: invalid capture state: duplication not started
[host] capture error: invalid capture state: duplication not started
[host] capture error: invalid capture state: duplication not started
[host] capture error: invalid capture state: duplication not started
[host] capture error: invalid capture state: duplication not started
[host] capture error: invalid capture state: duplication not started
[rig-host] loop alive, host=Connected
[host] capture error: invalid capture state: duplication not started
[host] capture error: invalid capture state: duplication not started
[host] capture error: invalid capture state: duplication not started
[host] capture error: invalid capture state: duplication not started
[host] capture error: invalid capture state: duplication not started
[host] capture error: invalid capture state: duplication not started
[host] capture error: invalid capture state: duplication not started
[host] capture error: invalid capture state: duplication not started
[host] capture error: invalid capture state: duplication not started
[host] capture error: invalid capture state: duplication not started
[host] capture error: invalid capture state: duplication not started
[host] capture error: invalid capture state: duplication not started
[host] capture error: invalid capture state: duplication not started
[host] capture error: invalid capture state: duplication not started
[host] capture error: invalid capture state: duplication not started
[host] capture error: invalid capture state: duplication not started
[host] capture error: invalid capture state: duplication not started
[host] capture error: invalid capture state: duplication not started
[host] capture error: invalid capture state: duplication not started
[host] capture error: invalid capture state: duplication not started
[host] capture error: invalid capture state: duplication not started
[rig-host] loop alive, host=Connected
[host] capture error: invalid capture state: duplication not started
[host] capture error: invalid capture state: duplication not started
[host] capture error: invalid capture state: duplication not started
[host] capture error: invalid capture state: duplication not started
[host] capture error: invalid capture state: duplication not started
[host] capture error: invalid capture state: duplication not started
[host] capture error: invalid capture state: duplication not started
[host] capture error: invalid capture state: duplication not started
[host] capture error: invalid capture state: duplication not started
[host] capture error: invalid capture state: duplication not started
[host] capture error: invalid capture state: duplication not started
[host] capture error: invalid capture state: duplication not started
[host] capture error: invalid capture state: duplication not started
[host] capture error: invalid capture state: duplication not started
[host] capture error: invalid capture state: duplication not started
[host] capture error: invalid capture state: duplication not started
[host] capture error: invalid capture state: duplication not started
[host] capture error: invalid capture state: duplication not started
[host] capture error: invalid capture state: duplication not started
[host] capture error: invalid capture state: duplication not started
[rig-host] loop alive, host=Connected
[host] capture error: invalid capture state: duplication not started
[host] capture error: invalid capture state: duplication not started
[host] capture error: invalid capture state: duplication not started
[host] capture error: invalid capture state: duplication not started
[host] capture error: invalid capture state: duplication not started
[host] capture error: invalid capture state: duplication not started
[host] capture error: invalid capture state: duplication not started
[host] capture error: invalid capture state: duplication not started
[host] capture error: invalid capture state: duplication not started
[host] capture error: invalid capture state: duplication not started
[host] capture error: invalid capture state: duplication not started
[host] capture error: invalid capture state: duplication not started
[host] capture error: invalid capture state: duplication not started
[host] capture error: invalid capture state: duplication not started
[host] capture error: invalid capture state: duplication not started
[host] capture error: invalid capture state: duplication not started
[host] capture error: invalid capture state: duplication not started
[host] capture error: invalid capture state: duplication not started
[host] capture error: invalid capture state: duplication not started
[rig-host] loop alive, host=Connected
[host] capture error: invalid capture state: duplication not started
[host] capture error: invalid capture state: duplication not started
[host] capture error: invalid capture state: duplication not started
[host] capture error: invalid capture state: duplication not started
[host] capture error: invalid capture state: duplication not started
[host] capture error: invalid capture state: duplication not started
[host] capture error: invalid capture state: duplication not started
[host] capture error: invalid capture state: duplication not started
[host] capture error: invalid capture state: duplication not started
[host] capture error: invalid capture state: duplication not started
[host] capture error: invalid capture state: duplication not started
[host] capture error: invalid capture state: duplication not started
[host] capture error: invalid capture state: duplication not started
[host] capture error: invalid capture state: duplication not started
[host] capture error: invalid capture state: duplication not started
[host] capture error: invalid capture state: duplication not started
[host] capture error: invalid capture state: duplication not started
[host] capture error: invalid capture state: duplication not started
[host] capture error: invalid capture state: duplication not started
[host] capture error: invalid capture state: duplication not started
[rig-host] loop alive, host=Connected
[host] capture error: invalid capture state: duplication not started
[host] capture error: invalid capture state: duplication not started
[host] capture error: invalid capture state: duplication not started
[host] capture error: invalid capture state: duplication not started
[host] capture error: invalid capture state: duplication not started
[host] capture error: invalid capture state: duplication not started
[host] capture error: invalid capture state: duplication not started
[host] capture error: invalid capture state: duplication not started
[host] capture error: invalid capture state: duplication not started
[host] capture error: invalid capture state: duplication not started
[host] capture error: invalid capture state: duplication not started
[host] capture error: invalid capture state: duplication not started
[host] capture error: invalid capture state: duplication not started
[host] capture error: invalid capture state: duplication not started
[host] capture error: invalid capture state: duplication not started
[host] capture error: invalid capture state: duplication not started
[host] capture error: invalid capture state: duplication not started
[host] capture error: invalid capture state: duplication not started
[host] capture error: invalid capture state: duplication not started
[host] capture error: invalid capture state: duplication not started
[host] capture error: invalid capture state: duplication not started
[rig-host] loop alive, host=Connected
[host] capture error: invalid capture state: duplication not started
[host] capture error: invalid capture state: duplication not started
[host] capture error: invalid capture state: duplication not started
[host] capture error: invalid capture state: duplication not started
[host] capture error: invalid capture state: duplication not started
[host] capture error: invalid capture state: duplication not started
[host] capture error: invalid capture state: duplication not started
[host] capture error: invalid capture state: duplication not started
[host] capture error: invalid capture state: duplication not started
[host] capture error: invalid capture state: duplication not started
[host] capture error: invalid capture state: duplication not started
[host] capture error: invalid capture state: duplication not started
[host] capture error: invalid capture state: duplication not started
[host] capture error: invalid capture state: duplication not started
[host] capture error: invalid capture state: duplication not started
[host] capture error: invalid capture state: duplication not started
[host] capture error: invalid capture state: duplication not started
[host] capture error: invalid capture state: duplication not started
[host] capture error: invalid capture state: duplication not started
[host] capture error: invalid capture state: duplication not started
[rig-host] loop alive, host=Connected
[host] capture error: invalid capture state: duplication not started
[host] capture error: invalid capture state: duplication not started
[host] capture error: invalid capture state: duplication not started
[host] capture error: invalid capture state: duplication not started
[host] capture error: invalid capture state: duplication not started
[host] capture error: invalid capture state: duplication not started
[host] capture error: invalid capture state: duplication not started
[host] capture error: invalid capture state: duplication not started
[host] capture error: invalid capture state: duplication not started
[host] capture error: invalid capture state: duplication not started
[host] capture error: invalid capture state: duplication not started
[host] capture error: invalid capture state: duplication not started
[host] capture error: invalid capture state: duplication not started
[host] capture error: invalid capture state: duplication not started
[host] capture error: invalid capture state: duplication not started
[host] capture error: invalid capture state: duplication not started
[host] capture error: invalid capture state: duplication not started
[host] capture error: invalid capture state: duplication not started
[host] capture error: invalid capture state: duplication not started
[host] capture error: invalid capture state: duplication not started
[rig-host] loop alive, host=Connected
[host] capture error: invalid capture state: duplication not started
[host] capture error: invalid capture state: duplication not started
[host] capture error: invalid capture state: duplication not started
[host] capture error: invalid capture state: duplication not started
[host] capture error: invalid capture state: duplication not started
[host] capture error: invalid capture state: duplication not started
[host] capture error: invalid capture state: duplication not started
[host] capture error: invalid capture state: duplication not started
[host] capture error: invalid capture state: duplication not started
[host] capture error: invalid capture state: duplication not started
[host] capture error: invalid capture state: duplication not started
[host] capture error: invalid capture state: duplication not started
[host] capture error: invalid capture state: duplication not started
[host] capture error: invalid capture state: duplication not started
[host] capture error: invalid capture state: duplication not started
[host] capture error: invalid capture state: duplication not started
[host] capture error: invalid capture state: duplication not started
[host] capture error: invalid capture state: duplication not started
[host] capture error: invalid capture state: duplication not started
[host] capture error: invalid capture state: duplication not started
[rig-host] loop alive, host=Connected
[host] capture error: invalid capture state: duplication not started
[host] capture error: invalid capture state: duplication not started
[host] capture error: invalid capture state: duplication not started
[host] capture error: invalid capture state: duplication not started
[host] capture error: invalid capture state: duplication not started
[host] capture error: invalid capture state: duplication not started
[host] capture error: invalid capture state: duplication not started
[host] capture error: invalid capture state: duplication not started
[host] capture error: invalid capture state: duplication not started
[host] capture error: invalid capture state: duplication not started
[host] capture error: invalid capture state: duplication not started
[host] capture error: invalid capture state: duplication not started
[host] capture error: invalid capture state: duplication not started
[host] capture error: invalid capture state: duplication not started
[host] capture error: invalid capture state: duplication not started
[host] capture error: invalid capture state: duplication not started
[host] capture error: invalid capture state: duplication not started
[host] capture error: invalid capture state: duplication not started
[host] capture error: invalid capture state: duplication not started
[host] capture error: invalid capture state: duplication not started
[rig-host] loop alive, host=Connected
[host] capture error: invalid capture state: duplication not started
[host] capture error: invalid capture state: duplication not started
[host] capture error: invalid capture state: duplication not started
[host] capture error: invalid capture state: duplication not started
[host] capture error: invalid capture state: duplication not started
[host] capture error: invalid capture state: duplication not started
[host] capture error: invalid capture state: duplication not started
[host] capture error: invalid capture state: duplication not started
[host] capture error: invalid capture state: duplication not started
[host] capture error: invalid capture state: duplication not started
[host] capture error: invalid capture state: duplication not started
[host] capture error: invalid capture state: duplication not started
[host] capture error: invalid capture state: duplication not started
[host] capture error: invalid capture state: duplication not started
[host] capture error: invalid capture state: duplication not started
[host] capture error: invalid capture state: duplication not started
[host] capture error: invalid capture state: duplication not started
[host] capture error: invalid capture state: duplication not started
[host] capture error: invalid capture state: duplication not started
[host] capture error: invalid capture state: duplication not started
[rig-host] loop alive, host=Connected
[host] capture error: invalid capture state: duplication not started
[host] capture error: invalid capture state: duplication not started
[host] capture error: invalid capture state: duplication not started
[host] capture error: invalid capture state: duplication not started
[host] capture error: invalid capture state: duplication not started
[host] capture error: invalid capture state: duplication not started
[host] capture error: invalid capture state: duplication not started
[host] capture error: invalid capture state: duplication not started
[host] capture error: invalid capture state: duplication not started
[host] capture error: invalid capture state: duplication not started
[host] capture error: invalid capture state: duplication not started
[host] capture error: invalid capture state: duplication not started
[host] capture error: invalid capture state: duplication not started
[host] capture error: invalid capture state: duplication not started
[host] capture error: invalid capture state: duplication not started
[host] capture error: invalid capture state: duplication not started
[host] capture error: invalid capture state: duplication not started
[host] capture error: invalid capture state: duplication not started
[host] capture error: invalid capture state: duplication not started
[host] capture error: invalid capture state: duplication not started
[rig-host] loop alive, host=Connected
[host] capture error: invalid capture state: duplication not started
[host] capture error: invalid capture state: duplication not started
[host] capture error: invalid capture state: duplication not started
[host] capture error: invalid capture state: duplication not started
[host] capture error: invalid capture state: duplication not started
[host] capture error: invalid capture state: duplication not started
[host] capture error: invalid capture state: duplication not started
[host] capture error: invalid capture state: duplication not started
[host] capture error: invalid capture state: duplication not started
[host] capture error: invalid capture state: duplication not started
[host] capture error: invalid capture state: duplication not started
[host] capture error: invalid capture state: duplication not started
[host] capture error: invalid capture state: duplication not started
[host] capture error: invalid capture state: duplication not started
[host] capture error: invalid capture state: duplication not started
[host] capture error: invalid capture state: duplication not started
[host] capture error: invalid capture state: duplication not started
[host] capture error: invalid capture state: duplication not started
[host] capture error: invalid capture state: duplication not started
[host] capture error: invalid capture state: duplication not started
[rig-host] loop alive, host=Connected
[host] capture error: invalid capture state: duplication not started
[host] capture error: invalid capture state: duplication not started
[host] capture error: invalid capture state: duplication not started
[host] capture error: invalid capture state: duplication not started
[host] capture error: invalid capture state: duplication not started
[host] capture error: invalid capture state: duplication not started
[host] capture error: invalid capture state: duplication not started
[host] capture error: invalid capture state: duplication not started
[host] capture error: invalid capture state: duplication not started
[host] capture error: invalid capture state: duplication not started
[host] capture error: invalid capture state: duplication not started
[host] capture error: invalid capture state: duplication not started
[host] capture error: invalid capture state: duplication not started
[host] capture error: invalid capture state: duplication not started
[host] capture error: invalid capture state: duplication not started
[host] capture error: invalid capture state: duplication not started
[host] capture error: invalid capture state: duplication not started
[host] capture error: invalid capture state: duplication not started
[host] capture error: invalid capture state: duplication not started
[rig-host] loop alive, host=Connected
[host] capture error: invalid capture state: duplication not started
[host] capture error: invalid capture state: duplication not started
[host] capture error: invalid capture state: duplication not started
[host] capture error: invalid capture state: duplication not started
[host] capture error: invalid capture state: duplication not started
[host] capture error: invalid capture state: duplication not started
[host] capture error: invalid capture state: duplication not started
[host] capture error: invalid capture state: duplication not started
[host] capture error: invalid capture state: duplication not started
[host] capture error: invalid capture state: duplication not started
[host] capture error: invalid capture state: duplication not started
[host] capture error: invalid capture state: duplication not started
[host] capture error: invalid capture state: duplication not started
[host] capture error: invalid capture state: duplication not started
[host] capture error: invalid capture state: duplication not started
[host] capture error: invalid capture state: duplication not started
[host] capture error: invalid capture state: duplication not started
[host] capture error: invalid capture state: duplication not started
[host] capture error: invalid capture state: duplication not started
[host] capture error: invalid capture state: duplication not started
[host] capture error: invalid capture state: duplication not started
[rig-host] loop alive, host=Connected
[host] capture error: invalid capture state: duplication not started
[host] capture error: invalid capture state: duplication not started
[host] capture error: invalid capture state: duplication not started
[host] capture error: invalid capture state: duplication not started
[host] capture error: invalid capture state: duplication not started
[host] capture error: invalid capture state: duplication not started
[host] capture error: invalid capture state: duplication not started
[host] capture error: invalid capture state: duplication not started
[host] capture error: invalid capture state: duplication not started
[host] capture error: invalid capture state: duplication not started
[host] capture error: invalid capture state: duplication not started
[host] capture error: invalid capture state: duplication not started
[host] capture error: invalid capture state: duplication not started
[host] capture error: invalid capture state: duplication not started
[host] capture error: invalid capture state: duplication not started
[host] capture error: invalid capture state: duplication not started
[host] capture error: invalid capture state: duplication not started
[host] capture error: invalid capture state: duplication not started
[host] capture error: invalid capture state: duplication not started
[host] capture error: invalid capture state: duplication not started
[rig-host] loop alive, host=Connected
[host] capture error: invalid capture state: duplication not started
[host] capture error: invalid capture state: duplication not started
[host] capture error: invalid capture state: duplication not started
[host] capture error: invalid capture state: duplication not started
[host] capture error: invalid capture state: duplication not started
[host] capture error: invalid capture state: duplication not started
[host] capture error: invalid capture state: duplication not started
[host] capture error: invalid capture state: duplication not started
[host] capture error: invalid capture state: duplication not started
[host] capture error: invalid capture state: duplication not started
[host] capture error: invalid capture state: duplication not started
[host] capture error: invalid capture state: duplication not started
[host] capture error: invalid capture state: duplication not started
[host] capture error: invalid capture state: duplication not started
[host] capture error: invalid capture state: duplication not started
[host] capture error: invalid capture state: duplication not started
[host] capture error: invalid capture state: duplication not started
[host] capture error: invalid capture state: duplication not started
[host] capture error: invalid capture state: duplication not started
[rig-host] loop alive, host=Connected
[host] capture error: invalid capture state: duplication not started
[host] capture error: invalid capture state: duplication not started
[host] capture error: invalid capture state: duplication not started
[host] capture error: invalid capture state: duplication not started
[host] capture error: invalid capture state: duplication not started
[host] capture error: invalid capture state: duplication not started
[host] capture error: invalid capture state: duplication not started
[host] capture error: invalid capture state: duplication not started
[host] capture error: invalid capture state: duplication not started
[host] capture error: invalid capture state: duplication not started
[host] capture error: invalid capture state: duplication not started
[host] capture error: invalid capture state: duplication not started
[host] capture error: invalid capture state: duplication not started
[host] capture error: invalid capture state: duplication not started
[host] capture error: invalid capture state: duplication not started
[host] capture error: invalid capture state: duplication not started
[host] capture error: invalid capture state: duplication not started
[host] capture error: invalid capture state: duplication not started
[host] capture error: invalid capture state: duplication not started
[host] capture error: invalid capture state: duplication not started
[rig-host] loop alive, host=Connected
[host] capture error: invalid capture state: duplication not started
[host] capture error: invalid capture state: duplication not started
[host] capture error: invalid capture state: duplication not started
[host] capture error: invalid capture state: duplication not started
[host] capture error: invalid capture state: duplication not started
[host] capture error: invalid capture state: duplication not started
[host] capture error: invalid capture state: duplication not started
[host] capture error: invalid capture state: duplication not started
[host] capture error: invalid capture state: duplication not started
[host] capture error: invalid capture state: duplication not started
[host] capture error: invalid capture state: duplication not started
[host] capture error: invalid capture state: duplication not started
[host] capture error: invalid capture state: duplication not started
[host] capture error: invalid capture state: duplication not started
[host] capture error: invalid capture state: duplication not started
[host] capture error: invalid capture state: duplication not started
[host] capture error: invalid capture state: duplication not started
[host] capture error: invalid capture state: duplication not started
[host] capture error: invalid capture state: duplication not started
[host] capture error: invalid capture state: duplication not started
[rig-host] loop alive, host=Connected
[host] capture error: invalid capture state: duplication not started
[host] capture error: invalid capture state: duplication not started
[host] capture error: invalid capture state: duplication not started
[host] capture error: invalid capture state: duplication not started
[host] capture error: invalid capture state: duplication not started
[host] capture error: invalid capture state: duplication not started
[host] capture error: invalid capture state: duplication not started
[host] capture error: invalid capture state: duplication not started
[host] capture error: invalid capture state: duplication not started
[host] capture error: invalid capture state: duplication not started
[host] capture error: invalid capture state: duplication not started
[host] capture error: invalid capture state: duplication not started
[host] capture error: invalid capture state: duplication not started
[host] capture error: invalid capture state: duplication not started
[host] capture error: invalid capture state: duplication not started
[host] capture error: invalid capture state: duplication not started
[host] capture error: invalid capture state: duplication not started
[host] capture error: invalid capture state: duplication not started
[host] capture error: invalid capture state: duplication not started
[host] capture error: invalid capture state: duplication not started
[rig-host] loop alive, host=Connected
[host] capture error: invalid capture state: duplication not started
[host] capture error: invalid capture state: duplication not started
[host] capture error: invalid capture state: duplication not started
[host] capture error: invalid capture state: duplication not started
[host] capture error: invalid capture state: duplication not started
[host] capture error: invalid capture state: duplication not started
[host] capture error: invalid capture state: duplication not started
[host] capture error: invalid capture state: duplication not started
[host] capture error: invalid capture state: duplication not started
[host] capture error: invalid capture state: duplication not started
[host] capture error: invalid capture state: duplication not started
[host] capture error: invalid capture state: duplication not started
[host] capture error: invalid capture state: duplication not started
[host] capture error: invalid capture state: duplication not started
[host] capture error: invalid capture state: duplication not started
[host] capture error: invalid capture state: duplication not started
[host] capture error: invalid capture state: duplication not started
[host] capture error: invalid capture state: duplication not started
[host] capture error: invalid capture state: duplication not started
[host] capture error: invalid capture state: duplication not started
[rig-host] loop alive, host=Connected
[host] capture error: invalid capture state: duplication not started
[host] capture error: invalid capture state: duplication not started
[host] capture error: invalid capture state: duplication not started
[host] capture error: invalid capture state: duplication not started
[host] capture error: invalid capture state: duplication not started
[host] capture error: invalid capture state: duplication not started
[host] capture error: invalid capture state: duplication not started
[host] capture error: invalid capture state: duplication not started
[host] capture error: invalid capture state: duplication not started
[host] capture error: invalid capture state: duplication not started
[host] capture error: invalid capture state: duplication not started
[host] capture error: invalid capture state: duplication not started
[host] capture error: invalid capture state: duplication not started
[host] capture error: invalid capture state: duplication not started
[host] capture error: invalid capture state: duplication not started
[host] capture error: invalid capture state: duplication not started
[host] capture error: invalid capture state: duplication not started
[host] capture error: invalid capture state: duplication not started
[host] capture error: invalid capture state: duplication not started
[host] capture error: invalid capture state: duplication not started
[rig-host] loop alive, host=Connected
[host] capture error: invalid capture state: duplication not started
[host] capture error: invalid capture state: duplication not started
[host] capture error: invalid capture state: duplication not started
[host] capture error: invalid capture state: duplication not started
[host] capture error: invalid capture state: duplication not started
[host] capture error: invalid capture state: duplication not started
[host] capture error: invalid capture state: duplication not started
[host] capture error: invalid capture state: duplication not started
[host] capture error: invalid capture state: duplication not started
[host] capture error: invalid capture state: duplication not started
[host] capture error: invalid capture state: duplication not started
[host] capture error: invalid capture state: duplication not started
[host] capture error: invalid capture state: duplication not started
[host] capture error: invalid capture state: duplication not started
[host] capture error: invalid capture state: duplication not started
[host] capture error: invalid capture state: duplication not started
[host] capture error: invalid capture state: duplication not started
[host] capture error: invalid capture state: duplication not started
[host] capture error: invalid capture state: duplication not started
[host] capture error: invalid capture state: duplication not started
[rig-host] loop alive, host=Connected
[host] capture error: invalid capture state: duplication not started
[host] capture error: invalid capture state: duplication not started
[host] capture error: invalid capture state: duplication not started
[host] capture error: invalid capture state: duplication not started
[host] capture error: invalid capture state: duplication not started
[host] capture error: invalid capture state: duplication not started
[host] capture error: invalid capture state: duplication not started
[host] capture error: invalid capture state: duplication not started
[host] capture error: invalid capture state: duplication not started
[host] capture error: invalid capture state: duplication not started
[host] capture error: invalid capture state: duplication not started
[host] capture error: invalid capture state: duplication not started
[host] capture error: invalid capture state: duplication not started
[host] capture error: invalid capture state: duplication not started
[host] capture error: invalid capture state: duplication not started
[host] capture error: invalid capture state: duplication not started
[host] capture error: invalid capture state: duplication not started
[host] capture error: invalid capture state: duplication not started
[host] capture error: invalid capture state: duplication not started
[host] capture error: invalid capture state: duplication not started
[rig-host] loop alive, host=Connected
[host] capture error: invalid capture state: duplication not started
[host] capture error: invalid capture state: duplication not started
[host] capture error: invalid capture state: duplication not started
[host] capture error: invalid capture state: duplication not started
[host] capture error: invalid capture state: duplication not started
[host] capture error: invalid capture state: duplication not started
[host] capture error: invalid capture state: duplication not started
[host] capture error: invalid capture state: duplication not started
[host] capture error: invalid capture state: duplication not started
[host] capture error: invalid capture state: duplication not started
[host] capture error: invalid capture state: duplication not started
[host] capture error: invalid capture state: duplication not started
[host] capture error: invalid capture state: duplication not started
[host] capture error: invalid capture state: duplication not started
[host] capture error: invalid capture state: duplication not started
[host] capture error: invalid capture state: duplication not started
[host] capture error: invalid capture state: duplication not started
[host] capture error: invalid capture state: duplication not started
[host] capture error: invalid capture state: duplication not started
[host] capture error: invalid capture state: duplication not started
[rig-host] loop alive, host=Connected
[host] capture error: invalid capture state: duplication not started
[host] capture error: invalid capture state: duplication not started
[host] capture error: invalid capture state: duplication not started
[host] capture error: invalid capture state: duplication not started
[host] capture error: invalid capture state: duplication not started
[host] capture error: invalid capture state: duplication not started
[host] capture error: invalid capture state: duplication not started
[host] capture error: invalid capture state: duplication not started
[host] capture error: invalid capture state: duplication not started
[host] capture error: invalid capture state: duplication not started
[host] capture error: invalid capture state: duplication not started
[host] capture error: invalid capture state: duplication not started
[host] capture error: invalid capture state: duplication not started
[host] capture error: invalid capture state: duplication not started
[host] capture error: invalid capture state: duplication not started
[host] capture error: invalid capture state: duplication not started
[host] capture error: invalid capture state: duplication not started
[host] capture error: invalid capture state: duplication not started
[host] capture error: invalid capture state: duplication not started
[host] capture error: invalid capture state: duplication not started
[rig-host] loop alive, host=Connected
[host] capture error: invalid capture state: duplication not started
[host] capture error: invalid capture state: duplication not started
[host] capture error: invalid capture state: duplication not started
[host] capture error: invalid capture state: duplication not started
[host] capture error: invalid capture state: duplication not started
[host] capture error: invalid capture state: duplication not started
[host] capture error: invalid capture state: duplication not started
[host] capture error: invalid capture state: duplication not started
[host] capture error: invalid capture state: duplication not started
[host] capture error: invalid capture state: duplication not started
[host] capture error: invalid capture state: duplication not started
[host] capture error: invalid capture state: duplication not started
[host] capture error: invalid capture state: duplication not started
[host] capture error: invalid capture state: duplication not started
[host] capture error: invalid capture state: duplication not started
[host] capture error: invalid capture state: duplication not started
[host] capture error: invalid capture state: duplication not started
[host] capture error: invalid capture state: duplication not started
[host] capture error: invalid capture state: duplication not started
[host] capture error: invalid capture state: duplication not started
[rig-host] loop alive, host=Connected
[host] capture error: invalid capture state: duplication not started
[host] capture error: invalid capture state: duplication not started
[host] capture error: invalid capture state: duplication not started
[host] capture error: invalid capture state: duplication not started
[host] capture error: invalid capture state: duplication not started
[host] capture error: invalid capture state: duplication not started
[host] capture error: invalid capture state: duplication not started
[host] capture error: invalid capture state: duplication not started
[host] capture error: invalid capture state: duplication not started
[host] capture error: invalid capture state: duplication not started
[host] capture error: invalid capture state: duplication not started
[host] capture error: invalid capture state: duplication not started
[host] capture error: invalid capture state: duplication not started
[host] capture error: invalid capture state: duplication not started
[host] capture error: invalid capture state: duplication not started
[host] capture error: invalid capture state: duplication not started
[host] capture error: invalid capture state: duplication not started
[host] capture error: invalid capture state: duplication not started
[host] capture error: invalid capture state: duplication not started
[host] capture error: invalid capture state: duplication not started
[rig-host] loop alive, host=Connected
[host] capture error: invalid capture state: duplication not started
[host] capture error: invalid capture state: duplication not started
[host] capture error: invalid capture state: duplication not started
[host] capture error: invalid capture state: duplication not started
[host] capture error: invalid capture state: duplication not started
[host] capture error: invalid capture state: duplication not started
[host] capture error: invalid capture state: duplication not started
[host] capture error: invalid capture state: duplication not started
[host] capture error: invalid capture state: duplication not started
[host] capture error: invalid capture state: duplication not started
[host] capture error: invalid capture state: duplication not started
[host] capture error: invalid capture state: duplication not started
[host] capture error: invalid capture state: duplication not started
[host] capture error: invalid capture state: duplication not started
[host] capture error: invalid capture state: duplication not started
[host] capture error: invalid capture state: duplication not started
[host] capture error: invalid capture state: duplication not started
[host] capture error: invalid capture state: duplication not started
[host] capture error: invalid capture state: duplication not started
[host] capture error: invalid capture state: duplication not started
[rig-host] loop alive, host=Connected
[host] capture error: invalid capture state: duplication not started
[host] capture error: invalid capture state: duplication not started
[host] capture error: invalid capture state: duplication not started
[host] capture error: invalid capture state: duplication not started
[host] capture error: invalid capture state: duplication not started
[host] capture error: invalid capture state: duplication not started
[host] capture error: invalid capture state: duplication not started
[host] capture error: invalid capture state: duplication not started
[host] capture error: invalid capture state: duplication not started
[host] capture error: invalid capture state: duplication not started
[host] capture error: invalid capture state: duplication not started
[host] capture error: invalid capture state: duplication not started
[host] capture error: invalid capture state: duplication not started
[host] capture error: invalid capture state: duplication not started
[host] capture error: invalid capture state: duplication not started
[host] capture error: invalid capture state: duplication not started
[host] capture error: invalid capture state: duplication not started
[host] capture error: invalid capture state: duplication not started
[host] capture error: invalid capture state: duplication not started
[host] capture error: invalid capture state: duplication not started
[rig-host] loop alive, host=Connected
[host] capture error: invalid capture state: duplication not started
[host] capture error: invalid capture state: duplication not started
[host] capture error: invalid capture state: duplication not started
[host] capture error: invalid capture state: duplication not started
[host] capture error: invalid capture state: duplication not started
[host] capture error: invalid capture state: duplication not started
[host] capture error: invalid capture state: duplication not started
[host] capture error: invalid capture state: duplication not started
[host] capture error: invalid capture state: duplication not started
[host] capture error: invalid capture state: duplication not started
[host] capture error: invalid capture state: duplication not started
[host] capture error: invalid capture state: duplication not started
[host] capture error: invalid capture state: duplication not started
[host] capture error: invalid capture state: duplication not started
[host] capture error: invalid capture state: duplication not started
[host] capture error: invalid capture state: duplication not started
[host] capture error: invalid capture state: duplication not started
[host] capture error: invalid capture state: duplication not started
[host] capture error: invalid capture state: duplication not started
[host] capture error: invalid capture state: duplication not started
[rig-host] loop alive, host=Connected
[host] capture error: invalid capture state: duplication not started
[host] capture error: invalid capture state: duplication not started
[host] capture error: invalid capture state: duplication not started
[host] capture error: invalid capture state: duplication not started
[host] capture error: invalid capture state: duplication not started
[host] capture error: invalid capture state: duplication not started
[host] capture error: invalid capture state: duplication not started
[host] capture error: invalid capture state: duplication not started
[host] capture error: invalid capture state: duplication not started
[host] capture error: invalid capture state: duplication not started
[host] capture error: invalid capture state: duplication not started
[host] capture error: invalid capture state: duplication not started
[host] capture error: invalid capture state: duplication not started
[host] capture error: invalid capture state: duplication not started
[host] capture error: invalid capture state: duplication not started
[host] capture error: invalid capture state: duplication not started
[host] capture error: invalid capture state: duplication not started
[host] capture error: invalid capture state: duplication not started
[host] capture error: invalid capture state: duplication not started
[host] capture error: invalid capture state: duplication not started
[host] capture error: invalid capture state: duplication not started
[rig-host] loop alive, host=Connected
[host] capture error: invalid capture state: duplication not started
[host] capture error: invalid capture state: duplication not started
[host] capture error: invalid capture state: duplication not started
[host] capture error: invalid capture state: duplication not started
[host] capture error: invalid capture state: duplication not started
[host] capture error: invalid capture state: duplication not started
[host] capture error: invalid capture state: duplication not started
[host] capture error: invalid capture state: duplication not started
[host] capture error: invalid capture state: duplication not started
[host] capture error: invalid capture state: duplication not started
[host] capture error: invalid capture state: duplication not started
[host] capture error: invalid capture state: duplication not started
[host] capture error: invalid capture state: duplication not started
[host] capture error: invalid capture state: duplication not started
[host] capture error: invalid capture state: duplication not started
[host] capture error: invalid capture state: duplication not started
[host] capture error: invalid capture state: duplication not started
[host] capture error: invalid capture state: duplication not started
[host] capture error: invalid capture state: duplication not started
[rig-host] loop alive, host=Connected
[host] capture error: invalid capture state: duplication not started
[host] capture error: invalid capture state: duplication not started
[host] capture error: invalid capture state: duplication not started
[host] capture error: invalid capture state: duplication not started
[host] capture error: invalid capture state: duplication not started
[host] capture error: invalid capture state: duplication not started
[host] capture error: invalid capture state: duplication not started
[host] capture error: invalid capture state: duplication not started
[host] capture error: invalid capture state: duplication not started
[host] capture error: invalid capture state: duplication not started
[host] capture error: invalid capture state: duplication not started
[host] capture error: invalid capture state: duplication not started
[host] capture error: invalid capture state: duplication not started
[host] capture error: invalid capture state: duplication not started
[host] capture error: invalid capture state: duplication not started
[host] capture error: invalid capture state: duplication not started
[host] capture error: invalid capture state: duplication not started
[host] capture error: invalid capture state: duplication not started
[host] capture error: invalid capture state: duplication not started
[host] capture error: invalid capture state: duplication not started
[rig-host] loop alive, host=Connected
[host] capture error: invalid capture state: duplication not started
[host] capture error: invalid capture state: duplication not started
[host] capture error: invalid capture state: duplication not started
[host] capture error: invalid capture state: duplication not started
[host] capture error: invalid capture state: duplication not started
[host] capture error: invalid capture state: duplication not started
[host] capture error: invalid capture state: duplication not started
[host] capture error: invalid capture state: duplication not started
[host] capture error: invalid capture state: duplication not started
[host] capture error: invalid capture state: duplication not started
[host] capture error: invalid capture state: duplication not started
[host] capture error: invalid capture state: duplication not started
[host] capture error: invalid capture state: duplication not started
[host] capture error: invalid capture state: duplication not started
[host] capture error: invalid capture state: duplication not started
[host] capture error: invalid capture state: duplication not started
[host] capture error: invalid capture state: duplication not started
[host] capture error: invalid capture state: duplication not started
[host] capture error: invalid capture state: duplication not started
[host] capture error: invalid capture state: duplication not started
[host] capture error: invalid capture state: duplication not started
[rig-host] loop alive, host=Connected
[host] capture error: invalid capture state: duplication not started
[host] capture error: invalid capture state: duplication not started
[host] capture error: invalid capture state: duplication not started
[host] capture error: invalid capture state: duplication not started
[host] capture error: invalid capture state: duplication not started
[host] capture error: invalid capture state: duplication not started
[host] capture error: invalid capture state: duplication not started
[host] capture error: invalid capture state: duplication not started
[host] capture error: invalid capture state: duplication not started
[host] capture error: invalid capture state: duplication not started
[host] capture error: invalid capture state: duplication not started
[host] capture error: invalid capture state: duplication not started
[host] capture error: invalid capture state: duplication not started
[host] capture error: invalid capture state: duplication not started
[host] capture error: invalid capture state: duplication not started
[host] capture error: invalid capture state: duplication not started
[host] capture error: invalid capture state: duplication not started
[host] capture error: invalid capture state: duplication not started
[host] capture error: invalid capture state: duplication not started
[rig-host] loop alive, host=Connected
[host] capture error: invalid capture state: duplication not started
[host] capture error: invalid capture state: duplication not started
[host] capture error: invalid capture state: duplication not started
[host] capture error: invalid capture state: duplication not started
[host] capture error: invalid capture state: duplication not started
[host] capture error: invalid capture state: duplication not started
[host] capture error: invalid capture state: duplication not started
[host] capture error: invalid capture state: duplication not started
[host] capture error: invalid capture state: duplication not started
[host] capture error: invalid capture state: duplication not started
[host] capture error: invalid capture state: duplication not started
[host] capture error: invalid capture state: duplication not started
[host] capture error: invalid capture state: duplication not started
[host] capture error: invalid capture state: duplication not started
[host] capture error: invalid capture state: duplication not started
[host] capture error: invalid capture state: duplication not started
[host] capture error: invalid capture state: duplication not started
[host] capture error: invalid capture state: duplication not started
[host] capture error: invalid capture state: duplication not started
[host] capture error: invalid capture state: duplication not started
[rig-host] loop alive, host=Connected
[host] capture error: invalid capture state: duplication not started
[host] capture error: invalid capture state: duplication not started
[host] capture error: invalid capture state: duplication not started
[host] capture error: invalid capture state: duplication not started
[host] capture error: invalid capture state: duplication not started
[host] capture error: invalid capture state: duplication not started
[host] capture error: invalid capture state: duplication not started
[host] capture error: invalid capture state: duplication not started
[host] capture error: invalid capture state: duplication not started
[host] capture error: invalid capture state: duplication not started
[host] capture error: invalid capture state: duplication not started
[host] capture error: invalid capture state: duplication not started
[host] capture error: invalid capture state: duplication not started
[host] capture error: invalid capture state: duplication not started
[host] capture error: invalid capture state: duplication not started
[host] capture error: invalid capture state: duplication not started
[host] capture error: invalid capture state: duplication not started
[host] capture error: invalid capture state: duplication not started
[host] capture error: invalid capture state: duplication not started
[host] capture error: invalid capture state: duplication not started
[rig-host] loop alive, host=Connected
[host] capture error: invalid capture state: duplication not started
[host] capture error: invalid capture state: duplication not started
[host] capture error: invalid capture state: duplication not started
[host] capture error: invalid capture state: duplication not started
[host] capture error: invalid capture state: duplication not started
[host] capture error: invalid capture state: duplication not started
[host] capture error: invalid capture state: duplication not started
[host] capture error: invalid capture state: duplication not started
[host] capture error: invalid capture state: duplication not started
[host] capture error: invalid capture state: duplication not started
[host] capture error: invalid capture state: duplication not started
[host] capture error: invalid capture state: duplication not started
[host] capture error: invalid capture state: duplication not started
[host] capture error: invalid capture state: duplication not started
[host] capture error: invalid capture state: duplication not started
[host] capture error: invalid capture state: duplication not started
[host] capture error: invalid capture state: duplication not started
[host] capture error: invalid capture state: duplication not started
[host] capture error: invalid capture state: duplication not started
[host] capture error: invalid capture state: duplication not started
[rig-host] loop alive, host=Connected
[host] capture error: invalid capture state: duplication not started
[host] capture error: invalid capture state: duplication not started
[host] capture error: invalid capture state: duplication not started
[host] capture error: invalid capture state: duplication not started
[host] capture error: invalid capture state: duplication not started
[host] capture error: invalid capture state: duplication not started
[host] capture error: invalid capture state: duplication not started
[host] capture error: invalid capture state: duplication not started
[host] capture error: invalid capture state: duplication not started
[host] capture error: invalid capture state: duplication not started
[host] capture error: invalid capture state: duplication not started
[host] capture error: invalid capture state: duplication not started
[host] capture error: invalid capture state: duplication not started
[host] capture error: invalid capture state: duplication not started
[host] capture error: invalid capture state: duplication not started
[host] capture error: invalid capture state: duplication not started
[host] capture error: invalid capture state: duplication not started
[host] capture error: invalid capture state: duplication not started
[host] capture error: invalid capture state: duplication not started
[host] capture error: invalid capture state: duplication not started
[rig-host] loop alive, host=Connected
[host] capture error: invalid capture state: duplication not started
[host] capture error: invalid capture state: duplication not started
[host] capture error: invalid capture state: duplication not started
[host] capture error: invalid capture state: duplication not started
[host] capture error: invalid capture state: duplication not started
[host] capture error: invalid capture state: duplication not started
[host] capture error: invalid capture state: duplication not started
[host] capture error: invalid capture state: duplication not started
[host] capture error: invalid capture state: duplication not started
[host] capture error: invalid capture state: duplication not started
[host] capture error: invalid capture state: duplication not started
[host] capture error: invalid capture state: duplication not started
[host] capture error: invalid capture state: duplication not started
[host] capture error: invalid capture state: duplication not started
[host] capture error: invalid capture state: duplication not started
[host] capture error: invalid capture state: duplication not started
[host] capture error: invalid capture state: duplication not started
[host] capture error: invalid capture state: duplication not started
[host] capture error: invalid capture state: duplication not started
[host] capture error: invalid capture state: duplication not started
[host] capture error: invalid capture state: duplication not started
[rig-host] loop alive, host=Connected
[host] capture error: invalid capture state: duplication not started
[host] capture error: invalid capture state: duplication not started
[host] capture error: invalid capture state: duplication not started
[host] capture error: invalid capture state: duplication not started
[host] capture error: invalid capture state: duplication not started
[host] capture error: invalid capture state: duplication not started
[host] capture error: invalid capture state: duplication not started
[host] capture error: invalid capture state: duplication not started
[host] capture error: invalid capture state: duplication not started
[host] capture error: invalid capture state: duplication not started
[host] capture error: invalid capture state: duplication not started
[host] capture error: invalid capture state: duplication not started
[host] capture error: invalid capture state: duplication not started
[host] capture error: invalid capture state: duplication not started
[host] capture error: invalid capture state: duplication not started
[host] capture error: invalid capture state: duplication not started
[host] capture error: invalid capture state: duplication not started
[host] capture error: invalid capture state: duplication not started
[host] capture error: invalid capture state: duplication not started
[rig-host] loop alive, host=Connected
[host] capture error: invalid capture state: duplication not started
[host] capture error: invalid capture state: duplication not started
[host] capture error: invalid capture state: duplication not started
[host] capture error: invalid capture state: duplication not started
[host] capture error: invalid capture state: duplication not started
[host] capture error: invalid capture state: duplication not started
[host] capture error: invalid capture state: duplication not started
[host] capture error: invalid capture state: duplication not started
[host] capture error: invalid capture state: duplication not started
[host] capture error: invalid capture state: duplication not started
[host] capture error: invalid capture state: duplication not started
[host] capture error: invalid capture state: duplication not started
[host] capture error: invalid capture state: duplication not started
[host] capture error: invalid capture state: duplication not started
[host] capture error: invalid capture state: duplication not started
[host] capture error: invalid capture state: duplication not started
[host] capture error: invalid capture state: duplication not started
[host] capture error: invalid capture state: duplication not started
[host] capture error: invalid capture state: duplication not started
[host] capture error: invalid capture state: duplication not started
[rig-host] loop alive, host=Connected
[host] capture error: invalid capture state: duplication not started
[host] capture error: invalid capture state: duplication not started
[host] capture error: invalid capture state: duplication not started
[host] capture error: invalid capture state: duplication not started
[host] capture error: invalid capture state: duplication not started
[host] capture error: invalid capture state: duplication not started
[host] capture error: invalid capture state: duplication not started
[host] capture error: invalid capture state: duplication not started
[host] capture error: invalid capture state: duplication not started
[host] capture error: invalid capture state: duplication not started
[host] capture error: invalid capture state: duplication not started
[host] capture error: invalid capture state: duplication not started
[host] capture error: invalid capture state: duplication not started
[host] capture error: invalid capture state: duplication not started
[host] capture error: invalid capture state: duplication not started
[host] capture error: invalid capture state: duplication not started
[host] capture error: invalid capture state: duplication not started
[host] capture error: invalid capture state: duplication not started
[host] capture error: invalid capture state: duplication not started
[host] capture error: invalid capture state: duplication not started
[rig-host] loop alive, host=Connected
[host] capture error: invalid capture state: duplication not started
[host] capture error: invalid capture state: duplication not started
[host] capture error: invalid capture state: duplication not started
[host] capture error: invalid capture state: duplication not started
[host] capture error: invalid capture state: duplication not started
[host] capture error: invalid capture state: duplication not started
[host] capture error: invalid capture state: duplication not started
[host] capture error: invalid capture state: duplication not started
[host] capture error: invalid capture state: duplication not started
[host] capture error: invalid capture state: duplication not started
[host] capture error: invalid capture state: duplication not started
[host] capture error: invalid capture state: duplication not started
[host] capture error: invalid capture state: duplication not started
[host] capture error: invalid capture state: duplication not started
[host] capture error: invalid capture state: duplication not started
[host] capture error: invalid capture state: duplication not started
[host] capture error: invalid capture state: duplication not started
[host] capture error: invalid capture state: duplication not started
[host] capture error: invalid capture state: duplication not started
[host] capture error: invalid capture state: duplication not started
[rig-host] loop alive, host=Connected
[host] capture error: invalid capture state: duplication not started
[host] capture error: invalid capture state: duplication not started
[host] capture error: invalid capture state: duplication not started
[host] capture error: invalid capture state: duplication not started
[host] capture error: invalid capture state: duplication not started
[host] capture error: invalid capture state: duplication not started
[host] capture error: invalid capture state: duplication not started
[host] capture error: invalid capture state: duplication not started
[host] capture error: invalid capture state: duplication not started
[host] capture error: invalid capture state: duplication not started
[host] capture error: invalid capture state: duplication not started
[host] capture error: invalid capture state: duplication not started
[host] capture error: invalid capture state: duplication not started
[host] capture error: invalid capture state: duplication not started
[host] capture error: invalid capture state: duplication not started
[host] capture error: invalid capture state: duplication not started
[host] capture error: invalid capture state: duplication not started
[host] capture error: invalid capture state: duplication not started
[host] capture error: invalid capture state: duplication not started
[host] capture error: invalid capture state: duplication not started
[rig-host] loop alive, host=Connected
[host] capture error: invalid capture state: duplication not started
[host] capture error: invalid capture state: duplication not started
[host] capture error: invalid capture state: duplication not started
[host] capture error: invalid capture state: duplication not started
[host] capture error: invalid capture state: duplication not started
[host] capture error: invalid capture state: duplication not started
[host] capture error: invalid capture state: duplication not started
[host] capture error: invalid capture state: duplication not started
[host] capture error: invalid capture state: duplication not started
[host] capture error: invalid capture state: duplication not started
[host] capture error: invalid capture state: duplication not started
[host] capture error: invalid capture state: duplication not started
[host] capture error: invalid capture state: duplication not started
[host] capture error: invalid capture state: duplication not started
[host] capture error: invalid capture state: duplication not started
[host] capture error: invalid capture state: duplication not started
[host] capture error: invalid capture state: duplication not started
[host] capture error: invalid capture state: duplication not started
[host] capture error: invalid capture state: duplication not started
[host] capture error: invalid capture state: duplication not started
[rig-host] loop alive, host=Connected
[host] capture error: invalid capture state: duplication not started
[host] capture error: invalid capture state: duplication not started
[host] capture error: invalid capture state: duplication not started
[host] capture error: invalid capture state: duplication not started
[host] capture error: invalid capture state: duplication not started
[host] capture error: invalid capture state: duplication not started
[host] capture error: invalid capture state: duplication not started
[host] capture error: invalid capture state: duplication not started
[host] capture error: invalid capture state: duplication not started
[host] capture error: invalid capture state: duplication not started
[host] capture error: invalid capture state: duplication not started
[host] capture error: invalid capture state: duplication not started
[host] capture error: invalid capture state: duplication not started
[host] capture error: invalid capture state: duplication not started
[host] capture error: invalid capture state: duplication not started
[host] capture error: invalid capture state: duplication not started
[host] capture error: invalid capture state: duplication not started
[host] capture error: invalid capture state: duplication not started
[host] capture error: invalid capture state: duplication not started
[host] capture error: invalid capture state: duplication not started
[rig-host] loop alive, host=Connected
[host] capture error: invalid capture state: duplication not started
[host] capture error: invalid capture state: duplication not started
[host] capture error: invalid capture state: duplication not started
[host] capture error: invalid capture state: duplication not started
[host] capture error: invalid capture state: duplication not started
[host] capture error: invalid capture state: duplication not started
[host] capture error: invalid capture state: duplication not started
[host] capture error: invalid capture state: duplication not started
[host] capture error: invalid capture state: duplication not started
[host] capture error: invalid capture state: duplication not started
[host] capture error: invalid capture state: duplication not started
[host] capture error: invalid capture state: duplication not started
[host] capture error: invalid capture state: duplication not started
[host] capture error: invalid capture state: duplication not started
[host] capture error: invalid capture state: duplication not started
[host] capture error: invalid capture state: duplication not started
[host] capture error: invalid capture state: duplication not started
[host] capture error: invalid capture state: duplication not started
[host] capture error: invalid capture state: duplication not started
[host] capture error: invalid capture state: duplication not started
[rig-host] loop alive, host=Connected
[host] capture error: invalid capture state: duplication not started
[host] capture error: invalid capture state: duplication not started
[host] capture error: invalid capture state: duplication not started
[host] capture error: invalid capture state: duplication not started
[host] capture error: invalid capture state: duplication not started
[host] capture error: invalid capture state: duplication not started
[host] capture error: invalid capture state: duplication not started
[host] capture error: invalid capture state: duplication not started
[host] capture error: invalid capture state: duplication not started
[host] capture error: invalid capture state: duplication not started
[host] capture error: invalid capture state: duplication not started
[host] capture error: invalid capture state: duplication not started
[host] capture error: invalid capture state: duplication not started
[host] capture error: invalid capture state: duplication not started
[host] capture error: invalid capture state: duplication not started
[host] capture error: invalid capture state: duplication not started
[host] capture error: invalid capture state: duplication not started
[host] capture error: invalid capture state: duplication not started
[host] capture error: invalid capture state: duplication not started
[host] capture error: invalid capture state: duplication not started
[rig-host] loop alive, host=Connected
[host] capture error: invalid capture state: duplication not started
[host] capture error: invalid capture state: duplication not started
[host] capture error: invalid capture state: duplication not started
[host] capture error: invalid capture state: duplication not started
[host] capture error: invalid capture state: duplication not started
[host] capture error: invalid capture state: duplication not started
[host] capture error: invalid capture state: duplication not started
[host] capture error: invalid capture state: duplication not started
[host] capture error: invalid capture state: duplication not started
[host] capture error: invalid capture state: duplication not started
[host] capture error: invalid capture state: duplication not started
[host] capture error: invalid capture state: duplication not started
[host] capture error: invalid capture state: duplication not started
[host] capture error: invalid capture state: duplication not started
[host] capture error: invalid capture state: duplication not started
[host] capture error: invalid capture state: duplication not started
[host] capture error: invalid capture state: duplication not started
[host] capture error: invalid capture state: duplication not started
[host] capture error: invalid capture state: duplication not started
[host] capture error: invalid capture state: duplication not started
[rig-host] loop alive, host=Connected
[host] capture error: invalid capture state: duplication not started
[host] capture error: invalid capture state: duplication not started
[host] capture error: invalid capture state: duplication not started
[host] capture error: invalid capture state: duplication not started
[host] capture error: invalid capture state: duplication not started
[host] capture error: invalid capture state: duplication not started
[host] capture error: invalid capture state: duplication not started
[host] capture error: invalid capture state: duplication not started
[host] capture error: invalid capture state: duplication not started
[host] capture error: invalid capture state: duplication not started
[host] capture error: invalid capture state: duplication not started
[host] capture error: invalid capture state: duplication not started
[host] capture error: invalid capture state: duplication not started
[host] capture error: invalid capture state: duplication not started
[host] capture error: invalid capture state: duplication not started
[host] capture error: invalid capture state: duplication not started
[host] capture error: invalid capture state: duplication not started
[host] capture error: invalid capture state: duplication not started
[host] capture error: invalid capture state: duplication not started
[host] capture error: invalid capture state: duplication not started
[rig-host] loop alive, host=Connected
[host] capture error: invalid capture state: duplication not started
[host] capture error: invalid capture state: duplication not started
[host] capture error: invalid capture state: duplication not started
[host] capture error: invalid capture state: duplication not started
[host] capture error: invalid capture state: duplication not started
[host] capture error: invalid capture state: duplication not started
[host] capture error: invalid capture state: duplication not started
[host] capture error: invalid capture state: duplication not started
[host] capture error: invalid capture state: duplication not started
[host] capture error: invalid capture state: duplication not started
[host] capture error: invalid capture state: duplication not started
[host] capture error: invalid capture state: duplication not started
[host] capture error: invalid capture state: duplication not started
[host] capture error: invalid capture state: duplication not started
[host] capture error: invalid capture state: duplication not started
[host] capture error: invalid capture state: duplication not started
[host] capture error: invalid capture state: duplication not started
[host] capture error: invalid capture state: duplication not started
[host] capture error: invalid capture state: duplication not started
[host] capture error: invalid capture state: duplication not started
[rig-host] loop alive, host=Connected
[host] capture error: invalid capture state: duplication not started
[host] capture error: invalid capture state: duplication not started
[host] capture error: invalid capture state: duplication not started
[host] capture error: invalid capture state: duplication not started
[host] capture error: invalid capture state: duplication not started
[host] capture error: invalid capture state: duplication not started
[host] capture error: invalid capture state: duplication not started
[host] capture error: invalid capture state: duplication not started
[host] capture error: invalid capture state: duplication not started
[host] capture error: invalid capture state: duplication not started
[host] capture error: invalid capture state: duplication not started
[host] capture error: invalid capture state: duplication not started
[host] capture error: invalid capture state: duplication not started
[host] capture error: invalid capture state: duplication not started
[host] capture error: invalid capture state: duplication not started
[host] capture error: invalid capture state: duplication not started
[host] capture error: invalid capture state: duplication not started
[host] capture error: invalid capture state: duplication not started
[host] capture error: invalid capture state: duplication not started
[host] capture error: invalid capture state: duplication not started
[rig-host] loop alive, host=Connected
[host] capture error: invalid capture state: duplication not started
[host] capture error: invalid capture state: duplication not started
[host] capture error: invalid capture state: duplication not started
[host] capture error: invalid capture state: duplication not started
[host] capture error: invalid capture state: duplication not started
[host] capture error: invalid capture state: duplication not started
[host] capture error: invalid capture state: duplication not started
[host] capture error: invalid capture state: duplication not started
[host] capture error: invalid capture state: duplication not started
[host] capture error: invalid capture state: duplication not started
[host] capture error: invalid capture state: duplication not started
[host] capture error: invalid capture state: duplication not started
[host] capture error: invalid capture state: duplication not started
[host] capture error: invalid capture state: duplication not started
[host] capture error: invalid capture state: duplication not started
[host] capture error: invalid capture state: duplication not started
[host] capture error: invalid capture state: duplication not started
[host] capture error: invalid capture state: duplication not started
[host] capture error: invalid capture state: duplication not started
[host] capture error: invalid capture state: duplication not started
[rig-host] loop alive, host=Connected
[host] capture error: invalid capture state: duplication not started
[host] capture error: invalid capture state: duplication not started
[host] capture error: invalid capture state: duplication not started
[host] capture error: invalid capture state: duplication not started
[host] capture error: invalid capture state: duplication not started
[host] capture error: invalid capture state: duplication not started
[host] capture error: invalid capture state: duplication not started
[host] capture error: invalid capture state: duplication not started
[host] capture error: invalid capture state: duplication not started
[host] capture error: invalid capture state: duplication not started
[host] capture error: invalid capture state: duplication not started
[host] capture error: invalid capture state: duplication not started
[host] capture error: invalid capture state: duplication not started
[host] capture error: invalid capture state: duplication not started
[host] capture error: invalid capture state: duplication not started
[host] capture error: invalid capture state: duplication not started
[host] capture error: invalid capture state: duplication not started
[host] capture error: invalid capture state: duplication not started
[host] capture error: invalid capture state: duplication not started
[host] capture error: invalid capture state: duplication not started
[rig-host] loop alive, host=Connected
[host] capture error: invalid capture state: duplication not started
[host] capture error: invalid capture state: duplication not started
[host] capture error: invalid capture state: duplication not started
[host] capture error: invalid capture state: duplication not started
[host] capture error: invalid capture state: duplication not started
[host] capture error: invalid capture state: duplication not started
[host] capture error: invalid capture state: duplication not started
[host] capture error: invalid capture state: duplication not started
[host] capture error: invalid capture state: duplication not started
[host] capture error: invalid capture state: duplication not started
[host] capture error: invalid capture state: duplication not started
[host] capture error: invalid capture state: duplication not started
[host] capture error: invalid capture state: duplication not started
[host] capture error: invalid capture state: duplication not started
[host] capture error: invalid capture state: duplication not started
[host] capture error: invalid capture state: duplication not started
[host] capture error: invalid capture state: duplication not started
[host] capture error: invalid capture state: duplication not started
[host] capture error: invalid capture state: duplication not started
[host] capture error: invalid capture state: duplication not started
[rig-host] loop alive, host=Connected
[host] capture error: invalid capture state: duplication not started
[host] capture error: invalid capture state: duplication not started
[host] capture error: invalid capture state: duplication not started
[host] capture error: invalid capture state: duplication not started
[host] capture error: invalid capture state: duplication not started
[host] capture error: invalid capture state: duplication not started
[host] capture error: invalid capture state: duplication not started
[host] capture error: invalid capture state: duplication not started
[host] capture error: invalid capture state: duplication not started
[host] capture error: invalid capture state: duplication not started
[host] capture error: invalid capture state: duplication not started
[host] capture error: invalid capture state: duplication not started
[host] capture error: invalid capture state: duplication not started
[host] capture error: invalid capture state: duplication not started
[host] capture error: invalid capture state: duplication not started
[host] capture error: invalid capture state: duplication not started
[host] capture error: invalid capture state: duplication not started
[host] capture error: invalid capture state: duplication not started
[host] capture error: invalid capture state: duplication not started
[host] capture error: invalid capture state: duplication not started
[rig-host] loop alive, host=Connected
[host] capture error: invalid capture state: duplication not started
[host] capture error: invalid capture state: duplication not started
[host] capture error: invalid capture state: duplication not started
[host] capture error: invalid capture state: duplication not started
[host] capture error: invalid capture state: duplication not started
[host] capture error: invalid capture state: duplication not started
[host] capture error: invalid capture state: duplication not started
[host] capture error: invalid capture state: duplication not started
[host] capture error: invalid capture state: duplication not started
[host] capture error: invalid capture state: duplication not started
[host] capture error: invalid capture state: duplication not started
[host] capture error: invalid capture state: duplication not started
[host] capture error: invalid capture state: duplication not started
[host] capture error: invalid capture state: duplication not started
[host] capture error: invalid capture state: duplication not started
[host] capture error: invalid capture state: duplication not started
[host] capture error: invalid capture state: duplication not started
[host] capture error: invalid capture state: duplication not started
[host] capture error: invalid capture state: duplication not started
[host] capture error: invalid capture state: duplication not started
[rig-host] loop alive, host=Connected
[host] capture error: invalid capture state: duplication not started
[host] capture error: invalid capture state: duplication not started
[host] capture error: invalid capture state: duplication not started
[host] capture error: invalid capture state: duplication not started
[host] capture error: invalid capture state: duplication not started
[host] capture error: invalid capture state: duplication not started
[host] capture error: invalid capture state: duplication not started
[host] capture error: invalid capture state: duplication not started
[host] capture error: invalid capture state: duplication not started
[host] capture error: invalid capture state: duplication not started
[host] capture error: invalid capture state: duplication not started
[host] capture error: invalid capture state: duplication not started
[host] capture error: invalid capture state: duplication not started
[host] capture error: invalid capture state: duplication not started
[host] capture error: invalid capture state: duplication not started
[host] capture error: invalid capture state: duplication not started
[host] capture error: invalid capture state: duplication not started
[host] capture error: invalid capture state: duplication not started
[host] capture error: invalid capture state: duplication not started
[host] capture error: invalid capture state: duplication not started
[rig-host] loop alive, host=Connected
[host] capture error: invalid capture state: duplication not started
[host] capture error: invalid capture state: duplication not started
[host] capture error: invalid capture state: duplication not started
[host] capture error: invalid capture state: duplication not started
[host] capture error: invalid capture state: duplication not started
[host] capture error: invalid capture state: duplication not started
[host] capture error: invalid capture state: duplication not started
[host] capture error: invalid capture state: duplication not started
[host] capture error: invalid capture state: duplication not started
[host] capture error: invalid capture state: duplication not started
[host] capture error: invalid capture state: duplication not started
[host] capture error: invalid capture state: duplication not started
[host] capture error: invalid capture state: duplication not started
[host] capture error: invalid capture state: duplication not started
[host] capture error: invalid capture state: duplication not started
[host] capture error: invalid capture state: duplication not started
[host] capture error: invalid capture state: duplication not started
[host] capture error: invalid capture state: duplication not started
[host] capture error: invalid capture state: duplication not started
[host] capture error: invalid capture state: duplication not started
[rig-host] loop alive, host=Connected
[host] capture error: invalid capture state: duplication not started
[host] capture error: invalid capture state: duplication not started
[host] capture error: invalid capture state: duplication not started
[host] capture error: invalid capture state: duplication not started
[host] capture error: invalid capture state: duplication not started
[host] capture error: invalid capture state: duplication not started
[host] capture error: invalid capture state: duplication not started
[host] capture error: invalid capture state: duplication not started
[host] capture error: invalid capture state: duplication not started
[host] capture error: invalid capture state: duplication not started
[host] capture error: invalid capture state: duplication not started
[host] capture error: invalid capture state: duplication not started
[host] capture error: invalid capture state: duplication not started
[host] capture error: invalid capture state: duplication not started
[host] capture error: invalid capture state: duplication not started
[host] capture error: invalid capture state: duplication not started
[host] capture error: invalid capture state: duplication not started
[host] capture error: invalid capture state: duplication not started
[host] capture error: invalid capture state: duplication not started
[host] capture error: invalid capture state: duplication not started
[rig-host] loop alive, host=Connected
[host] capture error: invalid capture state: duplication not started
[host] capture error: invalid capture state: duplication not started
[host] capture error: invalid capture state: duplication not started
[host] capture error: invalid capture state: duplication not started
[host] capture error: invalid capture state: duplication not started
[host] capture error: invalid capture state: duplication not started
[host] capture error: invalid capture state: duplication not started
[host] capture error: invalid capture state: duplication not started
[host] capture error: invalid capture state: duplication not started
[host] capture error: invalid capture state: duplication not started
[host] capture error: invalid capture state: duplication not started
[host] capture error: invalid capture state: duplication not started
[host] capture error: invalid capture state: duplication not started
[host] capture error: invalid capture state: duplication not started
[host] capture error: invalid capture state: duplication not started
[host] capture error: invalid capture state: duplication not started
[host] capture error: invalid capture state: duplication not started
[host] capture error: invalid capture state: duplication not started
[host] capture error: invalid capture state: duplication not started
[host] capture error: invalid capture state: duplication not started
[rig-host] loop alive, host=Connected
[host] capture error: invalid capture state: duplication not started
[host] capture error: invalid capture state: duplication not started
[host] capture error: invalid capture state: duplication not started
[host] capture error: invalid capture state: duplication not started
[host] capture error: invalid capture state: duplication not started
[host] capture error: invalid capture state: duplication not started
[host] capture error: invalid capture state: duplication not started
[host] capture error: invalid capture state: duplication not started
[host] capture error: invalid capture state: duplication not started
[host] capture error: invalid capture state: duplication not started
[host] capture error: invalid capture state: duplication not started
[host] capture error: invalid capture state: duplication not started
[host] capture error: invalid capture state: duplication not started
[host] capture error: invalid capture state: duplication not started
[host] capture error: invalid capture state: duplication not started
[host] capture error: invalid capture state: duplication not started
[host] capture error: invalid capture state: duplication not started
[host] capture error: invalid capture state: duplication not started
[host] capture error: invalid capture state: duplication not started
[host] capture error: invalid capture state: duplication not started
[rig-host] loop alive, host=Connected
[host] capture error: invalid capture state: duplication not started
[host] capture error: invalid capture state: duplication not started
[host] capture error: invalid capture state: duplication not started
[host] capture error: invalid capture state: duplication not started
[host] capture error: invalid capture state: duplication not started
[host] capture error: invalid capture state: duplication not started
[host] capture error: invalid capture state: duplication not started
[host] capture error: invalid capture state: duplication not started
[host] capture error: invalid capture state: duplication not started
[host] capture error: invalid capture state: duplication not started
[host] capture error: invalid capture state: duplication not started
[host] capture error: invalid capture state: duplication not started
[host] capture error: invalid capture state: duplication not started
[host] capture error: invalid capture state: duplication not started
[host] capture error: invalid capture state: duplication not started
[host] capture error: invalid capture state: duplication not started
[host] capture error: invalid capture state: duplication not started
[host] capture error: invalid capture state: duplication not started
[host] capture error: invalid capture state: duplication not started
[host] capture error: invalid capture state: duplication not started
[rig-host] loop alive, host=Connected
[host] capture error: invalid capture state: duplication not started
[host] capture error: invalid capture state: duplication not started
[host] capture error: invalid capture state: duplication not started
[host] capture error: invalid capture state: duplication not started
[host] capture error: invalid capture state: duplication not started
[host] capture error: invalid capture state: duplication not started
[host] capture error: invalid capture state: duplication not started
[host] capture error: invalid capture state: duplication not started
[host] capture error: invalid capture state: duplication not started
[host] capture error: invalid capture state: duplication not started
[host] capture error: invalid capture state: duplication not started
[host] capture error: invalid capture state: duplication not started
[host] capture error: invalid capture state: duplication not started
[host] capture error: invalid capture state: duplication not started
[host] capture error: invalid capture state: duplication not started
[host] capture error: invalid capture state: duplication not started
[host] capture error: invalid capture state: duplication not started
[host] capture error: invalid capture state: duplication not started
[host] capture error: invalid capture state: duplication not started
[host] capture error: invalid capture state: duplication not started
[rig-host] loop alive, host=Connected
[host] capture error: invalid capture state: duplication not started
[host] capture error: invalid capture state: duplication not started
[host] capture error: invalid capture state: duplication not started
[host] capture error: invalid capture state: duplication not started
[host] capture error: invalid capture state: duplication not started
[host] capture error: invalid capture state: duplication not started
[host] capture error: invalid capture state: duplication not started
[host] capture error: invalid capture state: duplication not started
[host] capture error: invalid capture state: duplication not started
[host] capture error: invalid capture state: duplication not started
[host] capture error: invalid capture state: duplication not started
[host] capture error: invalid capture state: duplication not started
[host] capture error: invalid capture state: duplication not started
[host] capture error: invalid capture state: duplication not started
[host] capture error: invalid capture state: duplication not started
[host] capture error: invalid capture state: duplication not started
[host] capture error: invalid capture state: duplication not started
[host] capture error: invalid capture state: duplication not started
[host] capture error: invalid capture state: duplication not started
[host] capture error: invalid capture state: duplication not started
[rig-host] loop alive, host=Connected
[host] capture error: invalid capture state: duplication not started
[host] capture error: invalid capture state: duplication not started
[host] capture error: invalid capture state: duplication not started
[host] capture error: invalid capture state: duplication not started
[host] capture error: invalid capture state: duplication not started
[host] capture error: invalid capture state: duplication not started
[host] capture error: invalid capture state: duplication not started
[host] capture error: invalid capture state: duplication not started
[host] capture error: invalid capture state: duplication not started
[host] capture error: invalid capture state: duplication not started
[host] capture error: invalid capture state: duplication not started
[host] capture error: invalid capture state: duplication not started
[host] capture error: invalid capture state: duplication not started
[host] capture error: invalid capture state: duplication not started
[host] capture error: invalid capture state: duplication not started
[host] capture error: invalid capture state: duplication not started
[host] capture error: invalid capture state: duplication not started
[host] capture error: invalid capture state: duplication not started
[host] capture error: invalid capture state: duplication not started
[host] capture error: invalid capture state: duplication not started
[rig-host] loop alive, host=Connected
[host] capture error: invalid capture state: duplication not started
[host] capture error: invalid capture state: duplication not started
[host] capture error: invalid capture state: duplication not started
[host] capture error: invalid capture state: duplication not started
[host] capture error: invalid capture state: duplication not started
[host] capture error: invalid capture state: duplication not started
[host] capture error: invalid capture state: duplication not started
[host] capture error: invalid capture state: duplication not started
[host] capture error: invalid capture state: duplication not started
[host] capture error: invalid capture state: duplication not started
[host] capture error: invalid capture state: duplication not started
[host] capture error: invalid capture state: duplication not started
[host] capture error: invalid capture state: duplication not started
[host] capture error: invalid capture state: duplication not started
[host] capture error: invalid capture state: duplication not started
[host] capture error: invalid capture state: duplication not started
[host] capture error: invalid capture state: duplication not started
[host] capture error: invalid capture state: duplication not started
[host] capture error: invalid capture state: duplication not started
[host] capture error: invalid capture state: duplication not started
[rig-host] loop alive, host=Connected
[host] capture error: invalid capture state: duplication not started
[host] capture error: invalid capture state: duplication not started
[host] capture error: invalid capture state: duplication not started
[host] capture error: invalid capture state: duplication not started
[host] capture error: invalid capture state: duplication not started
[host] capture error: invalid capture state: duplication not started
[host] capture error: invalid capture state: duplication not started
[host] capture error: invalid capture state: duplication not started
[host] capture error: invalid capture state: duplication not started
[host] capture error: invalid capture state: duplication not started
[host] capture error: invalid capture state: duplication not started
[host] capture error: invalid capture state: duplication not started
[host] capture error: invalid capture state: duplication not started
[host] capture error: invalid capture state: duplication not started
[host] capture error: invalid capture state: duplication not started
[host] capture error: invalid capture state: duplication not started
[host] capture error: invalid capture state: duplication not started
[host] capture error: invalid capture state: duplication not started
[host] capture error: invalid capture state: duplication not started
[host] capture error: invalid capture state: duplication not started
[rig-host] loop alive, host=Connected
[host] capture error: invalid capture state: duplication not started
[host] capture error: invalid capture state: duplication not started
[host] capture error: invalid capture state: duplication not started
[host] capture error: invalid capture state: duplication not started
[host] capture error: invalid capture state: duplication not started
[host] capture error: invalid capture state: duplication not started
[host] capture error: invalid capture state: duplication not started
[host] capture error: invalid capture state: duplication not started
[host] capture error: invalid capture state: duplication not started
[host] capture error: invalid capture state: duplication not started
[host] capture error: invalid capture state: duplication not started
[host] capture error: invalid capture state: duplication not started
[host] capture error: invalid capture state: duplication not started
[host] capture error: invalid capture state: duplication not started
[host] capture error: invalid capture state: duplication not started
[host] capture error: invalid capture state: duplication not started
[host] capture error: invalid capture state: duplication not started
[host] capture error: invalid capture state: duplication not started
[host] capture error: invalid capture state: duplication not started
[host] capture error: invalid capture state: duplication not started
[rig-host] loop alive, host=Connected
[host] capture error: invalid capture state: duplication not started
[host] capture error: invalid capture state: duplication not started
[host] capture error: invalid capture state: duplication not started
[host] capture error: invalid capture state: duplication not started
[host] capture error: invalid capture state: duplication not started
[host] capture error: invalid capture state: duplication not started
[host] capture error: invalid capture state: duplication not started
[host] capture error: invalid capture state: duplication not started
[host] capture error: invalid capture state: duplication not started
[host] capture error: invalid capture state: duplication not started
[host] capture error: invalid capture state: duplication not started
[host] capture error: invalid capture state: duplication not started
[host] capture error: invalid capture state: duplication not started
[host] capture error: invalid capture state: duplication not started
[host] capture error: invalid capture state: duplication not started
[host] capture error: invalid capture state: duplication not started
[host] capture error: invalid capture state: duplication not started
[host] capture error: invalid capture state: duplication not started
[host] capture error: invalid capture state: duplication not started
[host] capture error: invalid capture state: duplication not started
[rig-host] loop alive, host=Connected
[host] capture error: invalid capture state: duplication not started
[host] capture error: invalid capture state: duplication not started
[host] capture error: invalid capture state: duplication not started
[host] capture error: invalid capture state: duplication not started
[host] capture error: invalid capture state: duplication not started
[host] capture error: invalid capture state: duplication not started
[host] capture error: invalid capture state: duplication not started
[host] capture error: invalid capture state: duplication not started
[host] capture error: invalid capture state: duplication not started
[host] capture error: invalid capture state: duplication not started
[host] capture error: invalid capture state: duplication not started
[host] capture error: invalid capture state: duplication not started
[host] capture error: invalid capture state: duplication not started
[host] capture error: invalid capture state: duplication not started
[host] capture error: invalid capture state: duplication not started
[host] capture error: invalid capture state: duplication not started
[host] capture error: invalid capture state: duplication not started
[host] capture error: invalid capture state: duplication not started
[host] capture error: invalid capture state: duplication not started
[host] capture error: invalid capture state: duplication not started
[rig-host] loop alive, host=Connected
[host] capture error: invalid capture state: duplication not started
[host] capture error: invalid capture state: duplication not started
[host] capture error: invalid capture state: duplication not started
[host] capture error: invalid capture state: duplication not started
[host] capture error: invalid capture state: duplication not started
[host] capture error: invalid capture state: duplication not started
[host] capture error: invalid capture state: duplication not started
[host] capture error: invalid capture state: duplication not started
[host] capture error: invalid capture state: duplication not started
[host] capture error: invalid capture state: duplication not started
[host] capture error: invalid capture state: duplication not started
[host] capture error: invalid capture state: duplication not started
[host] capture error: invalid capture state: duplication not started
[host] capture error: invalid capture state: duplication not started
[host] capture error: invalid capture state: duplication not started
[host] capture error: invalid capture state: duplication not started
[host] capture error: invalid capture state: duplication not started
[host] capture error: invalid capture state: duplication not started
[host] capture error: invalid capture state: duplication not started
[host] capture error: invalid capture state: duplication not started
[host] capture error: invalid capture state: duplication not started
[rig-host] loop alive, host=Connected
[host] capture error: invalid capture state: duplication not started
[host] capture error: invalid capture state: duplication not started
[host] capture error: invalid capture state: duplication not started
[host] capture error: invalid capture state: duplication not started
[host] capture error: invalid capture state: duplication not started
[host] capture error: invalid capture state: duplication not started
[host] capture error: invalid capture state: duplication not started
[host] capture error: invalid capture state: duplication not started
[host] capture error: invalid capture state: duplication not started
[host] capture error: invalid capture state: duplication not started
[host] capture error: invalid capture state: duplication not started
[host] capture error: invalid capture state: duplication not started
[host] capture error: invalid capture state: duplication not started
[host] capture error: invalid capture state: duplication not started
[host] capture error: invalid capture state: duplication not started
[host] capture error: invalid capture state: duplication not started
[host] capture error: invalid capture state: duplication not started
[host] capture error: invalid capture state: duplication not started
[host] capture error: invalid capture state: duplication not started
[rig-host] loop alive, host=Connected
[host] capture error: invalid capture state: duplication not started
[host] capture error: invalid capture state: duplication not started
[host] capture error: invalid capture state: duplication not started
[host] capture error: invalid capture state: duplication not started
[host] capture error: invalid capture state: duplication not started
[host] capture error: invalid capture state: duplication not started
[host] capture error: invalid capture state: duplication not started
[host] capture error: invalid capture state: duplication not started
[host] capture error: invalid capture state: duplication not started
[host] capture error: invalid capture state: duplication not started
[host] capture error: invalid capture state: duplication not started
[host] capture error: invalid capture state: duplication not started
[host] capture error: invalid capture state: duplication not started
[host] capture error: invalid capture state: duplication not started
[host] capture error: invalid capture state: duplication not started
[host] capture error: invalid capture state: duplication not started
[host] capture error: invalid capture state: duplication not started
[host] capture error: invalid capture state: duplication not started
[host] capture error: invalid capture state: duplication not started
[host] capture error: invalid capture state: duplication not started
[rig-host] loop alive, host=Connected
[host] capture error: invalid capture state: duplication not started
[host] capture error: invalid capture state: duplication not started
[host] capture error: invalid capture state: duplication not started
[host] capture error: invalid capture state: duplication not started
[host] capture error: invalid capture state: duplication not started
[host] capture error: invalid capture state: duplication not started
[host] capture error: invalid capture state: duplication not started
[host] capture error: invalid capture state: duplication not started
[host] capture error: invalid capture state: duplication not started
[host] capture error: invalid capture state: duplication not started
[host] capture error: invalid capture state: duplication not started
[host] capture error: invalid capture state: duplication not started
[host] capture error: invalid capture state: duplication not started
[host] capture error: invalid capture state: duplication not started
[host] capture error: invalid capture state: duplication not started
[host] capture error: invalid capture state: duplication not started
[host] capture error: invalid capture state: duplication not started
[host] capture error: invalid capture state: duplication not started
[host] capture error: invalid capture state: duplication not started
[host] capture error: invalid capture state: duplication not started
[rig-host] loop alive, host=Connected
[host] capture error: invalid capture state: duplication not started
[host] capture error: invalid capture state: duplication not started
[host] capture error: invalid capture state: duplication not started
[host] capture error: invalid capture state: duplication not started
[host] capture error: invalid capture state: duplication not started
[host] capture error: invalid capture state: duplication not started
[host] capture error: invalid capture state: duplication not started
[host] capture error: invalid capture state: duplication not started
[host] capture error: invalid capture state: duplication not started
[host] capture error: invalid capture state: duplication not started
[host] capture error: invalid capture state: duplication not started
[host] capture error: invalid capture state: duplication not started
[host] capture error: invalid capture state: duplication not started
[host] capture error: invalid capture state: duplication not started
[host] capture error: invalid capture state: duplication not started
[host] capture error: invalid capture state: duplication not started
[host] capture error: invalid capture state: duplication not started
[host] capture error: invalid capture state: duplication not started
[host] capture error: invalid capture state: duplication not started
[host] capture error: invalid capture state: duplication not started
[rig-host] loop alive, host=Connected
[host] capture error: invalid capture state: duplication not started
[host] capture error: invalid capture state: duplication not started
[host] capture error: invalid capture state: duplication not started
[host] capture error: invalid capture state: duplication not started
[host] capture error: invalid capture state: duplication not started
[host] capture error: invalid capture state: duplication not started
[host] capture error: invalid capture state: duplication not started
[host] capture error: invalid capture state: duplication not started
[host] capture error: invalid capture state: duplication not started
[host] capture error: invalid capture state: duplication not started
[host] capture error: invalid capture state: duplication not started
[host] capture error: invalid capture state: duplication not started
[host] capture error: invalid capture state: duplication not started
[host] capture error: invalid capture state: duplication not started
[host] capture error: invalid capture state: duplication not started
[host] capture error: invalid capture state: duplication not started
[host] capture error: invalid capture state: duplication not started
[host] capture error: invalid capture state: duplication not started
[host] capture error: invalid capture state: duplication not started
[host] capture error: invalid capture state: duplication not started
[rig-host] loop alive, host=Connected
[host] capture error: invalid capture state: duplication not started
[host] capture error: invalid capture state: duplication not started
[host] capture error: invalid capture state: duplication not started
[host] capture error: invalid capture state: duplication not started
[host] capture error: invalid capture state: duplication not started
[host] capture error: invalid capture state: duplication not started
[host] capture error: invalid capture state: duplication not started
[host] capture error: invalid capture state: duplication not started
[host] capture error: invalid capture state: duplication not started
[host] capture error: invalid capture state: duplication not started
[host] capture error: invalid capture state: duplication not started
[host] capture error: invalid capture state: duplication not started
[host] capture error: invalid capture state: duplication not started
[host] capture error: invalid capture state: duplication not started
[host] capture error: invalid capture state: duplication not started
[host] capture error: invalid capture state: duplication not started
[host] capture error: invalid capture state: duplication not started
[host] capture error: invalid capture state: duplication not started
[host] capture error: invalid capture state: duplication not started
[host] capture error: invalid capture state: duplication not started
[rig-host] loop alive, host=Connected
[host] capture error: invalid capture state: duplication not started
[host] capture error: invalid capture state: duplication not started
[host] capture error: invalid capture state: duplication not started
[host] capture error: invalid capture state: duplication not started
[host] capture error: invalid capture state: duplication not started
[host] capture error: invalid capture state: duplication not started
[host] capture error: invalid capture state: duplication not started
[host] capture error: invalid capture state: duplication not started
[host] capture error: invalid capture state: duplication not started
[host] capture error: invalid capture state: duplication not started
[host] capture error: invalid capture state: duplication not started
[host] capture error: invalid capture state: duplication not started
[host] capture error: invalid capture state: duplication not started
[host] capture error: invalid capture state: duplication not started
[host] capture error: invalid capture state: duplication not started
[host] capture error: invalid capture state: duplication not started
[host] capture error: invalid capture state: duplication not started
[host] capture error: invalid capture state: duplication not started
[host] capture error: invalid capture state: duplication not started
[host] capture error: invalid capture state: duplication not started
[rig-host] loop alive, host=Connected
[host] capture error: invalid capture state: duplication not started
[host] capture error: invalid capture state: duplication not started
[host] capture error: invalid capture state: duplication not started
[host] capture error: invalid capture state: duplication not started
[host] capture error: invalid capture state: duplication not started
[host] capture error: invalid capture state: duplication not started
[host] capture error: invalid capture state: duplication not started
[host] capture error: invalid capture state: duplication not started
[host] capture error: invalid capture state: duplication not started
[host] capture error: invalid capture state: duplication not started
[host] capture error: invalid capture state: duplication not started
[host] capture error: invalid capture state: duplication not started
[host] capture error: invalid capture state: duplication not started
[host] capture error: invalid capture state: duplication not started
[host] capture error: invalid capture state: duplication not started
[host] capture error: invalid capture state: duplication not started
[host] capture error: invalid capture state: duplication not started
[host] capture error: invalid capture state: duplication not started
[host] capture error: invalid capture state: duplication not started
[host] capture error: invalid capture state: duplication not started
[rig-host] loop alive, host=Connected
[host] capture error: invalid capture state: duplication not started
[host] capture error: invalid capture state: duplication not started
[host] capture error: invalid capture state: duplication not started
[host] capture error: invalid capture state: duplication not started
[host] capture error: invalid capture state: duplication not started
[host] capture error: invalid capture state: duplication not started
[host] capture error: invalid capture state: duplication not started
[host] capture error: invalid capture state: duplication not started
[host] capture error: invalid capture state: duplication not started
[host] capture error: invalid capture state: duplication not started
[host] capture error: invalid capture state: duplication not started
[host] capture error: invalid capture state: duplication not started
[host] capture error: invalid capture state: duplication not started
[host] capture error: invalid capture state: duplication not started
[host] capture error: invalid capture state: duplication not started
[host] capture error: invalid capture state: duplication not started
[host] capture error: invalid capture state: duplication not started
[host] capture error: invalid capture state: duplication not started
[host] capture error: invalid capture state: duplication not started
[host] capture error: invalid capture state: duplication not started
[rig-host] loop alive, host=Connected
[host] capture error: invalid capture state: duplication not started
[host] capture error: invalid capture state: duplication not started
[host] capture error: invalid capture state: duplication not started
[host] capture error: invalid capture state: duplication not started
[host] capture error: invalid capture state: duplication not started
[host] capture error: invalid capture state: duplication not started
[host] capture error: invalid capture state: duplication not started
[host] capture error: invalid capture state: duplication not started
[host] capture error: invalid capture state: duplication not started
[host] capture error: invalid capture state: duplication not started
[host] capture error: invalid capture state: duplication not started
[host] capture error: invalid capture state: duplication not started
[host] capture error: invalid capture state: duplication not started
[host] capture error: invalid capture state: duplication not started
[host] capture error: invalid capture state: duplication not started
[host] capture error: invalid capture state: duplication not started
[host] capture error: invalid capture state: duplication not started
[host] capture error: invalid capture state: duplication not started
[host] capture error: invalid capture state: duplication not started
[host] capture error: invalid capture state: duplication not started
[rig-host] loop alive, host=Connected
[host] capture error: invalid capture state: duplication not started
[host] capture error: invalid capture state: duplication not started
[host] capture error: invalid capture state: duplication not started
[host] capture error: invalid capture state: duplication not started
[host] capture error: invalid capture state: duplication not started
[host] capture error: invalid capture state: duplication not started
[host] capture error: invalid capture state: duplication not started
[host] capture error: invalid capture state: duplication not started
[host] capture error: invalid capture state: duplication not started
[host] capture error: invalid capture state: duplication not started
[host] capture error: invalid capture state: duplication not started
[host] capture error: invalid capture state: duplication not started
[host] capture error: invalid capture state: duplication not started
[host] capture error: invalid capture state: duplication not started
[host] capture error: invalid capture state: duplication not started
[host] capture error: invalid capture state: duplication not started
[host] capture error: invalid capture state: duplication not started
[host] capture error: invalid capture state: duplication not started
[host] capture error: invalid capture state: duplication not started
[host] capture error: invalid capture state: duplication not started
[rig-host] loop alive, host=Connected
[host] capture error: invalid capture state: duplication not started
[host] capture error: invalid capture state: duplication not started
[host] capture error: invalid capture state: duplication not started
[host] capture error: invalid capture state: duplication not started
[host] capture error: invalid capture state: duplication not started
[host] capture error: invalid capture state: duplication not started
[host] capture error: invalid capture state: duplication not started
[host] capture error: invalid capture state: duplication not started
[host] capture error: invalid capture state: duplication not started
[host] capture error: invalid capture state: duplication not started
[host] capture error: invalid capture state: duplication not started
[host] capture error: invalid capture state: duplication not started
[host] capture error: invalid capture state: duplication not started
[host] capture error: invalid capture state: duplication not started
[host] capture error: invalid capture state: duplication not started
[host] capture error: invalid capture state: duplication not started
[host] capture error: invalid capture state: duplication not started
[host] capture error: invalid capture state: duplication not started
[host] capture error: invalid capture state: duplication not started
[host] capture error: invalid capture state: duplication not started
[rig-host] loop alive, host=Connected
[host] capture error: invalid capture state: duplication not started
[host] capture error: invalid capture state: duplication not started
[host] capture error: invalid capture state: duplication not started
[host] capture error: invalid capture state: duplication not started
[host] capture error: invalid capture state: duplication not started
[host] capture error: invalid capture state: duplication not started
[host] capture error: invalid capture state: duplication not started
[host] capture error: invalid capture state: duplication not started
[host] capture error: invalid capture state: duplication not started
[host] capture error: invalid capture state: duplication not started
[host] capture error: invalid capture state: duplication not started
[host] capture error: invalid capture state: duplication not started
[host] capture error: invalid capture state: duplication not started
[host] capture error: invalid capture state: duplication not started
[host] capture error: invalid capture state: duplication not started
[host] capture error: invalid capture state: duplication not started
[host] capture error: invalid capture state: duplication not started
[host] capture error: invalid capture state: duplication not started
[host] capture error: invalid capture state: duplication not started
[host] capture error: invalid capture state: duplication not started
[rig-host] loop alive, host=Connected
[host] capture error: invalid capture state: duplication not started
[host] capture error: invalid capture state: duplication not started
[host] capture error: invalid capture state: duplication not started
[host] capture error: invalid capture state: duplication not started
[host] capture error: invalid capture state: duplication not started
[host] capture error: invalid capture state: duplication not started
[host] capture error: invalid capture state: duplication not started
[host] capture error: invalid capture state: duplication not started
[host] capture error: invalid capture state: duplication not started
[host] capture error: invalid capture state: duplication not started
[host] capture error: invalid capture state: duplication not started
[host] capture error: invalid capture state: duplication not started
[host] capture error: invalid capture state: duplication not started
[host] capture error: invalid capture state: duplication not started
[host] capture error: invalid capture state: duplication not started
[host] capture error: invalid capture state: duplication not started
[host] capture error: invalid capture state: duplication not started
[host] capture error: invalid capture state: duplication not started
[host] capture error: invalid capture state: duplication not started
[host] capture error: invalid capture state: duplication not started
[rig-host] loop alive, host=Connected
[host] capture error: invalid capture state: duplication not started
[host] capture error: invalid capture state: duplication not started
[host] capture error: invalid capture state: duplication not started
[host] capture error: invalid capture state: duplication not started
[host] capture error: invalid capture state: duplication not started
[host] capture error: invalid capture state: duplication not started
[host] capture error: invalid capture state: duplication not started
[host] capture error: invalid capture state: duplication not started
[host] capture error: invalid capture state: duplication not started
[host] capture error: invalid capture state: duplication not started
[host] capture error: invalid capture state: duplication not started
[host] capture error: invalid capture state: duplication not started
[host] capture error: invalid capture state: duplication not started
[host] capture error: invalid capture state: duplication not started
[host] capture error: invalid capture state: duplication not started
[host] capture error: invalid capture state: duplication not started
[host] capture error: invalid capture state: duplication not started
[host] capture error: invalid capture state: duplication not started
[host] capture error: invalid capture state: duplication not started
[host] capture error: invalid capture state: duplication not started
[host] capture error: invalid capture state: duplication not started
[rig-host] loop alive, host=Connected
[host] capture error: invalid capture state: duplication not started
[host] capture error: invalid capture state: duplication not started
[host] capture error: invalid capture state: duplication not started
[host] capture error: invalid capture state: duplication not started
[host] capture error: invalid capture state: duplication not started
[host] capture error: invalid capture state: duplication not started
[host] capture error: invalid capture state: duplication not started
[host] capture error: invalid capture state: duplication not started
[host] capture error: invalid capture state: duplication not started
[host] capture error: invalid capture state: duplication not started
[host] capture error: invalid capture state: duplication not started
[host] capture error: invalid capture state: duplication not started
[host] capture error: invalid capture state: duplication not started
[host] capture error: invalid capture state: duplication not started
[host] capture error: invalid capture state: duplication not started
[host] capture error: invalid capture state: duplication not started
[host] capture error: invalid capture state: duplication not started
[host] capture error: invalid capture state: duplication not started
[host] capture error: invalid capture state: duplication not started
[host] capture error: invalid capture state: duplication not started
[rig-host] loop alive, host=Connected
[host] capture error: invalid capture state: duplication not started
[host] capture error: invalid capture state: duplication not started
[host] capture error: invalid capture state: duplication not started
[host] capture error: invalid capture state: duplication not started
[host] capture error: invalid capture state: duplication not started
[host] capture error: invalid capture state: duplication not started
[host] capture error: invalid capture state: duplication not started
[host] capture error: invalid capture state: duplication not started
[host] capture error: invalid capture state: duplication not started
[host] capture error: invalid capture state: duplication not started
[host] capture error: invalid capture state: duplication not started
[host] capture error: invalid capture state: duplication not started
[host] capture error: invalid capture state: duplication not started
[host] capture error: invalid capture state: duplication not started
[host] capture error: invalid capture state: duplication not started
[host] capture error: invalid capture state: duplication not started
[host] capture error: invalid capture state: duplication not started
[host] capture error: invalid capture state: duplication not started
[host] capture error: invalid capture state: duplication not started
[rig-host] loop alive, host=Connected
[host] capture error: invalid capture state: duplication not started
[host] capture error: invalid capture state: duplication not started
[host] capture error: invalid capture state: duplication not started
[host] capture error: invalid capture state: duplication not started
[host] capture error: invalid capture state: duplication not started
[host] capture error: invalid capture state: duplication not started
[host] capture error: invalid capture state: duplication not started
[host] capture error: invalid capture state: duplication not started
[host] capture error: invalid capture state: duplication not started
[host] capture error: invalid capture state: duplication not started
[host] capture error: invalid capture state: duplication not started
[host] capture error: invalid capture state: duplication not started
[host] capture error: invalid capture state: duplication not started
[host] capture error: invalid capture state: duplication not started
[host] capture error: invalid capture state: duplication not started
[host] capture error: invalid capture state: duplication not started
[host] capture error: invalid capture state: duplication not started
[host] capture error: invalid capture state: duplication not started
[host] capture error: invalid capture state: duplication not started
[host] capture error: invalid capture state: duplication not started
[rig-host] loop alive, host=Connected
[host] capture error: invalid capture state: duplication not started
[host] capture error: invalid capture state: duplication not started
[host] capture error: invalid capture state: duplication not started
[host] capture error: invalid capture state: duplication not started
[host] capture error: invalid capture state: duplication not started
[host] capture error: invalid capture state: duplication not started
[host] capture error: invalid capture state: duplication not started
[host] capture error: invalid capture state: duplication not started
[host] capture error: invalid capture state: duplication not started
[host] capture error: invalid capture state: duplication not started
[host] capture error: invalid capture state: duplication not started
[host] capture error: invalid capture state: duplication not started
[host] capture error: invalid capture state: duplication not started
[host] capture error: invalid capture state: duplication not started
[host] capture error: invalid capture state: duplication not started
[host] capture error: invalid capture state: duplication not started
[host] capture error: invalid capture state: duplication not started
[host] capture error: invalid capture state: duplication not started
[host] capture error: invalid capture state: duplication not started
[host] capture error: invalid capture state: duplication not started
[host] capture error: invalid capture state: duplication not started
[rig-host] loop alive, host=Connected
[host] capture error: invalid capture state: duplication not started
[host] capture error: invalid capture state: duplication not started
[host] capture error: invalid capture state: duplication not started
[host] capture error: invalid capture state: duplication not started
[host] capture error: invalid capture state: duplication not started
[host] capture error: invalid capture state: duplication not started
[host] capture error: invalid capture state: duplication not started
[host] capture error: invalid capture state: duplication not started
[host] capture error: invalid capture state: duplication not started
[host] capture error: invalid capture state: duplication not started
[host] capture error: invalid capture state: duplication not started
[host] capture error: invalid capture state: duplication not started
[host] capture error: invalid capture state: duplication not started
[host] capture error: invalid capture state: duplication not started
[host] capture error: invalid capture state: duplication not started
[host] capture error: invalid capture state: duplication not started
[host] capture error: invalid capture state: duplication not started
[host] capture error: invalid capture state: duplication not started
[host] capture error: invalid capture state: duplication not started
[host] capture error: invalid capture state: duplication not started
[rig-host] loop alive, host=Connected
[host] capture error: invalid capture state: duplication not started
[host] capture error: invalid capture state: duplication not started
[host] capture error: invalid capture state: duplication not started
[host] capture error: invalid capture state: duplication not started
[host] capture error: invalid capture state: duplication not started
[host] capture error: invalid capture state: duplication not started
[host] capture error: invalid capture state: duplication not started
[host] capture error: invalid capture state: duplication not started
[host] capture error: invalid capture state: duplication not started
[host] capture error: invalid capture state: duplication not started
[host] capture error: invalid capture state: duplication not started
[host] capture error: invalid capture state: duplication not started
[host] capture error: invalid capture state: duplication not started
[host] capture error: invalid capture state: duplication not started
[host] capture error: invalid capture state: duplication not started
[host] capture error: invalid capture state: duplication not started
[host] capture error: invalid capture state: duplication not started
[host] capture error: invalid capture state: duplication not started
[host] capture error: invalid capture state: duplication not started
[host] capture error: invalid capture state: duplication not started
[rig-host] loop alive, host=Connected
[host] capture error: invalid capture state: duplication not started
[host] capture error: invalid capture state: duplication not started
[host] capture error: invalid capture state: duplication not started
[host] capture error: invalid capture state: duplication not started
[host] capture error: invalid capture state: duplication not started
[host] capture error: invalid capture state: duplication not started
[host] capture error: invalid capture state: duplication not started
[host] capture error: invalid capture state: duplication not started
[host] capture error: invalid capture state: duplication not started
[host] capture error: invalid capture state: duplication not started
[host] capture error: invalid capture state: duplication not started
[host] capture error: invalid capture state: duplication not started
[host] capture error: invalid capture state: duplication not started
[host] capture error: invalid capture state: duplication not started
[host] capture error: invalid capture state: duplication not started
[host] capture error: invalid capture state: duplication not started
[host] capture error: invalid capture state: duplication not started
[host] capture error: invalid capture state: duplication not started
[host] capture error: invalid capture state: duplication not started
[host] capture error: invalid capture state: duplication not started
[rig-host] loop alive, host=Connected
[host] capture error: invalid capture state: duplication not started
[host] capture error: invalid capture state: duplication not started
[host] capture error: invalid capture state: duplication not started
[host] capture error: invalid capture state: duplication not started
[host] capture error: invalid capture state: duplication not started
[host] capture error: invalid capture state: duplication not started
[host] capture error: invalid capture state: duplication not started
[host] capture error: invalid capture state: duplication not started
[host] capture error: invalid capture state: duplication not started
[host] capture error: invalid capture state: duplication not started
[host] capture error: invalid capture state: duplication not started
[host] capture error: invalid capture state: duplication not started
[host] capture error: invalid capture state: duplication not started
[host] capture error: invalid capture state: duplication not started
[host] capture error: invalid capture state: duplication not started
[host] capture error: invalid capture state: duplication not started
[host] capture error: invalid capture state: duplication not started
[host] capture error: invalid capture state: duplication not started
[host] capture error: invalid capture state: duplication not started
[host] capture error: invalid capture state: duplication not started
[rig-host] loop alive, host=Connected
[host] capture error: invalid capture state: duplication not started
[host] capture error: invalid capture state: duplication not started
[host] capture error: invalid capture state: duplication not started
[host] capture error: invalid capture state: duplication not started
[host] capture error: invalid capture state: duplication not started
[host] capture error: invalid capture state: duplication not started
[host] capture error: invalid capture state: duplication not started
[host] capture error: invalid capture state: duplication not started
[host] capture error: invalid capture state: duplication not started
[host] capture error: invalid capture state: duplication not started
[host] capture error: invalid capture state: duplication not started
[host] capture error: invalid capture state: duplication not started
[host] capture error: invalid capture state: duplication not started
[host] capture error: invalid capture state: duplication not started
[host] capture error: invalid capture state: duplication not started
[host] capture error: invalid capture state: duplication not started
[host] capture error: invalid capture state: duplication not started
[host] capture error: invalid capture state: duplication not started
[host] capture error: invalid capture state: duplication not started
[host] capture error: invalid capture state: duplication not started
[rig-host] loop alive, host=Connected
[host] capture error: invalid capture state: duplication not started
[host] capture error: invalid capture state: duplication not started
[host] capture error: invalid capture state: duplication not started
[host] capture error: invalid capture state: duplication not started
[host] capture error: invalid capture state: duplication not started
[host] capture error: invalid capture state: duplication not started
[host] capture error: invalid capture state: duplication not started
[host] capture error: invalid capture state: duplication not started
[host] capture error: invalid capture state: duplication not started
[host] capture error: invalid capture state: duplication not started
[host] capture error: invalid capture state: duplication not started
[host] capture error: invalid capture state: duplication not started
[host] capture error: invalid capture state: duplication not started
[host] capture error: invalid capture state: duplication not started
[host] capture error: invalid capture state: duplication not started
[host] capture error: invalid capture state: duplication not started
[host] capture error: invalid capture state: duplication not started
[host] capture error: invalid capture state: duplication not started
[host] capture error: invalid capture state: duplication not started
[host] capture error: invalid capture state: duplication not started
[rig-host] loop alive, host=Connected
[host] capture error: invalid capture state: duplication not started
[host] capture error: invalid capture state: duplication not started
[host] capture error: invalid capture state: duplication not started
[host] capture error: invalid capture state: duplication not started
[host] capture error: invalid capture state: duplication not started
[host] capture error: invalid capture state: duplication not started
[host] capture error: invalid capture state: duplication not started
[host] capture error: invalid capture state: duplication not started
[host] capture error: invalid capture state: duplication not started
[host] capture error: invalid capture state: duplication not started
[host] capture error: invalid capture state: duplication not started
[host] capture error: invalid capture state: duplication not started
[host] capture error: invalid capture state: duplication not started
[host] capture error: invalid capture state: duplication not started
[host] capture error: invalid capture state: duplication not started
[host] capture error: invalid capture state: duplication not started
[host] capture error: invalid capture state: duplication not started
[host] capture error: invalid capture state: duplication not started
[host] capture error: invalid capture state: duplication not started
[host] capture error: invalid capture state: duplication not started
[rig-host] loop alive, host=Connected
[host] capture error: invalid capture state: duplication not started
[host] capture error: invalid capture state: duplication not started
[host] capture error: invalid capture state: duplication not started
[host] capture error: invalid capture state: duplication not started
[host] capture error: invalid capture state: duplication not started
[host] capture error: invalid capture state: duplication not started
[host] capture error: invalid capture state: duplication not started
[host] capture error: invalid capture state: duplication not started
[host] capture error: invalid capture state: duplication not started
[host] capture error: invalid capture state: duplication not started
[host] capture error: invalid capture state: duplication not started
[host] capture error: invalid capture state: duplication not started
[host] capture error: invalid capture state: duplication not started
[host] capture error: invalid capture state: duplication not started
[host] capture error: invalid capture state: duplication not started
[host] capture error: invalid capture state: duplication not started
[host] capture error: invalid capture state: duplication not started
[host] capture error: invalid capture state: duplication not started
[host] capture error: invalid capture state: duplication not started
[host] capture error: invalid capture state: duplication not started
[rig-host] loop alive, host=Connected
[host] capture error: invalid capture state: duplication not started
[host] capture error: invalid capture state: duplication not started
[host] capture error: invalid capture state: duplication not started
[host] capture error: invalid capture state: duplication not started
[host] capture error: invalid capture state: duplication not started
[host] capture error: invalid capture state: duplication not started
[host] capture error: invalid capture state: duplication not started
[host] capture error: invalid capture state: duplication not started
[host] capture error: invalid capture state: duplication not started
[host] capture error: invalid capture state: duplication not started
[host] capture error: invalid capture state: duplication not started
[host] capture error: invalid capture state: duplication not started
[host] capture error: invalid capture state: duplication not started
[host] capture error: invalid capture state: duplication not started
[host] capture error: invalid capture state: duplication not started
[host] capture error: invalid capture state: duplication not started
[host] capture error: invalid capture state: duplication not started
[host] capture error: invalid capture state: duplication not started
[host] capture error: invalid capture state: duplication not started
[rig-host] loop alive, host=Connected
[host] capture error: invalid capture state: duplication not started
[host] capture error: invalid capture state: duplication not started
[host] capture error: invalid capture state: duplication not started
[host] capture error: invalid capture state: duplication not started
[host] capture error: invalid capture state: duplication not started
[host] capture error: invalid capture state: duplication not started
[host] capture error: invalid capture state: duplication not started
[host] capture error: invalid capture state: duplication not started
[host] capture error: invalid capture state: duplication not started
[host] capture error: invalid capture state: duplication not started
[host] capture error: invalid capture state: duplication not started
[host] capture error: invalid capture state: duplication not started
[host] capture error: invalid capture state: duplication not started
[host] capture error: invalid capture state: duplication not started
[host] capture error: invalid capture state: duplication not started
[host] capture error: invalid capture state: duplication not started
[host] capture error: invalid capture state: duplication not started
[host] capture error: invalid capture state: duplication not started
[host] capture error: invalid capture state: duplication not started
[host] capture error: invalid capture state: duplication not started
[host] capture error: invalid capture state: duplication not started
[rig-host] loop alive, host=Connected
[host] capture error: invalid capture state: duplication not started
[host] capture error: invalid capture state: duplication not started
[host] capture error: invalid capture state: duplication not started
[host] capture error: invalid capture state: duplication not started
[host] capture error: invalid capture state: duplication not started
[host] capture error: invalid capture state: duplication not started
[host] capture error: invalid capture state: duplication not started
[host] capture error: invalid capture state: duplication not started
[host] capture error: invalid capture state: duplication not started
[host] capture error: invalid capture state: duplication not started
[host] capture error: invalid capture state: duplication not started
[host] capture error: invalid capture state: duplication not started
[host] capture error: invalid capture state: duplication not started
[host] capture error: invalid capture state: duplication not started
[host] capture error: invalid capture state: duplication not started
[host] capture error: invalid capture state: duplication not started
[host] capture error: invalid capture state: duplication not started
[host] capture error: invalid capture state: duplication not started
[host] capture error: invalid capture state: duplication not started
[host] capture error: invalid capture state: duplication not started
[rig-host] loop alive, host=Connected
[host] capture error: invalid capture state: duplication not started
[host] capture error: invalid capture state: duplication not started
[host] capture error: invalid capture state: duplication not started
[host] capture error: invalid capture state: duplication not started
[host] capture error: invalid capture state: duplication not started
[host] capture error: invalid capture state: duplication not started
[host] capture error: invalid capture state: duplication not started
[host] capture error: invalid capture state: duplication not started
[host] capture error: invalid capture state: duplication not started
[host] capture error: invalid capture state: duplication not started
[host] capture error: invalid capture state: duplication not started
[host] capture error: invalid capture state: duplication not started
[host] capture error: invalid capture state: duplication not started
[host] capture error: invalid capture state: duplication not started
[host] capture error: invalid capture state: duplication not started
[host] capture error: invalid capture state: duplication not started
[host] capture error: invalid capture state: duplication not started
[host] capture error: invalid capture state: duplication not started
[host] capture error: invalid capture state: duplication not started
[host] capture error: invalid capture state: duplication not started
[rig-host] loop alive, host=Connected
[host] capture error: invalid capture state: duplication not started
[host] capture error: invalid capture state: duplication not started
[host] capture error: invalid capture state: duplication not started
[host] capture error: invalid capture state: duplication not started
[host] capture error: invalid capture state: duplication not started
[host] capture error: invalid capture state: duplication not started
[host] capture error: invalid capture state: duplication not started
[host] capture error: invalid capture state: duplication not started
[host] capture error: invalid capture state: duplication not started
[host] capture error: invalid capture state: duplication not started
[host] capture error: invalid capture state: duplication not started
[host] capture error: invalid capture state: duplication not started
[host] capture error: invalid capture state: duplication not started
[host] capture error: invalid capture state: duplication not started
[host] capture error: invalid capture state: duplication not started
[host] capture error: invalid capture state: duplication not started
[host] capture error: invalid capture state: duplication not started
[host] capture error: invalid capture state: duplication not started
[host] capture error: invalid capture state: duplication not started
[host] capture error: invalid capture state: duplication not started
[rig-host] loop alive, host=Connected
[host] capture error: invalid capture state: duplication not started
[host] capture error: invalid capture state: duplication not started
[host] capture error: invalid capture state: duplication not started
[host] capture error: invalid capture state: duplication not started
[host] capture error: invalid capture state: duplication not started
[host] capture error: invalid capture state: duplication not started
[host] capture error: invalid capture state: duplication not started
[host] capture error: invalid capture state: duplication not started
[host] capture error: invalid capture state: duplication not started
[host] capture error: invalid capture state: duplication not started
[host] capture error: invalid capture state: duplication not started
[host] capture error: invalid capture state: duplication not started
[host] capture error: invalid capture state: duplication not started
[host] capture error: invalid capture state: duplication not started
[host] capture error: invalid capture state: duplication not started
[host] capture error: invalid capture state: duplication not started
[host] capture error: invalid capture state: duplication not started
[host] capture error: invalid capture state: duplication not started
[host] capture error: invalid capture state: duplication not started
[rig-host] loop alive, host=Connected
[host] capture error: invalid capture state: duplication not started
[host] capture error: invalid capture state: duplication not started
[host] capture error: invalid capture state: duplication not started
[host] capture error: invalid capture state: duplication not started
[host] capture error: invalid capture state: duplication not started
[host] capture error: invalid capture state: duplication not started
[host] capture error: invalid capture state: duplication not started
[host] capture error: invalid capture state: duplication not started
[host] capture error: invalid capture state: duplication not started
[host] capture error: invalid capture state: duplication not started
[host] capture error: invalid capture state: duplication not started
[host] capture error: invalid capture state: duplication not started
[host] capture error: invalid capture state: duplication not started
[host] capture error: invalid capture state: duplication not started
[host] capture error: invalid capture state: duplication not started
[host] capture error: invalid capture state: duplication not started
[host] capture error: invalid capture state: duplication not started
[host] capture error: invalid capture state: duplication not started
[host] capture error: invalid capture state: duplication not started
[host] capture error: invalid capture state: duplication not started
[rig-host] loop alive, host=Connected
[host] capture error: invalid capture state: duplication not started
[host] capture error: invalid capture state: duplication not started
[host] capture error: invalid capture state: duplication not started
[host] capture error: invalid capture state: duplication not started
[host] capture error: invalid capture state: duplication not started
[host] capture error: invalid capture state: duplication not started
[host] capture error: invalid capture state: duplication not started
[host] capture error: invalid capture state: duplication not started
[host] capture error: invalid capture state: duplication not started
[host] capture error: invalid capture state: duplication not started
[host] capture error: invalid capture state: duplication not started
[host] capture error: invalid capture state: duplication not started
[host] capture error: invalid capture state: duplication not started
[host] capture error: invalid capture state: duplication not started
[host] capture error: invalid capture state: duplication not started
[host] capture error: invalid capture state: duplication not started
[host] capture error: invalid capture state: duplication not started
[host] capture error: invalid capture state: duplication not started
[host] capture error: invalid capture state: duplication not started
[host] capture error: invalid capture state: duplication not started
[host] capture error: invalid capture state: duplication not started
[rig-host] loop alive, host=Connected
[host] capture error: invalid capture state: duplication not started
[host] capture error: invalid capture state: duplication not started
[host] capture error: invalid capture state: duplication not started
[host] capture error: invalid capture state: duplication not started
[host] capture error: invalid capture state: duplication not started
[host] capture error: invalid capture state: duplication not started
[host] capture error: invalid capture state: duplication not started
[host] capture error: invalid capture state: duplication not started
[host] capture error: invalid capture state: duplication not started
[host] capture error: invalid capture state: duplication not started
[host] capture error: invalid capture state: duplication not started
[host] capture error: invalid capture state: duplication not started
[host] capture error: invalid capture state: duplication not started
[host] capture error: invalid capture state: duplication not started
[host] capture error: invalid capture state: duplication not started
[host] capture error: invalid capture state: duplication not started
[host] capture error: invalid capture state: duplication not started
[host] capture error: invalid capture state: duplication not started
[host] capture error: invalid capture state: duplication not started
[host] capture error: invalid capture state: duplication not started
[rig-host] loop alive, host=Connected
[host] capture error: invalid capture state: duplication not started
[host] capture error: invalid capture state: duplication not started
[host] capture error: invalid capture state: duplication not started
[host] capture error: invalid capture state: duplication not started
[host] capture error: invalid capture state: duplication not started
[host] capture error: invalid capture state: duplication not started
[host] capture error: invalid capture state: duplication not started
[host] capture error: invalid capture state: duplication not started
[host] capture error: invalid capture state: duplication not started
[host] capture error: invalid capture state: duplication not started
[host] capture error: invalid capture state: duplication not started
[host] capture error: invalid capture state: duplication not started
[host] capture error: invalid capture state: duplication not started
[host] capture error: invalid capture state: duplication not started
[host] capture error: invalid capture state: duplication not started
[host] capture error: invalid capture state: duplication not started
[host] capture error: invalid capture state: duplication not started
[host] capture error: invalid capture state: duplication not started
[host] capture error: invalid capture state: duplication not started
[host] capture error: invalid capture state: duplication not started
[rig-host] loop alive, host=Connected
[host] capture error: invalid capture state: duplication not started
[host] capture error: invalid capture state: duplication not started
[host] capture error: invalid capture state: duplication not started
[host] capture error: invalid capture state: duplication not started
[host] capture error: invalid capture state: duplication not started
[host] capture error: invalid capture state: duplication not started
[host] capture error: invalid capture state: duplication not started
[host] capture error: invalid capture state: duplication not started
[host] capture error: invalid capture state: duplication not started
[host] capture error: invalid capture state: duplication not started
[host] capture error: invalid capture state: duplication not started
[host] capture error: invalid capture state: duplication not started
[host] capture error: invalid capture state: duplication not started
[host] capture error: invalid capture state: duplication not started
[host] capture error: invalid capture state: duplication not started
[host] capture error: invalid capture state: duplication not started
[host] capture error: invalid capture state: duplication not started
[host] capture error: invalid capture state: duplication not started
[host] capture error: invalid capture state: duplication not started
[host] capture error: invalid capture state: duplication not started
[rig-host] loop alive, host=Connected
[host] capture error: invalid capture state: duplication not started
[host] capture error: invalid capture state: duplication not started
[host] capture error: invalid capture state: duplication not started
[host] capture error: invalid capture state: duplication not started
[host] capture error: invalid capture state: duplication not started
[host] capture error: invalid capture state: duplication not started
[host] capture error: invalid capture state: duplication not started
[host] capture error: invalid capture state: duplication not started
[host] capture error: invalid capture state: duplication not started
[host] capture error: invalid capture state: duplication not started
[host] capture error: invalid capture state: duplication not started
[host] capture error: invalid capture state: duplication not started
[host] capture error: invalid capture state: duplication not started
[host] capture error: invalid capture state: duplication not started
[host] capture error: invalid capture state: duplication not started
[host] capture error: invalid capture state: duplication not started
[host] capture error: invalid capture state: duplication not started
[host] capture error: invalid capture state: duplication not started
[host] capture error: invalid capture state: duplication not started
[host] capture error: invalid capture state: duplication not started
[rig-host] loop alive, host=Connected
[host] capture error: invalid capture state: duplication not started
[host] capture error: invalid capture state: duplication not started
[host] capture error: invalid capture state: duplication not started
[host] capture error: invalid capture state: duplication not started
[host] capture error: invalid capture state: duplication not started
[host] capture error: invalid capture state: duplication not started
[host] capture error: invalid capture state: duplication not started
[host] capture error: invalid capture state: duplication not started
[host] capture error: invalid capture state: duplication not started
[host] capture error: invalid capture state: duplication not started
[host] capture error: invalid capture state: duplication not started
[host] capture error: invalid capture state: duplication not started
[host] capture error: invalid capture state: duplication not started
[host] capture error: invalid capture state: duplication not started
[host] capture error: invalid capture state: duplication not started
[host] capture error: invalid capture state: duplication not started
[host] capture error: invalid capture state: duplication not started
[host] capture error: invalid capture state: duplication not started
[host] capture error: invalid capture state: duplication not started
[host] capture error: invalid capture state: duplication not started
[rig-host] loop alive, host=Connected
[host] capture error: invalid capture state: duplication not started
[host] capture error: invalid capture state: duplication not started
[host] capture error: invalid capture state: duplication not started
[host] capture error: invalid capture state: duplication not started
[host] capture error: invalid capture state: duplication not started
[host] capture error: invalid capture state: duplication not started
[host] capture error: invalid capture state: duplication not started
[host] capture error: invalid capture state: duplication not started
[host] capture error: invalid capture state: duplication not started
[host] capture error: invalid capture state: duplication not started
[host] capture error: invalid capture state: duplication not started
[host] capture error: invalid capture state: duplication not started
[host] capture error: invalid capture state: duplication not started
[host] capture error: invalid capture state: duplication not started
[host] capture error: invalid capture state: duplication not started
[host] capture error: invalid capture state: duplication not started
[host] capture error: invalid capture state: duplication not started
[host] capture error: invalid capture state: duplication not started
[host] capture error: invalid capture state: duplication not started
[rig-host] loop alive, host=Connected
[host] capture error: invalid capture state: duplication not started
[host] capture error: invalid capture state: duplication not started
[host] capture error: invalid capture state: duplication not started
[host] capture error: invalid capture state: duplication not started
[host] capture error: invalid capture state: duplication not started
[host] capture error: invalid capture state: duplication not started
[host] capture error: invalid capture state: duplication not started
[host] capture error: invalid capture state: duplication not started
[host] capture error: invalid capture state: duplication not started
[host] capture error: invalid capture state: duplication not started
[host] capture error: invalid capture state: duplication not started
[host] capture error: invalid capture state: duplication not started
[host] capture error: invalid capture state: duplication not started
[host] capture error: invalid capture state: duplication not started
[host] capture error: invalid capture state: duplication not started
[host] capture error: invalid capture state: duplication not started
[host] capture error: invalid capture state: duplication not started
[host] capture error: invalid capture state: duplication not started
[host] capture error: invalid capture state: duplication not started
[host] capture error: invalid capture state: duplication not started
[rig-host] loop alive, host=Connected
[host] capture error: invalid capture state: duplication not started
[host] capture error: invalid capture state: duplication not started
[host] capture error: invalid capture state: duplication not started
[host] capture error: invalid capture state: duplication not started
[host] capture error: invalid capture state: duplication not started
[host] capture error: invalid capture state: duplication not started
[host] capture error: invalid capture state: duplication not started
[host] capture error: invalid capture state: duplication not started
[host] capture error: invalid capture state: duplication not started
[host] capture error: invalid capture state: duplication not started
[host] capture error: invalid capture state: duplication not started
[host] capture error: invalid capture state: duplication not started
[host] capture error: invalid capture state: duplication not started
[host] capture error: invalid capture state: duplication not started
[host] capture error: invalid capture state: duplication not started
[host] capture error: invalid capture state: duplication not started
[host] capture error: invalid capture state: duplication not started
[host] capture error: invalid capture state: duplication not started
[host] capture error: invalid capture state: duplication not started
[host] capture error: invalid capture state: duplication not started
[host] capture error: invalid capture state: duplication not started
[rig-host] loop alive, host=Connected
[host] capture error: invalid capture state: duplication not started
[host] capture error: invalid capture state: duplication not started
[host] capture error: invalid capture state: duplication not started
[host] capture error: invalid capture state: duplication not started
[host] capture error: invalid capture state: duplication not started
[host] capture error: invalid capture state: duplication not started
[host] capture error: invalid capture state: duplication not started
[host] capture error: invalid capture state: duplication not started
[host] capture error: invalid capture state: duplication not started
[host] capture error: invalid capture state: duplication not started
[host] capture error: invalid capture state: duplication not started
[host] capture error: invalid capture state: duplication not started
[host] capture error: invalid capture state: duplication not started
[host] capture error: invalid capture state: duplication not started
[host] capture error: invalid capture state: duplication not started
[host] capture error: invalid capture state: duplication not started
[host] capture error: invalid capture state: duplication not started
[host] capture error: invalid capture state: duplication not started
[host] capture error: invalid capture state: duplication not started
[host] capture error: invalid capture state: duplication not started
[rig-host] loop alive, host=Connected
[host] capture error: invalid capture state: duplication not started
[host] capture error: invalid capture state: duplication not started
[host] capture error: invalid capture state: duplication not started
[host] capture error: invalid capture state: duplication not started
[host] capture error: invalid capture state: duplication not started
[host] capture error: invalid capture state: duplication not started
[host] capture error: invalid capture state: duplication not started
[host] capture error: invalid capture state: duplication not started
[host] capture error: invalid capture state: duplication not started
[host] capture error: invalid capture state: duplication not started
[host] capture error: invalid capture state: duplication not started
[host] capture error: invalid capture state: duplication not started
[host] capture error: invalid capture state: duplication not started
[host] capture error: invalid capture state: duplication not started
[host] capture error: invalid capture state: duplication not started
[host] capture error: invalid capture state: duplication not started
[host] capture error: invalid capture state: duplication not started
[host] capture error: invalid capture state: duplication not started
[host] capture error: invalid capture state: duplication not started
[host] capture error: invalid capture state: duplication not started
[rig-host] loop alive, host=Connected
[host] capture error: invalid capture state: duplication not started
[host] capture error: invalid capture state: duplication not started
[host] capture error: invalid capture state: duplication not started
[host] capture error: invalid capture state: duplication not started
[host] capture error: invalid capture state: duplication not started
[host] capture error: invalid capture state: duplication not started
[host] capture error: invalid capture state: duplication not started
[host] capture error: invalid capture state: duplication not started
[host] capture error: invalid capture state: duplication not started
[host] capture error: invalid capture state: duplication not started
[host] capture error: invalid capture state: duplication not started
[host] capture error: invalid capture state: duplication not started
[host] capture error: invalid capture state: duplication not started
[host] capture error: invalid capture state: duplication not started
[host] capture error: invalid capture state: duplication not started
[host] capture error: invalid capture state: duplication not started
[host] capture error: invalid capture state: duplication not started
[host] capture error: invalid capture state: duplication not started
[host] capture error: invalid capture state: duplication not started
[host] capture error: invalid capture state: duplication not started
[rig-host] loop alive, host=Connected
[host] capture error: invalid capture state: duplication not started
[host] capture error: invalid capture state: duplication not started
[host] capture error: invalid capture state: duplication not started
[host] capture error: invalid capture state: duplication not started
[host] capture error: invalid capture state: duplication not started
[host] capture error: invalid capture state: duplication not started
[host] capture error: invalid capture state: duplication not started
[host] capture error: invalid capture state: duplication not started
[host] capture error: invalid capture state: duplication not started
[host] capture error: invalid capture state: duplication not started
[host] capture error: invalid capture state: duplication not started
[host] capture error: invalid capture state: duplication not started
[host] capture error: invalid capture state: duplication not started
[host] capture error: invalid capture state: duplication not started
[host] capture error: invalid capture state: duplication not started
[host] capture error: invalid capture state: duplication not started
[host] capture error: invalid capture state: duplication not started
[host] capture error: invalid capture state: duplication not started
[host] capture error: invalid capture state: duplication not started
[host] capture error: invalid capture state: duplication not started
[rig-host] loop alive, host=Connected
[host] capture error: invalid capture state: duplication not started
[host] capture error: invalid capture state: duplication not started
[host] capture error: invalid capture state: duplication not started
[host] capture error: invalid capture state: duplication not started
[host] capture error: invalid capture state: duplication not started
[host] capture error: invalid capture state: duplication not started
[host] capture error: invalid capture state: duplication not started
[host] capture error: invalid capture state: duplication not started
[host] capture error: invalid capture state: duplication not started
[host] capture error: invalid capture state: duplication not started
[host] capture error: invalid capture state: duplication not started
[host] capture error: invalid capture state: duplication not started
[host] capture error: invalid capture state: duplication not started
[host] capture error: invalid capture state: duplication not started
[host] capture error: invalid capture state: duplication not started
[host] capture error: invalid capture state: duplication not started
[host] capture error: invalid capture state: duplication not started
[host] capture error: invalid capture state: duplication not started
[host] capture error: invalid capture state: duplication not started
[host] capture error: invalid capture state: duplication not started
[rig-host] loop alive, host=Connected
[host] capture error: invalid capture state: duplication not started
[host] capture error: invalid capture state: duplication not started
[host] capture error: invalid capture state: duplication not started
[host] capture error: invalid capture state: duplication not started
[host] capture error: invalid capture state: duplication not started
[host] capture error: invalid capture state: duplication not started
[host] capture error: invalid capture state: duplication not started
[host] capture error: invalid capture state: duplication not started
[host] capture error: invalid capture state: duplication not started
[host] capture error: invalid capture state: duplication not started
[host] capture error: invalid capture state: duplication not started
[host] capture error: invalid capture state: duplication not started
[host] capture error: invalid capture state: duplication not started
[host] capture error: invalid capture state: duplication not started
[host] capture error: invalid capture state: duplication not started
[host] capture error: invalid capture state: duplication not started
[host] capture error: invalid capture state: duplication not started
[host] capture error: invalid capture state: duplication not started
[host] capture error: invalid capture state: duplication not started
[host] capture error: invalid capture state: duplication not started
[rig-host] loop alive, host=Connected
[host] capture error: invalid capture state: duplication not started
[host] capture error: invalid capture state: duplication not started
[host] capture error: invalid capture state: duplication not started
[host] capture error: invalid capture state: duplication not started
[host] capture error: invalid capture state: duplication not started
[host] capture error: invalid capture state: duplication not started
[host] capture error: invalid capture state: duplication not started
[host] capture error: invalid capture state: duplication not started
[host] capture error: invalid capture state: duplication not started
[host] capture error: invalid capture state: duplication not started
[host] capture error: invalid capture state: duplication not started
[host] capture error: invalid capture state: duplication not started
[host] capture error: invalid capture state: duplication not started
[host] capture error: invalid capture state: duplication not started
[host] capture error: invalid capture state: duplication not started
[host] capture error: invalid capture state: duplication not started
[host] capture error: invalid capture state: duplication not started
[host] capture error: invalid capture state: duplication not started
[host] capture error: invalid capture state: duplication not started
[host] capture error: invalid capture state: duplication not started
[rig-host] loop alive, host=Connected
[host] capture error: invalid capture state: duplication not started
[host] capture error: invalid capture state: duplication not started
[host] capture error: invalid capture state: duplication not started
[host] capture error: invalid capture state: duplication not started
[host] capture error: invalid capture state: duplication not started
[host] capture error: invalid capture state: duplication not started
[host] capture error: invalid capture state: duplication not started
[host] capture error: invalid capture state: duplication not started
[host] capture error: invalid capture state: duplication not started
[host] capture error: invalid capture state: duplication not started
[host] capture error: invalid capture state: duplication not started
[host] capture error: invalid capture state: duplication not started
[host] capture error: invalid capture state: duplication not started
[host] capture error: invalid capture state: duplication not started
[host] capture error: invalid capture state: duplication not started
[host] capture error: invalid capture state: duplication not started
[host] capture error: invalid capture state: duplication not started
[host] capture error: invalid capture state: duplication not started
[host] capture error: invalid capture state: duplication not started
[host] capture error: invalid capture state: duplication not started
[rig-host] loop alive, host=Connected
[host] capture error: invalid capture state: duplication not started
[host] capture error: invalid capture state: duplication not started
[host] capture error: invalid capture state: duplication not started
[host] capture error: invalid capture state: duplication not started
[host] capture error: invalid capture state: duplication not started
[host] capture error: invalid capture state: duplication not started
[host] capture error: invalid capture state: duplication not started
[host] capture error: invalid capture state: duplication not started
[host] capture error: invalid capture state: duplication not started
[host] capture error: invalid capture state: duplication not started
[host] capture error: invalid capture state: duplication not started
[host] capture error: invalid capture state: duplication not started
[host] capture error: invalid capture state: duplication not started
[host] capture error: invalid capture state: duplication not started
[host] capture error: invalid capture state: duplication not started
[host] capture error: invalid capture state: duplication not started
[host] capture error: invalid capture state: duplication not started
[host] capture error: invalid capture state: duplication not started
[host] capture error: invalid capture state: duplication not started
[host] capture error: invalid capture state: duplication not started
[rig-host] loop alive, host=Connected
[host] capture error: invalid capture state: duplication not started
[host] capture error: invalid capture state: duplication not started
[host] capture error: invalid capture state: duplication not started
[host] capture error: invalid capture state: duplication not started
[host] capture error: invalid capture state: duplication not started
[host] capture error: invalid capture state: duplication not started
[host] capture error: invalid capture state: duplication not started
[host] capture error: invalid capture state: duplication not started
[host] capture error: invalid capture state: duplication not started
[host] capture error: invalid capture state: duplication not started
[host] capture error: invalid capture state: duplication not started
[host] capture error: invalid capture state: duplication not started
[host] capture error: invalid capture state: duplication not started
[host] capture error: invalid capture state: duplication not started
[host] capture error: invalid capture state: duplication not started
[host] capture error: invalid capture state: duplication not started
[host] capture error: invalid capture state: duplication not started
[host] capture error: invalid capture state: duplication not started
[host] capture error: invalid capture state: duplication not started
[host] capture error: invalid capture state: duplication not started
[rig-host] loop alive, host=Connected
[host] capture error: invalid capture state: duplication not started
[host] capture error: invalid capture state: duplication not started
[host] capture error: invalid capture state: duplication not started
[host] capture error: invalid capture state: duplication not started
[host] capture error: invalid capture state: duplication not started
[host] capture error: invalid capture state: duplication not started
[host] capture error: invalid capture state: duplication not started
[host] capture error: invalid capture state: duplication not started
[host] capture error: invalid capture state: duplication not started
[host] capture error: invalid capture state: duplication not started
[host] capture error: invalid capture state: duplication not started
[host] capture error: invalid capture state: duplication not started
[host] capture error: invalid capture state: duplication not started
[host] capture error: invalid capture state: duplication not started
[host] capture error: invalid capture state: duplication not started
[host] capture error: invalid capture state: duplication not started
[host] capture error: invalid capture state: duplication not started
[host] capture error: invalid capture state: duplication not started
[host] capture error: invalid capture state: duplication not started
[host] capture error: invalid capture state: duplication not started
[rig-host] loop alive, host=Connected
[host] capture error: invalid capture state: duplication not started
[host] capture error: invalid capture state: duplication not started
[host] capture error: invalid capture state: duplication not started
[host] capture error: invalid capture state: duplication not started
[host] capture error: invalid capture state: duplication not started
[host] capture error: invalid capture state: duplication not started
[host] capture error: invalid capture state: duplication not started
[host] capture error: invalid capture state: duplication not started
[host] capture error: invalid capture state: duplication not started
[host] capture error: invalid capture state: duplication not started
[host] capture error: invalid capture state: duplication not started
[host] capture error: invalid capture state: duplication not started
[host] capture error: invalid capture state: duplication not started
[host] capture error: invalid capture state: duplication not started
[host] capture error: invalid capture state: duplication not started
[host] capture error: invalid capture state: duplication not started
[host] capture error: invalid capture state: duplication not started
[host] capture error: invalid capture state: duplication not started
[host] capture error: invalid capture state: duplication not started
[host] capture error: invalid capture state: duplication not started
[rig-host] loop alive, host=Connected
[host] capture error: invalid capture state: duplication not started
[host] capture error: invalid capture state: duplication not started
[host] capture error: invalid capture state: duplication not started
[host] capture error: invalid capture state: duplication not started
[host] capture error: invalid capture state: duplication not started
[host] capture error: invalid capture state: duplication not started
[host] capture error: invalid capture state: duplication not started
[host] capture error: invalid capture state: duplication not started
[host] capture error: invalid capture state: duplication not started
[host] capture error: invalid capture state: duplication not started
[host] capture error: invalid capture state: duplication not started
[host] capture error: invalid capture state: duplication not started
[host] capture error: invalid capture state: duplication not started
[host] capture error: invalid capture state: duplication not started
[host] capture error: invalid capture state: duplication not started
[host] capture error: invalid capture state: duplication not started
[host] capture error: invalid capture state: duplication not started
[host] capture error: invalid capture state: duplication not started
[host] capture error: invalid capture state: duplication not started
[host] capture error: invalid capture state: duplication not started
[rig-host] loop alive, host=Connected
[host] capture error: invalid capture state: duplication not started
[host] capture error: invalid capture state: duplication not started
[host] capture error: invalid capture state: duplication not started
[host] capture error: invalid capture state: duplication not started
[host] capture error: invalid capture state: duplication not started
[host] capture error: invalid capture state: duplication not started
[host] capture error: invalid capture state: duplication not started
[host] capture error: invalid capture state: duplication not started
[host] capture error: invalid capture state: duplication not started
[host] capture error: invalid capture state: duplication not started
[host] capture error: invalid capture state: duplication not started
[host] capture error: invalid capture state: duplication not started
[host] capture error: invalid capture state: duplication not started
[host] capture error: invalid capture state: duplication not started
[host] capture error: invalid capture state: duplication not started
[host] capture error: invalid capture state: duplication not started
[host] capture error: invalid capture state: duplication not started
[host] capture error: invalid capture state: duplication not started
[host] capture error: invalid capture state: duplication not started
[host] capture error: invalid capture state: duplication not started
[rig-host] loop alive, host=Connected
[host] capture error: invalid capture state: duplication not started
[host] capture error: invalid capture state: duplication not started
[host] capture error: invalid capture state: duplication not started
[host] capture error: invalid capture state: duplication not started
[host] capture error: invalid capture state: duplication not started
[host] capture error: invalid capture state: duplication not started
[host] capture error: invalid capture state: duplication not started
[host] capture error: invalid capture state: duplication not started
[host] capture error: invalid capture state: duplication not started
[host] capture error: invalid capture state: duplication not started
[host] capture error: invalid capture state: duplication not started
[host] capture error: invalid capture state: duplication not started
[host] capture error: invalid capture state: duplication not started
[host] capture error: invalid capture state: duplication not started
[host] capture error: invalid capture state: duplication not started
[host] capture error: invalid capture state: duplication not started
[host] capture error: invalid capture state: duplication not started
[host] capture error: invalid capture state: duplication not started
[host] capture error: invalid capture state: duplication not started
[host] capture error: invalid capture state: duplication not started
[rig-host] loop alive, host=Connected
[host] capture error: invalid capture state: duplication not started
[host] capture error: invalid capture state: duplication not started
[host] capture error: invalid capture state: duplication not started
[host] capture error: invalid capture state: duplication not started
[host] capture error: invalid capture state: duplication not started
[host] capture error: invalid capture state: duplication not started
[host] capture error: invalid capture state: duplication not started
[host] capture error: invalid capture state: duplication not started
[host] capture error: invalid capture state: duplication not started
[host] capture error: invalid capture state: duplication not started
[host] capture error: invalid capture state: duplication not started
[host] capture error: invalid capture state: duplication not started
[host] capture error: invalid capture state: duplication not started
[host] capture error: invalid capture state: duplication not started
[host] capture error: invalid capture state: duplication not started
[host] capture error: invalid capture state: duplication not started
[host] capture error: invalid capture state: duplication not started
[host] capture error: invalid capture state: duplication not started
[host] capture error: invalid capture state: duplication not started
[host] capture error: invalid capture state: duplication not started
[rig-host] loop alive, host=Connected
[host] capture error: invalid capture state: duplication not started
[host] capture error: invalid capture state: duplication not started
[host] capture error: invalid capture state: duplication not started
[host] capture error: invalid capture state: duplication not started
[host] capture error: invalid capture state: duplication not started
[host] capture error: invalid capture state: duplication not started
[host] capture error: invalid capture state: duplication not started
[host] capture error: invalid capture state: duplication not started
[host] capture error: invalid capture state: duplication not started
[host] capture error: invalid capture state: duplication not started
[host] capture error: invalid capture state: duplication not started
[host] capture error: invalid capture state: duplication not started
[host] capture error: invalid capture state: duplication not started
[host] capture error: invalid capture state: duplication not started
[host] capture error: invalid capture state: duplication not started
[host] capture error: invalid capture state: duplication not started
[host] capture error: invalid capture state: duplication not started
[host] capture error: invalid capture state: duplication not started
[host] capture error: invalid capture state: duplication not started
[host] capture error: invalid capture state: duplication not started
[rig-host] loop alive, host=Connected
[host] capture error: invalid capture state: duplication not started
[host] capture error: invalid capture state: duplication not started
[host] capture error: invalid capture state: duplication not started
[host] capture error: invalid capture state: duplication not started
[host] capture error: invalid capture state: duplication not started
[host] capture error: invalid capture state: duplication not started
[host] capture error: invalid capture state: duplication not started
[host] capture error: invalid capture state: duplication not started
[host] capture error: invalid capture state: duplication not started
[host] capture error: invalid capture state: duplication not started
[host] capture error: invalid capture state: duplication not started
[host] capture error: invalid capture state: duplication not started
[host] capture error: invalid capture state: duplication not started
[host] capture error: invalid capture state: duplication not started
[host] capture error: invalid capture state: duplication not started
[host] capture error: invalid capture state: duplication not started
[host] capture error: invalid capture state: duplication not started
[host] capture error: invalid capture state: duplication not started
[host] capture error: invalid capture state: duplication not started
[host] capture error: invalid capture state: duplication not started
[rig-host] loop alive, host=Connected
[host] capture error: invalid capture state: duplication not started
[host] capture error: invalid capture state: duplication not started
[host] capture error: invalid capture state: duplication not started
[host] capture error: invalid capture state: duplication not started
[host] capture error: invalid capture state: duplication not started
[host] capture error: invalid capture state: duplication not started
[host] capture error: invalid capture state: duplication not started
[host] capture error: invalid capture state: duplication not started
[host] capture error: invalid capture state: duplication not started
[host] capture error: invalid capture state: duplication not started
[host] capture error: invalid capture state: duplication not started
[host] capture error: invalid capture state: duplication not started
[host] capture error: invalid capture state: duplication not started
[host] capture error: invalid capture state: duplication not started
[host] capture error: invalid capture state: duplication not started
[host] capture error: invalid capture state: duplication not started
[host] capture error: invalid capture state: duplication not started
[host] capture error: invalid capture state: duplication not started
[host] capture error: invalid capture state: duplication not started
[host] capture error: invalid capture state: duplication not started
[rig-host] loop alive, host=Connected
[host] capture error: invalid capture state: duplication not started
[host] capture error: invalid capture state: duplication not started
[host] capture error: invalid capture state: duplication not started
[host] capture error: invalid capture state: duplication not started
[host] capture error: invalid capture state: duplication not started
[host] capture error: invalid capture state: duplication not started
[host] capture error: invalid capture state: duplication not started
[host] capture error: invalid capture state: duplication not started
[host] capture error: invalid capture state: duplication not started
[host] capture error: invalid capture state: duplication not started
[host] capture error: invalid capture state: duplication not started
[host] capture error: invalid capture state: duplication not started
[host] capture error: invalid capture state: duplication not started
[host] capture error: invalid capture state: duplication not started
[host] capture error: invalid capture state: duplication not started
[host] capture error: invalid capture state: duplication not started
[host] capture error: invalid capture state: duplication not started
[host] capture error: invalid capture state: duplication not started
[host] capture error: invalid capture state: duplication not started
[host] capture error: invalid capture state: duplication not started
[rig-host] loop alive, host=Connected
[host] capture error: invalid capture state: duplication not started
[host] capture error: invalid capture state: duplication not started
[host] capture error: invalid capture state: duplication not started
[host] capture error: invalid capture state: duplication not started
[host] capture error: invalid capture state: duplication not started
[host] capture error: invalid capture state: duplication not started
[host] capture error: invalid capture state: duplication not started
[host] capture error: invalid capture state: duplication not started
[host] capture error: invalid capture state: duplication not started
[host] capture error: invalid capture state: duplication not started
[host] capture error: invalid capture state: duplication not started
[host] capture error: invalid capture state: duplication not started
[host] capture error: invalid capture state: duplication not started
[host] capture error: invalid capture state: duplication not started
[host] capture error: invalid capture state: duplication not started
[host] capture error: invalid capture state: duplication not started
[host] capture error: invalid capture state: duplication not started
[host] capture error: invalid capture state: duplication not started
[host] capture error: invalid capture state: duplication not started
[host] capture error: invalid capture state: duplication not started
[rig-host] loop alive, host=Connected
[host] capture error: invalid capture state: duplication not started
[host] capture error: invalid capture state: duplication not started
[host] capture error: invalid capture state: duplication not started
[host] capture error: invalid capture state: duplication not started
[host] capture error: invalid capture state: duplication not started
[host] capture error: invalid capture state: duplication not started
[host] capture error: invalid capture state: duplication not started
[host] capture error: invalid capture state: duplication not started
[host] capture error: invalid capture state: duplication not started
[host] capture error: invalid capture state: duplication not started
[host] capture error: invalid capture state: duplication not started
[host] capture error: invalid capture state: duplication not started
[host] capture error: invalid capture state: duplication not started
[host] capture error: invalid capture state: duplication not started
[host] capture error: invalid capture state: duplication not started
[host] capture error: invalid capture state: duplication not started
[host] capture error: invalid capture state: duplication not started
[host] capture error: invalid capture state: duplication not started
[host] capture error: invalid capture state: duplication not started
[host] capture error: invalid capture state: duplication not started
[rig-host] loop alive, host=Connected
[host] capture error: invalid capture state: duplication not started
[host] capture error: invalid capture state: duplication not started
[host] capture error: invalid capture state: duplication not started
[host] capture error: invalid capture state: duplication not started
[host] capture error: invalid capture state: duplication not started
[host] capture error: invalid capture state: duplication not started
[host] capture error: invalid capture state: duplication not started
[host] capture error: invalid capture state: duplication not started
[host] capture error: invalid capture state: duplication not started
[host] capture error: invalid capture state: duplication not started
[host] capture error: invalid capture state: duplication not started
[host] capture error: invalid capture state: duplication not started
[host] capture error: invalid capture state: duplication not started
[host] capture error: invalid capture state: duplication not started
[host] capture error: invalid capture state: duplication not started
[host] capture error: invalid capture state: duplication not started
[host] capture error: invalid capture state: duplication not started
[host] capture error: invalid capture state: duplication not started
[host] capture error: invalid capture state: duplication not started
[host] capture error: invalid capture state: duplication not started
[rig-host] loop alive, host=Connected
[host] capture error: invalid capture state: duplication not started
[host] capture error: invalid capture state: duplication not started
[host] capture error: invalid capture state: duplication not started
[host] capture error: invalid capture state: duplication not started
[host] capture error: invalid capture state: duplication not started
[host] capture error: invalid capture state: duplication not started
[host] capture error: invalid capture state: duplication not started
[host] capture error: invalid capture state: duplication not started
[host] capture error: invalid capture state: duplication not started
[host] capture error: invalid capture state: duplication not started
[host] capture error: invalid capture state: duplication not started
[host] capture error: invalid capture state: duplication not started
[host] capture error: invalid capture state: duplication not started
[host] capture error: invalid capture state: duplication not started
[host] capture error: invalid capture state: duplication not started
[host] capture error: invalid capture state: duplication not started
[host] capture error: invalid capture state: duplication not started
[host] capture error: invalid capture state: duplication not started
[host] capture error: invalid capture state: duplication not started
[host] capture error: invalid capture state: duplication not started
[rig-host] loop alive, host=Connected
[host] capture error: invalid capture state: duplication not started
[host] capture error: invalid capture state: duplication not started
[host] capture error: invalid capture state: duplication not started
[host] capture error: invalid capture state: duplication not started
[host] capture error: invalid capture state: duplication not started
[host] capture error: invalid capture state: duplication not started
[host] capture error: invalid capture state: duplication not started
[host] capture error: invalid capture state: duplication not started
[host] capture error: invalid capture state: duplication not started
[host] capture error: invalid capture state: duplication not started
[host] capture error: invalid capture state: duplication not started
[host] capture error: invalid capture state: duplication not started
[host] capture error: invalid capture state: duplication not started
[host] capture error: invalid capture state: duplication not started
[host] capture error: invalid capture state: duplication not started
[host] capture error: invalid capture state: duplication not started
[host] capture error: invalid capture state: duplication not started
[host] capture error: invalid capture state: duplication not started
[host] capture error: invalid capture state: duplication not started
[host] capture error: invalid capture state: duplication not started
[rig-host] loop alive, host=Connected
[host] capture error: invalid capture state: duplication not started
[host] capture error: invalid capture state: duplication not started
[host] capture error: invalid capture state: duplication not started
[host] capture error: invalid capture state: duplication not started
[host] capture error: invalid capture state: duplication not started
[host] capture error: invalid capture state: duplication not started
[host] capture error: invalid capture state: duplication not started
[host] capture error: invalid capture state: duplication not started
[host] capture error: invalid capture state: duplication not started
[host] capture error: invalid capture state: duplication not started
[host] capture error: invalid capture state: duplication not started
[host] capture error: invalid capture state: duplication not started
[host] capture error: invalid capture state: duplication not started
[host] capture error: invalid capture state: duplication not started
[host] capture error: invalid capture state: duplication not started
[host] capture error: invalid capture state: duplication not started
[host] capture error: invalid capture state: duplication not started
[host] capture error: invalid capture state: duplication not started
[host] capture error: invalid capture state: duplication not started
[host] capture error: invalid capture state: duplication not started
[rig-host] loop alive, host=Connected
[host] capture error: invalid capture state: duplication not started
[host] capture error: invalid capture state: duplication not started
[host] capture error: invalid capture state: duplication not started
[host] capture error: invalid capture state: duplication not started
[host] capture error: invalid capture state: duplication not started
[host] capture error: invalid capture state: duplication not started
[host] capture error: invalid capture state: duplication not started
[host] capture error: invalid capture state: duplication not started
[host] capture error: invalid capture state: duplication not started
[host] capture error: invalid capture state: duplication not started
[host] capture error: invalid capture state: duplication not started
[host] capture error: invalid capture state: duplication not started
[host] capture error: invalid capture state: duplication not started
[host] capture error: invalid capture state: duplication not started
[host] capture error: invalid capture state: duplication not started
[host] capture error: invalid capture state: duplication not started
[host] capture error: invalid capture state: duplication not started
[host] capture error: invalid capture state: duplication not started
[host] capture error: invalid capture state: duplication not started
[host] capture error: invalid capture state: duplication not started
[rig-host] loop alive, host=Connected
[host] capture error: invalid capture state: duplication not started
[host] capture error: invalid capture state: duplication not started
[host] capture error: invalid capture state: duplication not started
[host] capture error: invalid capture state: duplication not started
[host] capture error: invalid capture state: duplication not started
[host] capture error: invalid capture state: duplication not started
[host] capture error: invalid capture state: duplication not started
[host] capture error: invalid capture state: duplication not started
[host] capture error: invalid capture state: duplication not started
[host] capture error: invalid capture state: duplication not started
[host] capture error: invalid capture state: duplication not started
[host] capture error: invalid capture state: duplication not started
[host] capture error: invalid capture state: duplication not started
[host] capture error: invalid capture state: duplication not started
[host] capture error: invalid capture state: duplication not started
[host] capture error: invalid capture state: duplication not started
[host] capture error: invalid capture state: duplication not started
[host] capture error: invalid capture state: duplication not started
[host] capture error: invalid capture state: duplication not started
[host] capture error: invalid capture state: duplication not started
[rig-host] loop alive, host=Connected
[host] capture error: invalid capture state: duplication not started
[host] capture error: invalid capture state: duplication not started
[host] capture error: invalid capture state: duplication not started
[host] capture error: invalid capture state: duplication not started
[host] capture error: invalid capture state: duplication not started
[host] capture error: invalid capture state: duplication not started
[host] capture error: invalid capture state: duplication not started
[host] capture error: invalid capture state: duplication not started
[host] capture error: invalid capture state: duplication not started
[host] capture error: invalid capture state: duplication not started
[host] capture error: invalid capture state: duplication not started
[host] capture error: invalid capture state: duplication not started
[host] capture error: invalid capture state: duplication not started
[host] capture error: invalid capture state: duplication not started
[host] capture error: invalid capture state: duplication not started
[host] capture error: invalid capture state: duplication not started
[host] capture error: invalid capture state: duplication not started
[host] capture error: invalid capture state: duplication not started
[host] capture error: invalid capture state: duplication not started
[host] capture error: invalid capture state: duplication not started
[rig-host] loop alive, host=Connected
[host] capture error: invalid capture state: duplication not started
[host] capture error: invalid capture state: duplication not started
[host] capture error: invalid capture state: duplication not started
[host] capture error: invalid capture state: duplication not started
[host] capture error: invalid capture state: duplication not started
[host] capture error: invalid capture state: duplication not started
[host] capture error: invalid capture state: duplication not started
[host] capture error: invalid capture state: duplication not started
[host] capture error: invalid capture state: duplication not started
[host] capture error: invalid capture state: duplication not started
[host] capture error: invalid capture state: duplication not started
[host] capture error: invalid capture state: duplication not started
[host] capture error: invalid capture state: duplication not started
[host] capture error: invalid capture state: duplication not started
[host] capture error: invalid capture state: duplication not started
[host] capture error: invalid capture state: duplication not started
[host] capture error: invalid capture state: duplication not started
[host] capture error: invalid capture state: duplication not started
[host] capture error: invalid capture state: duplication not started
[host] capture error: invalid capture state: duplication not started
[rig-host] loop alive, host=Connected
[host] capture error: invalid capture state: duplication not started
[host] capture error: invalid capture state: duplication not started
[host] capture error: invalid capture state: duplication not started
[host] capture error: invalid capture state: duplication not started
[host] capture error: invalid capture state: duplication not started
[host] capture error: invalid capture state: duplication not started
[host] capture error: invalid capture state: duplication not started
[host] capture error: invalid capture state: duplication not started
[host] capture error: invalid capture state: duplication not started
[host] capture error: invalid capture state: duplication not started
[host] capture error: invalid capture state: duplication not started
[host] capture error: invalid capture state: duplication not started
[host] capture error: invalid capture state: duplication not started
[host] capture error: invalid capture state: duplication not started
[host] capture error: invalid capture state: duplication not started
[host] capture error: invalid capture state: duplication not started
[host] capture error: invalid capture state: duplication not started
[host] capture error: invalid capture state: duplication not started
[host] capture error: invalid capture state: duplication not started
[host] capture error: invalid capture state: duplication not started
[rig-host] loop alive, host=Connected
[host] capture error: invalid capture state: duplication not started
[host] capture error: invalid capture state: duplication not started
[host] capture error: invalid capture state: duplication not started
[host] capture error: invalid capture state: duplication not started
[host] capture error: invalid capture state: duplication not started
[host] capture error: invalid capture state: duplication not started
[host] capture error: invalid capture state: duplication not started
[host] capture error: invalid capture state: duplication not started
[host] capture error: invalid capture state: duplication not started
[host] capture error: invalid capture state: duplication not started
[host] capture error: invalid capture state: duplication not started
[host] capture error: invalid capture state: duplication not started
[host] capture error: invalid capture state: duplication not started
[host] capture error: invalid capture state: duplication not started
[host] capture error: invalid capture state: duplication not started
[host] capture error: invalid capture state: duplication not started
[host] capture error: invalid capture state: duplication not started
[host] capture error: invalid capture state: duplication not started
[host] capture error: invalid capture state: duplication not started
[host] capture error: invalid capture state: duplication not started
[rig-host] loop alive, host=Connected
[host] capture error: invalid capture state: duplication not started
[host] capture error: invalid capture state: duplication not started
[host] capture error: invalid capture state: duplication not started
[host] capture error: invalid capture state: duplication not started
[host] capture error: invalid capture state: duplication not started
[host] capture error: invalid capture state: duplication not started
[host] capture error: invalid capture state: duplication not started
[host] capture error: invalid capture state: duplication not started
[host] capture error: invalid capture state: duplication not started
[host] capture error: invalid capture state: duplication not started
[host] capture error: invalid capture state: duplication not started
[host] capture error: invalid capture state: duplication not started
[host] capture error: invalid capture state: duplication not started
[host] capture error: invalid capture state: duplication not started
[host] capture error: invalid capture state: duplication not started
[host] capture error: invalid capture state: duplication not started
[host] capture error: invalid capture state: duplication not started
[host] capture error: invalid capture state: duplication not started
[host] capture error: invalid capture state: duplication not started
[host] capture error: invalid capture state: duplication not started
[rig-host] loop alive, host=Connected
[host] capture error: invalid capture state: duplication not started
[host] capture error: invalid capture state: duplication not started
[host] capture error: invalid capture state: duplication not started
[host] capture error: invalid capture state: duplication not started
[host] capture error: invalid capture state: duplication not started
[host] capture error: invalid capture state: duplication not started
[host] capture error: invalid capture state: duplication not started
[host] capture error: invalid capture state: duplication not started
[host] capture error: invalid capture state: duplication not started
[host] capture error: invalid capture state: duplication not started
[host] capture error: invalid capture state: duplication not started
[host] capture error: invalid capture state: duplication not started
[host] capture error: invalid capture state: duplication not started
[host] capture error: invalid capture state: duplication not started
[host] capture error: invalid capture state: duplication not started
[host] capture error: invalid capture state: duplication not started
[host] capture error: invalid capture state: duplication not started
[host] capture error: invalid capture state: duplication not started
[host] capture error: invalid capture state: duplication not started
[host] capture error: invalid capture state: duplication not started
[rig-host] loop alive, host=Connected
[host] capture error: invalid capture state: duplication not started
[host] capture error: invalid capture state: duplication not started
[host] capture error: invalid capture state: duplication not started
[host] capture error: invalid capture state: duplication not started
[host] capture error: invalid capture state: duplication not started
[host] capture error: invalid capture state: duplication not started
[host] capture error: invalid capture state: duplication not started
[host] capture error: invalid capture state: duplication not started
[host] capture error: invalid capture state: duplication not started
[host] capture error: invalid capture state: duplication not started
[host] capture error: invalid capture state: duplication not started
[host] capture error: invalid capture state: duplication not started
[host] capture error: invalid capture state: duplication not started
[host] capture error: invalid capture state: duplication not started
[host] capture error: invalid capture state: duplication not started
[host] capture error: invalid capture state: duplication not started
[host] capture error: invalid capture state: duplication not started
[host] capture error: invalid capture state: duplication not started
[host] capture error: invalid capture state: duplication not started
[host] capture error: invalid capture state: duplication not started
[rig-host] loop alive, host=Connected
[host] capture error: invalid capture state: duplication not started
[host] capture error: invalid capture state: duplication not started
[host] capture error: invalid capture state: duplication not started
[host] capture error: invalid capture state: duplication not started
[host] capture error: invalid capture state: duplication not started
[host] capture error: invalid capture state: duplication not started
[host] capture error: invalid capture state: duplication not started
[host] capture error: invalid capture state: duplication not started
[host] capture error: invalid capture state: duplication not started
[host] capture error: invalid capture state: duplication not started
[host] capture error: invalid capture state: duplication not started
[host] capture error: invalid capture state: duplication not started
[host] capture error: invalid capture state: duplication not started
[host] capture error: invalid capture state: duplication not started
[host] capture error: invalid capture state: duplication not started
[host] capture error: invalid capture state: duplication not started
[host] capture error: invalid capture state: duplication not started
[host] capture error: invalid capture state: duplication not started
[host] capture error: invalid capture state: duplication not started
[host] capture error: invalid capture state: duplication not started
[rig-host] loop alive, host=Connected
[host] capture error: invalid capture state: duplication not started
[host] capture error: invalid capture state: duplication not started
[host] capture error: invalid capture state: duplication not started
[host] capture error: invalid capture state: duplication not started
[host] capture error: invalid capture state: duplication not started
[host] capture error: invalid capture state: duplication not started
[host] capture error: invalid capture state: duplication not started
[host] capture error: invalid capture state: duplication not started
[host] capture error: invalid capture state: duplication not started
[host] capture error: invalid capture state: duplication not started
[host] capture error: invalid capture state: duplication not started
[host] capture error: invalid capture state: duplication not started
[host] capture error: invalid capture state: duplication not started
[host] capture error: invalid capture state: duplication not started
[host] capture error: invalid capture state: duplication not started
[host] capture error: invalid capture state: duplication not started
[host] capture error: invalid capture state: duplication not started
[host] capture error: invalid capture state: duplication not started
[host] capture error: invalid capture state: duplication not started
[host] capture error: invalid capture state: duplication not started
[rig-host] loop alive, host=Connected
[host] capture error: invalid capture state: duplication not started
[host] capture error: invalid capture state: duplication not started
[host] capture error: invalid capture state: duplication not started
[host] capture error: invalid capture state: duplication not started
[host] capture error: invalid capture state: duplication not started
[host] capture error: invalid capture state: duplication not started
[host] capture error: invalid capture state: duplication not started
[host] capture error: invalid capture state: duplication not started
[host] capture error: invalid capture state: duplication not started
[host] capture error: invalid capture state: duplication not started
[host] capture error: invalid capture state: duplication not started
[host] capture error: invalid capture state: duplication not started
[host] capture error: invalid capture state: duplication not started
[host] capture error: invalid capture state: duplication not started
[host] capture error: invalid capture state: duplication not started
[host] capture error: invalid capture state: duplication not started
[host] capture error: invalid capture state: duplication not started
[host] capture error: invalid capture state: duplication not started
[host] capture error: invalid capture state: duplication not started
[host] capture error: invalid capture state: duplication not started
[rig-host] loop alive, host=Connected
[host] capture error: invalid capture state: duplication not started
[host] capture error: invalid capture state: duplication not started
[host] capture error: invalid capture state: duplication not started
[host] capture error: invalid capture state: duplication not started
[host] capture error: invalid capture state: duplication not started
[host] capture error: invalid capture state: duplication not started
[host] capture error: invalid capture state: duplication not started
[host] capture error: invalid capture state: duplication not started
[host] capture error: invalid capture state: duplication not started
[host] capture error: invalid capture state: duplication not started
[host] capture error: invalid capture state: duplication not started
[host] capture error: invalid capture state: duplication not started
[host] capture error: invalid capture state: duplication not started
[host] capture error: invalid capture state: duplication not started
[host] capture error: invalid capture state: duplication not started
[host] capture error: invalid capture state: duplication not started
[host] capture error: invalid capture state: duplication not started
[host] capture error: invalid capture state: duplication not started
[host] capture error: invalid capture state: duplication not started
[host] capture error: invalid capture state: duplication not started
[rig-host] loop alive, host=Connected
[host] capture error: invalid capture state: duplication not started
[host] capture error: invalid capture state: duplication not started
[host] capture error: invalid capture state: duplication not started
[host] capture error: invalid capture state: duplication not started
[host] capture error: invalid capture state: duplication not started
[host] capture error: invalid capture state: duplication not started
[host] capture error: invalid capture state: duplication not started
[host] capture error: invalid capture state: duplication not started
[host] capture error: invalid capture state: duplication not started
[host] capture error: invalid capture state: duplication not started
[host] capture error: invalid capture state: duplication not started
[host] capture error: invalid capture state: duplication not started
[host] capture error: invalid capture state: duplication not started
[host] capture error: invalid capture state: duplication not started
[host] capture error: invalid capture state: duplication not started
[host] capture error: invalid capture state: duplication not started
[host] capture error: invalid capture state: duplication not started
[host] capture error: invalid capture state: duplication not started
[host] capture error: invalid capture state: duplication not started
[host] capture error: invalid capture state: duplication not started
[rig-host] loop alive, host=Connected
[host] capture error: invalid capture state: duplication not started
[host] capture error: invalid capture state: duplication not started
[host] capture error: invalid capture state: duplication not started
[host] capture error: invalid capture state: duplication not started
[host] capture error: invalid capture state: duplication not started
[host] capture error: invalid capture state: duplication not started
[host] capture error: invalid capture state: duplication not started
[host] capture error: invalid capture state: duplication not started
[host] capture error: invalid capture state: duplication not started
[host] capture error: invalid capture state: duplication not started
[host] capture error: invalid capture state: duplication not started
[host] capture error: invalid capture state: duplication not started
[host] capture error: invalid capture state: duplication not started
[host] capture error: invalid capture state: duplication not started
[host] capture error: invalid capture state: duplication not started
[host] capture error: invalid capture state: duplication not started
[host] capture error: invalid capture state: duplication not started
[host] capture error: invalid capture state: duplication not started
[host] capture error: invalid capture state: duplication not started
[host] capture error: invalid capture state: duplication not started
[rig-host] loop alive, host=Connected
[host] capture error: invalid capture state: duplication not started
[host] capture error: invalid capture state: duplication not started
[host] capture error: invalid capture state: duplication not started
[host] capture error: invalid capture state: duplication not started
[host] capture error: invalid capture state: duplication not started
[host] capture error: invalid capture state: duplication not started
[host] capture error: invalid capture state: duplication not started
[host] capture error: invalid capture state: duplication not started
[host] capture error: invalid capture state: duplication not started
[host] capture error: invalid capture state: duplication not started
[host] capture error: invalid capture state: duplication not started
[host] capture error: invalid capture state: duplication not started
[host] capture error: invalid capture state: duplication not started
[host] capture error: invalid capture state: duplication not started
[host] capture error: invalid capture state: duplication not started
[host] capture error: invalid capture state: duplication not started
[host] capture error: invalid capture state: duplication not started
[host] capture error: invalid capture state: duplication not started
[host] capture error: invalid capture state: duplication not started
[host] capture error: invalid capture state: duplication not started
[rig-host] loop alive, host=Connected
[host] capture error: invalid capture state: duplication not started
[host] capture error: invalid capture state: duplication not started
[host] capture error: invalid capture state: duplication not started
[host] capture error: invalid capture state: duplication not started
[host] capture error: invalid capture state: duplication not started
[host] capture error: invalid capture state: duplication not started
[host] capture error: invalid capture state: duplication not started
[host] capture error: invalid capture state: duplication not started
[host] capture error: invalid capture state: duplication not started
[host] capture error: invalid capture state: duplication not started
[host] capture error: invalid capture state: duplication not started
[host] capture error: invalid capture state: duplication not started
[host] capture error: invalid capture state: duplication not started
[host] capture error: invalid capture state: duplication not started
[host] capture error: invalid capture state: duplication not started
[host] capture error: invalid capture state: duplication not started
[host] capture error: invalid capture state: duplication not started
[host] capture error: invalid capture state: duplication not started
[host] capture error: invalid capture state: duplication not started
[host] capture error: invalid capture state: duplication not started
[rig-host] loop alive, host=Connected
[host] capture error: invalid capture state: duplication not started
[host] capture error: invalid capture state: duplication not started
[host] capture error: invalid capture state: duplication not started
[host] capture error: invalid capture state: duplication not started
[host] capture error: invalid capture state: duplication not started
[host] capture error: invalid capture state: duplication not started
[host] capture error: invalid capture state: duplication not started
[host] capture error: invalid capture state: duplication not started
[host] capture error: invalid capture state: duplication not started
[host] capture error: invalid capture state: duplication not started
[host] capture error: invalid capture state: duplication not started
[host] capture error: invalid capture state: duplication not started
[host] capture error: invalid capture state: duplication not started
[host] capture error: invalid capture state: duplication not started
[host] capture error: invalid capture state: duplication not started
[host] capture error: invalid capture state: duplication not started
[host] capture error: invalid capture state: duplication not started
[host] capture error: invalid capture state: duplication not started
[host] capture error: invalid capture state: duplication not started
[host] capture error: invalid capture state: duplication not started
[rig-host] loop alive, host=Connected
[host] capture error: invalid capture state: duplication not started
[host] capture error: invalid capture state: duplication not started
[host] capture error: invalid capture state: duplication not started
[host] capture error: invalid capture state: duplication not started
[host] capture error: invalid capture state: duplication not started
[host] capture error: invalid capture state: duplication not started
[host] capture error: invalid capture state: duplication not started
[host] capture error: invalid capture state: duplication not started
[host] capture error: invalid capture state: duplication not started
[host] capture error: invalid capture state: duplication not started
[host] capture error: invalid capture state: duplication not started
[host] capture error: invalid capture state: duplication not started
[host] capture error: invalid capture state: duplication not started
[host] capture error: invalid capture state: duplication not started
[host] capture error: invalid capture state: duplication not started
[host] capture error: invalid capture state: duplication not started
[host] capture error: invalid capture state: duplication not started
[host] capture error: invalid capture state: duplication not started
[host] capture error: invalid capture state: duplication not started
[host] capture error: invalid capture state: duplication not started
[rig-host] loop alive, host=Connected
[host] capture error: invalid capture state: duplication not started
[host] capture error: invalid capture state: duplication not started
[host] capture error: invalid capture state: duplication not started
[host] capture error: invalid capture state: duplication not started
[host] capture error: invalid capture state: duplication not started
[host] capture error: invalid capture state: duplication not started
[host] capture error: invalid capture state: duplication not started
[host] capture error: invalid capture state: duplication not started
[host] capture error: invalid capture state: duplication not started
[host] capture error: invalid capture state: duplication not started
[host] capture error: invalid capture state: duplication not started
[host] capture error: invalid capture state: duplication not started
[host] capture error: invalid capture state: duplication not started
[host] capture error: invalid capture state: duplication not started
[host] capture error: invalid capture state: duplication not started
[host] capture error: invalid capture state: duplication not started
[host] capture error: invalid capture state: duplication not started
[host] capture error: invalid capture state: duplication not started
[host] capture error: invalid capture state: duplication not started
[host] capture error: invalid capture state: duplication not started
[rig-host] loop alive, host=Connected
[host] capture error: invalid capture state: duplication not started
[host] capture error: invalid capture state: duplication not started
[host] capture error: invalid capture state: duplication not started
[host] capture error: invalid capture state: duplication not started
[host] capture error: invalid capture state: duplication not started
[host] capture error: invalid capture state: duplication not started
[host] capture error: invalid capture state: duplication not started
[host] capture error: invalid capture state: duplication not started
[host] capture error: invalid capture state: duplication not started
[host] capture error: invalid capture state: duplication not started
[host] capture error: invalid capture state: duplication not started
[host] capture error: invalid capture state: duplication not started
[host] capture error: invalid capture state: duplication not started
[host] capture error: invalid capture state: duplication not started
[host] capture error: invalid capture state: duplication not started
[host] capture error: invalid capture state: duplication not started
[host] capture error: invalid capture state: duplication not started
[host] capture error: invalid capture state: duplication not started
[host] capture error: invalid capture state: duplication not started
[host] capture error: invalid capture state: duplication not started
[rig-host] loop alive, host=Connected
[host] capture error: invalid capture state: duplication not started
[host] capture error: invalid capture state: duplication not started
[host] capture error: invalid capture state: duplication not started
[host] capture error: invalid capture state: duplication not started
[host] capture error: invalid capture state: duplication not started
[host] capture error: invalid capture state: duplication not started
[host] capture error: invalid capture state: duplication not started
[host] capture error: invalid capture state: duplication not started
[host] capture error: invalid capture state: duplication not started
[host] capture error: invalid capture state: duplication not started
[host] capture error: invalid capture state: duplication not started
[host] capture error: invalid capture state: duplication not started
[host] capture error: invalid capture state: duplication not started
[host] capture error: invalid capture state: duplication not started
[host] capture error: invalid capture state: duplication not started
[host] capture error: invalid capture state: duplication not started
[host] capture error: invalid capture state: duplication not started
[host] capture error: invalid capture state: duplication not started
[host] capture error: invalid capture state: duplication not started
[host] capture error: invalid capture state: duplication not started
[rig-host] loop alive, host=Connected
[host] capture error: invalid capture state: duplication not started
[host] capture error: invalid capture state: duplication not started
[host] capture error: invalid capture state: duplication not started
[host] capture error: invalid capture state: duplication not started
[host] capture error: invalid capture state: duplication not started
[host] capture error: invalid capture state: duplication not started
[host] capture error: invalid capture state: duplication not started
[host] capture error: invalid capture state: duplication not started
[host] capture error: invalid capture state: duplication not started
[host] capture error: invalid capture state: duplication not started
[host] capture error: invalid capture state: duplication not started
[host] capture error: invalid capture state: duplication not started
[host] capture error: invalid capture state: duplication not started
[host] capture error: invalid capture state: duplication not started
[host] capture error: invalid capture state: duplication not started
[host] capture error: invalid capture state: duplication not started
[host] capture error: invalid capture state: duplication not started
[host] capture error: invalid capture state: duplication not started
[host] capture error: invalid capture state: duplication not started
[host] capture error: invalid capture state: duplication not started
[rig-host] loop alive, host=Connected
[host] capture error: invalid capture state: duplication not started
[host] capture error: invalid capture state: duplication not started
[host] capture error: invalid capture state: duplication not started
[host] capture error: invalid capture state: duplication not started
[host] capture error: invalid capture state: duplication not started
[host] capture error: invalid capture state: duplication not started
[host] capture error: invalid capture state: duplication not started
[host] capture error: invalid capture state: duplication not started
[host] capture error: invalid capture state: duplication not started
[host] capture error: invalid capture state: duplication not started
[host] capture error: invalid capture state: duplication not started
[host] capture error: invalid capture state: duplication not started
[host] capture error: invalid capture state: duplication not started
[host] capture error: invalid capture state: duplication not started
[host] capture error: invalid capture state: duplication not started
[host] capture error: invalid capture state: duplication not started
[host] capture error: invalid capture state: duplication not started
[host] capture error: invalid capture state: duplication not started
[host] capture error: invalid capture state: duplication not started
[host] capture error: invalid capture state: duplication not started
[rig-host] loop alive, host=Connected
[host] capture error: invalid capture state: duplication not started
[host] capture error: invalid capture state: duplication not started
[host] capture error: invalid capture state: duplication not started
[host] capture error: invalid capture state: duplication not started
[host] capture error: invalid capture state: duplication not started
[host] capture error: invalid capture state: duplication not started
[host] capture error: invalid capture state: duplication not started
[host] capture error: invalid capture state: duplication not started
[host] capture error: invalid capture state: duplication not started
[host] capture error: invalid capture state: duplication not started
[host] capture error: invalid capture state: duplication not started
[host] capture error: invalid capture state: duplication not started
[host] capture error: invalid capture state: duplication not started
[host] capture error: invalid capture state: duplication not started
[host] capture error: invalid capture state: duplication not started
[host] capture error: invalid capture state: duplication not started
[host] capture error: invalid capture state: duplication not started
[host] capture error: invalid capture state: duplication not started
[host] capture error: invalid capture state: duplication not started
[host] capture error: invalid capture state: duplication not started
[rig-host] loop alive, host=Connected
[host] capture error: invalid capture state: duplication not started
[host] capture error: invalid capture state: duplication not started
[host] capture error: invalid capture state: duplication not started
[host] capture error: invalid capture state: duplication not started
[host] capture error: invalid capture state: duplication not started
[host] capture error: invalid capture state: duplication not started
[host] capture error: invalid capture state: duplication not started
[host] capture error: invalid capture state: duplication not started
[host] capture error: invalid capture state: duplication not started
[host] capture error: invalid capture state: duplication not started
[host] capture error: invalid capture state: duplication not started
[host] capture error: invalid capture state: duplication not started
[host] capture error: invalid capture state: duplication not started
[host] capture error: invalid capture state: duplication not started
[host] capture error: invalid capture state: duplication not started
[host] capture error: invalid capture state: duplication not started
[host] capture error: invalid capture state: duplication not started
[host] capture error: invalid capture state: duplication not started
[host] capture error: invalid capture state: duplication not started
[host] capture error: invalid capture state: duplication not started
[rig-host] loop alive, host=Connected
[host] capture error: invalid capture state: duplication not started
[host] capture error: invalid capture state: duplication not started
[host] capture error: invalid capture state: duplication not started
[host] capture error: invalid capture state: duplication not started
[host] capture error: invalid capture state: duplication not started
[host] capture error: invalid capture state: duplication not started
[host] capture error: invalid capture state: duplication not started
[host] capture error: invalid capture state: duplication not started
[host] capture error: invalid capture state: duplication not started
[host] capture error: invalid capture state: duplication not started
[host] capture error: invalid capture state: duplication not started
[host] capture error: invalid capture state: duplication not started
[host] capture error: invalid capture state: duplication not started
[host] capture error: invalid capture state: duplication not started
[host] capture error: invalid capture state: duplication not started
[host] capture error: invalid capture state: duplication not started
[host] capture error: invalid capture state: duplication not started
[host] capture error: invalid capture state: duplication not started
[host] capture error: invalid capture state: duplication not started
[host] capture error: invalid capture state: duplication not started
[rig-host] loop alive, host=Connected
[host] capture error: invalid capture state: duplication not started
[host] capture error: invalid capture state: duplication not started
[host] capture error: invalid capture state: duplication not started
[host] capture error: invalid capture state: duplication not started
[host] capture error: invalid capture state: duplication not started
[host] capture error: invalid capture state: duplication not started
[host] capture error: invalid capture state: duplication not started
[host] capture error: invalid capture state: duplication not started
[host] capture error: invalid capture state: duplication not started
[host] capture error: invalid capture state: duplication not started
[host] capture error: invalid capture state: duplication not started
[host] capture error: invalid capture state: duplication not started
[host] capture error: invalid capture state: duplication not started
[host] capture error: invalid capture state: duplication not started
[host] capture error: invalid capture state: duplication not started
[host] capture error: invalid capture state: duplication not started
[host] capture error: invalid capture state: duplication not started
[host] capture error: invalid capture state: duplication not started
[host] capture error: invalid capture state: duplication not started
[host] capture error: invalid capture state: duplication not started
[rig-host] loop alive, host=Connected
[host] capture error: invalid capture state: duplication not started
[host] capture error: invalid capture state: duplication not started
[host] capture error: invalid capture state: duplication not started
[host] capture error: invalid capture state: duplication not started
[host] capture error: invalid capture state: duplication not started
[host] capture error: invalid capture state: duplication not started
[host] capture error: invalid capture state: duplication not started
[host] capture error: invalid capture state: duplication not started
[host] capture error: invalid capture state: duplication not started
[host] capture error: invalid capture state: duplication not started
[host] capture error: invalid capture state: duplication not started
[host] capture error: invalid capture state: duplication not started
[host] capture error: invalid capture state: duplication not started
[host] capture error: invalid capture state: duplication not started
[host] capture error: invalid capture state: duplication not started
[host] capture error: invalid capture state: duplication not started
[host] capture error: invalid capture state: duplication not started
[host] capture error: invalid capture state: duplication not started
[host] capture error: invalid capture state: duplication not started
[host] capture error: invalid capture state: duplication not started
[rig-host] loop alive, host=Connected
[host] capture error: invalid capture state: duplication not started
[host] capture error: invalid capture state: duplication not started
[host] capture error: invalid capture state: duplication not started
[host] capture error: invalid capture state: duplication not started
[host] capture error: invalid capture state: duplication not started
[host] capture error: invalid capture state: duplication not started
[host] capture error: invalid capture state: duplication not started
[host] capture error: invalid capture state: duplication not started
[host] capture error: invalid capture state: duplication not started
[host] capture error: invalid capture state: duplication not started
[host] capture error: invalid capture state: duplication not started
[host] capture error: invalid capture state: duplication not started
[host] capture error: invalid capture state: duplication not started
[host] capture error: invalid capture state: duplication not started
[host] capture error: invalid capture state: duplication not started
[host] capture error: invalid capture state: duplication not started
[host] capture error: invalid capture state: duplication not started
[host] capture error: invalid capture state: duplication not started
[host] capture error: invalid capture state: duplication not started
[host] capture error: invalid capture state: duplication not started
[rig-host] loop alive, host=Connected
[host] capture error: invalid capture state: duplication not started
[host] capture error: invalid capture state: duplication not started
[host] capture error: invalid capture state: duplication not started
[host] capture error: invalid capture state: duplication not started
[host] capture error: invalid capture state: duplication not started
[host] capture error: invalid capture state: duplication not started
[host] capture error: invalid capture state: duplication not started
[host] capture error: invalid capture state: duplication not started
[host] capture error: invalid capture state: duplication not started
[host] capture error: invalid capture state: duplication not started
[host] capture error: invalid capture state: duplication not started
[host] capture error: invalid capture state: duplication not started
[host] capture error: invalid capture state: duplication not started
[host] capture error: invalid capture state: duplication not started
[host] capture error: invalid capture state: duplication not started
[host] capture error: invalid capture state: duplication not started
[host] capture error: invalid capture state: duplication not started
[host] capture error: invalid capture state: duplication not started
[host] capture error: invalid capture state: duplication not started
[host] capture error: invalid capture state: duplication not started
[rig-host] loop alive, host=Connected
[host] capture error: invalid capture state: duplication not started
[host] capture error: invalid capture state: duplication not started
[host] capture error: invalid capture state: duplication not started
[host] capture error: invalid capture state: duplication not started
[host] capture error: invalid capture state: duplication not started
[host] capture error: invalid capture state: duplication not started
[host] capture error: invalid capture state: duplication not started
[host] capture error: invalid capture state: duplication not started
[host] capture error: invalid capture state: duplication not started
[host] capture error: invalid capture state: duplication not started
[host] capture error: invalid capture state: duplication not started
[host] capture error: invalid capture state: duplication not started
[host] capture error: invalid capture state: duplication not started
[host] capture error: invalid capture state: duplication not started
[host] capture error: invalid capture state: duplication not started
[host] capture error: invalid capture state: duplication not started
[host] capture error: invalid capture state: duplication not started
[host] capture error: invalid capture state: duplication not started
[host] capture error: invalid capture state: duplication not started
[host] capture error: invalid capture state: duplication not started
[rig-host] loop alive, host=Connected
[host] capture error: invalid capture state: duplication not started
[host] capture error: invalid capture state: duplication not started
[host] capture error: invalid capture state: duplication not started
[host] capture error: invalid capture state: duplication not started
[host] capture error: invalid capture state: duplication not started
[host] capture error: invalid capture state: duplication not started
[host] capture error: invalid capture state: duplication not started
[host] capture error: invalid capture state: duplication not started
[host] capture error: invalid capture state: duplication not started
[host] capture error: invalid capture state: duplication not started
[host] capture error: invalid capture state: duplication not started
[host] capture error: invalid capture state: duplication not started
[host] capture error: invalid capture state: duplication not started
[host] capture error: invalid capture state: duplication not started
[host] capture error: invalid capture state: duplication not started
[host] capture error: invalid capture state: duplication not started
[host] capture error: invalid capture state: duplication not started
[host] capture error: invalid capture state: duplication not started
[host] capture error: invalid capture state: duplication not started
[host] capture error: invalid capture state: duplication not started
[rig-host] loop alive, host=Connected
[host] capture error: invalid capture state: duplication not started
[host] capture error: invalid capture state: duplication not started
[host] capture error: invalid capture state: duplication not started
[host] capture error: invalid capture state: duplication not started
[host] capture error: invalid capture state: duplication not started
[host] capture error: invalid capture state: duplication not started
[host] capture error: invalid capture state: duplication not started
[host] capture error: invalid capture state: duplication not started
[host] capture error: invalid capture state: duplication not started
[host] capture error: invalid capture state: duplication not started
[host] capture error: invalid capture state: duplication not started
[host] capture error: invalid capture state: duplication not started
[host] capture error: invalid capture state: duplication not started
[host] capture error: invalid capture state: duplication not started
[host] capture error: invalid capture state: duplication not started
[host] capture error: invalid capture state: duplication not started
[host] capture error: invalid capture state: duplication not started
[host] capture error: invalid capture state: duplication not started
[host] capture error: invalid capture state: duplication not started
[host] capture error: invalid capture state: duplication not started
[rig-host] loop alive, host=Connected
[host] capture error: invalid capture state: duplication not started
[host] capture error: invalid capture state: duplication not started
[host] capture error: invalid capture state: duplication not started
[host] capture error: invalid capture state: duplication not started
[host] capture error: invalid capture state: duplication not started
[host] capture error: invalid capture state: duplication not started
[host] capture error: invalid capture state: duplication not started
[host] capture error: invalid capture state: duplication not started
[host] capture error: invalid capture state: duplication not started
[host] capture error: invalid capture state: duplication not started
[host] capture error: invalid capture state: duplication not started
[host] capture error: invalid capture state: duplication not started
[host] capture error: invalid capture state: duplication not started
[host] capture error: invalid capture state: duplication not started
[host] capture error: invalid capture state: duplication not started
[host] capture error: invalid capture state: duplication not started
[host] capture error: invalid capture state: duplication not started
[host] capture error: invalid capture state: duplication not started
[host] capture error: invalid capture state: duplication not started
[host] capture error: invalid capture state: duplication not started
[rig-host] loop alive, host=Connected
[host] capture error: invalid capture state: duplication not started
[host] capture error: invalid capture state: duplication not started
[host] capture error: invalid capture state: duplication not started
[host] capture error: invalid capture state: duplication not started
[host] capture error: invalid capture state: duplication not started
[host] capture error: invalid capture state: duplication not started
[host] capture error: invalid capture state: duplication not started
[host] capture error: invalid capture state: duplication not started
[host] capture error: invalid capture state: duplication not started
[host] capture error: invalid capture state: duplication not started
[host] capture error: invalid capture state: duplication not started
[host] capture error: invalid capture state: duplication not started
[host] capture error: invalid capture state: duplication not started
[host] capture error: invalid capture state: duplication not started
[host] capture error: invalid capture state: duplication not started
[host] capture error: invalid capture state: duplication not started
[host] capture error: invalid capture state: duplication not started
[host] capture error: invalid capture state: duplication not started
[host] capture error: invalid capture state: duplication not started
[host] capture error: invalid capture state: duplication not started
[rig-host] loop alive, host=Connected
[host] capture error: invalid capture state: duplication not started
[host] capture error: invalid capture state: duplication not started
[host] capture error: invalid capture state: duplication not started
[host] capture error: invalid capture state: duplication not started
[host] capture error: invalid capture state: duplication not started
[host] capture error: invalid capture state: duplication not started
[host] capture error: invalid capture state: duplication not started
[host] capture error: invalid capture state: duplication not started
[host] capture error: invalid capture state: duplication not started
[host] capture error: invalid capture state: duplication not started
[host] capture error: invalid capture state: duplication not started
[host] capture error: invalid capture state: duplication not started
[host] capture error: invalid capture state: duplication not started
[host] capture error: invalid capture state: duplication not started
[host] capture error: invalid capture state: duplication not started
[host] capture error: invalid capture state: duplication not started
[host] capture error: invalid capture state: duplication not started
[host] capture error: invalid capture state: duplication not started
[host] capture error: invalid capture state: duplication not started
[host] capture error: invalid capture state: duplication not started
[rig-host] loop alive, host=Connected
[host] capture error: invalid capture state: duplication not started
[host] capture error: invalid capture state: duplication not started
[host] capture error: invalid capture state: duplication not started
[host] capture error: invalid capture state: duplication not started
[host] capture error: invalid capture state: duplication not started
[host] capture error: invalid capture state: duplication not started
[host] capture error: invalid capture state: duplication not started
[host] capture error: invalid capture state: duplication not started
[host] capture error: invalid capture state: duplication not started
[host] capture error: invalid capture state: duplication not started
[host] capture error: invalid capture state: duplication not started
[host] capture error: invalid capture state: duplication not started
[host] capture error: invalid capture state: duplication not started
[host] capture error: invalid capture state: duplication not started
[host] capture error: invalid capture state: duplication not started
[host] capture error: invalid capture state: duplication not started
[host] capture error: invalid capture state: duplication not started
[host] capture error: invalid capture state: duplication not started
[host] capture error: invalid capture state: duplication not started
[host] capture error: invalid capture state: duplication not started
[rig-host] loop alive, host=Connected
[host] capture error: invalid capture state: duplication not started
[host] capture error: invalid capture state: duplication not started
[host] capture error: invalid capture state: duplication not started
[host] capture error: invalid capture state: duplication not started
[host] capture error: invalid capture state: duplication not started
[host] capture error: invalid capture state: duplication not started
[host] capture error: invalid capture state: duplication not started
[host] capture error: invalid capture state: duplication not started
[host] capture error: invalid capture state: duplication not started
[host] capture error: invalid capture state: duplication not started
[host] capture error: invalid capture state: duplication not started
[host] capture error: invalid capture state: duplication not started
[host] capture error: invalid capture state: duplication not started
[host] capture error: invalid capture state: duplication not started
[host] capture error: invalid capture state: duplication not started
[host] capture error: invalid capture state: duplication not started
[host] capture error: invalid capture state: duplication not started
[host] capture error: invalid capture state: duplication not started
[host] capture error: invalid capture state: duplication not started
[host] capture error: invalid capture state: duplication not started
[rig-host] loop alive, host=Connected
[host] capture error: invalid capture state: duplication not started
[host] capture error: invalid capture state: duplication not started
[host] capture error: invalid capture state: duplication not started
[host] capture error: invalid capture state: duplication not started
[host] capture error: invalid capture state: duplication not started
[host] capture error: invalid capture state: duplication not started
[host] capture error: invalid capture state: duplication not started
[host] capture error: invalid capture state: duplication not started
[host] capture error: invalid capture state: duplication not started
[host] capture error: invalid capture state: duplication not started
[host] capture error: invalid capture state: duplication not started
[host] capture error: invalid capture state: duplication not started
[host] capture error: invalid capture state: duplication not started
[host] capture error: invalid capture state: duplication not started
[host] capture error: invalid capture state: duplication not started
[host] capture error: invalid capture state: duplication not started
[host] capture error: invalid capture state: duplication not started
[host] capture error: invalid capture state: duplication not started
[host] capture error: invalid capture state: duplication not started
[host] capture error: invalid capture state: duplication not started
[rig-host] loop alive, host=Connected
[host] capture error: invalid capture state: duplication not started
[host] capture error: invalid capture state: duplication not started
[host] capture error: invalid capture state: duplication not started
[host] capture error: invalid capture state: duplication not started
[host] capture error: invalid capture state: duplication not started
[host] capture error: invalid capture state: duplication not started
[host] capture error: invalid capture state: duplication not started
[host] capture error: invalid capture state: duplication not started
[host] capture error: invalid capture state: duplication not started
[host] capture error: invalid capture state: duplication not started
[host] capture error: invalid capture state: duplication not started
[host] capture error: invalid capture state: duplication not started
[host] capture error: invalid capture state: duplication not started
[host] capture error: invalid capture state: duplication not started
[host] capture error: invalid capture state: duplication not started
[host] capture error: invalid capture state: duplication not started
[host] capture error: invalid capture state: duplication not started
[host] capture error: invalid capture state: duplication not started
[host] capture error: invalid capture state: duplication not started
[host] capture error: invalid capture state: duplication not started
[rig-host] loop alive, host=Connected
[host] capture error: invalid capture state: duplication not started
[host] capture error: invalid capture state: duplication not started
[host] capture error: invalid capture state: duplication not started
[host] capture error: invalid capture state: duplication not started
[host] capture error: invalid capture state: duplication not started
[host] capture error: invalid capture state: duplication not started
[host] capture error: invalid capture state: duplication not started
[host] capture error: invalid capture state: duplication not started
[host] capture error: invalid capture state: duplication not started
[host] capture error: invalid capture state: duplication not started
[host] capture error: invalid capture state: duplication not started
[host] capture error: invalid capture state: duplication not started
[host] capture error: invalid capture state: duplication not started
[host] capture error: invalid capture state: duplication not started
[host] capture error: invalid capture state: duplication not started
[host] capture error: invalid capture state: duplication not started
[host] capture error: invalid capture state: duplication not started
[host] capture error: invalid capture state: duplication not started
[host] capture error: invalid capture state: duplication not started
[host] capture error: invalid capture state: duplication not started
[rig-host] loop alive, host=Connected
[host] capture error: invalid capture state: duplication not started
[host] capture error: invalid capture state: duplication not started
[host] capture error: invalid capture state: duplication not started
[host] capture error: invalid capture state: duplication not started
[host] capture error: invalid capture state: duplication not started
[host] capture error: invalid capture state: duplication not started
[host] capture error: invalid capture state: duplication not started
[host] capture error: invalid capture state: duplication not started
[host] capture error: invalid capture state: duplication not started
[host] capture error: invalid capture state: duplication not started
[host] capture error: invalid capture state: duplication not started
[host] capture error: invalid capture state: duplication not started
[host] capture error: invalid capture state: duplication not started
[host] capture error: invalid capture state: duplication not started
[host] capture error: invalid capture state: duplication not started
[host] capture error: invalid capture state: duplication not started
[host] capture error: invalid capture state: duplication not started
[host] capture error: invalid capture state: duplication not started
[host] capture error: invalid capture state: duplication not started
[host] capture error: invalid capture state: duplication not started
[rig-host] loop alive, host=Connected
[host] capture error: invalid capture state: duplication not started
[host] capture error: invalid capture state: duplication not started
[host] capture error: invalid capture state: duplication not started
[host] capture error: invalid capture state: duplication not started
[host] capture error: invalid capture state: duplication not started
[host] capture error: invalid capture state: duplication not started
[host] capture error: invalid capture state: duplication not started
[host] capture error: invalid capture state: duplication not started
[host] capture error: invalid capture state: duplication not started
[host] capture error: invalid capture state: duplication not started
[host] capture error: invalid capture state: duplication not started
[host] capture error: invalid capture state: duplication not started
[host] capture error: invalid capture state: duplication not started
[host] capture error: invalid capture state: duplication not started
[host] capture error: invalid capture state: duplication not started
[host] capture error: invalid capture state: duplication not started
[host] capture error: invalid capture state: duplication not started
[host] capture error: invalid capture state: duplication not started
[host] capture error: invalid capture state: duplication not started
[host] capture error: invalid capture state: duplication not started
[rig-host] loop alive, host=Connected
[host] capture error: invalid capture state: duplication not started
[host] capture error: invalid capture state: duplication not started
[host] capture error: invalid capture state: duplication not started
[host] capture error: invalid capture state: duplication not started
[host] capture error: invalid capture state: duplication not started
[host] capture error: invalid capture state: duplication not started
[host] capture error: invalid capture state: duplication not started
[host] capture error: invalid capture state: duplication not started
[host] capture error: invalid capture state: duplication not started
[host] capture error: invalid capture state: duplication not started
[host] capture error: invalid capture state: duplication not started
[host] capture error: invalid capture state: duplication not started
[host] capture error: invalid capture state: duplication not started
[host] capture error: invalid capture state: duplication not started
[host] capture error: invalid capture state: duplication not started
[host] capture error: invalid capture state: duplication not started
[host] capture error: invalid capture state: duplication not started
[host] capture error: invalid capture state: duplication not started
[host] capture error: invalid capture state: duplication not started
[host] capture error: invalid capture state: duplication not started
[rig-host] loop alive, host=Connected
[host] capture error: invalid capture state: duplication not started
[host] capture error: invalid capture state: duplication not started
[host] capture error: invalid capture state: duplication not started
[host] capture error: invalid capture state: duplication not started
[host] capture error: invalid capture state: duplication not started
[host] capture error: invalid capture state: duplication not started
[host] capture error: invalid capture state: duplication not started
[host] capture error: invalid capture state: duplication not started
[host] capture error: invalid capture state: duplication not started
[host] capture error: invalid capture state: duplication not started
[host] capture error: invalid capture state: duplication not started
[host] capture error: invalid capture state: duplication not started
[host] capture error: invalid capture state: duplication not started
[host] capture error: invalid capture state: duplication not started
[host] capture error: invalid capture state: duplication not started
[host] capture error: invalid capture state: duplication not started
[host] capture error: invalid capture state: duplication not started
[host] capture error: invalid capture state: duplication not started
[host] capture error: invalid capture state: duplication not started
[host] capture error: invalid capture state: duplication not started
[rig-host] loop alive, host=Connected
[host] capture error: invalid capture state: duplication not started
[host] capture error: invalid capture state: duplication not started
[host] capture error: invalid capture state: duplication not started
[host] capture error: invalid capture state: duplication not started
[host] capture error: invalid capture state: duplication not started
[host] capture error: invalid capture state: duplication not started
[host] capture error: invalid capture state: duplication not started
[host] capture error: invalid capture state: duplication not started
[host] capture error: invalid capture state: duplication not started
[host] capture error: invalid capture state: duplication not started
[host] capture error: invalid capture state: duplication not started
[host] capture error: invalid capture state: duplication not started
[host] capture error: invalid capture state: duplication not started
[host] capture error: invalid capture state: duplication not started
[host] capture error: invalid capture state: duplication not started
[host] capture error: invalid capture state: duplication not started
[host] capture error: invalid capture state: duplication not started
[host] capture error: invalid capture state: duplication not started
[host] capture error: invalid capture state: duplication not started
[host] capture error: invalid capture state: duplication not started
[rig-host] loop alive, host=Connected
[host] capture error: invalid capture state: duplication not started
[host] capture error: invalid capture state: duplication not started
[host] capture error: invalid capture state: duplication not started
[host] capture error: invalid capture state: duplication not started
[host] capture error: invalid capture state: duplication not started
[host] capture error: invalid capture state: duplication not started
[host] capture error: invalid capture state: duplication not started
[host] capture error: invalid capture state: duplication not started
[host] capture error: invalid capture state: duplication not started
[host] capture error: invalid capture state: duplication not started
[host] capture error: invalid capture state: duplication not started
[host] capture error: invalid capture state: duplication not started
[host] capture error: invalid capture state: duplication not started
[host] capture error: invalid capture state: duplication not started
[host] capture error: invalid capture state: duplication not started
[host] capture error: invalid capture state: duplication not started
[host] capture error: invalid capture state: duplication not started
[host] capture error: invalid capture state: duplication not started
[host] capture error: invalid capture state: duplication not started
[host] capture error: invalid capture state: duplication not started
[rig-host] loop alive, host=Connected
[host] capture error: invalid capture state: duplication not started
[host] capture error: invalid capture state: duplication not started
[host] capture error: invalid capture state: duplication not started
[host] capture error: invalid capture state: duplication not started
[host] capture error: invalid capture state: duplication not started
[host] capture error: invalid capture state: duplication not started
[host] capture error: invalid capture state: duplication not started
[host] capture error: invalid capture state: duplication not started
[host] capture error: invalid capture state: duplication not started
[host] capture error: invalid capture state: duplication not started
[host] capture error: invalid capture state: duplication not started
[host] capture error: invalid capture state: duplication not started
[host] capture error: invalid capture state: duplication not started
[host] capture error: invalid capture state: duplication not started
[host] capture error: invalid capture state: duplication not started
[host] capture error: invalid capture state: duplication not started
[host] capture error: invalid capture state: duplication not started
[host] capture error: invalid capture state: duplication not started
[host] capture error: invalid capture state: duplication not started
[host] capture error: invalid capture state: duplication not started
[rig-host] loop alive, host=Connected
[host] capture error: invalid capture state: duplication not started
[host] capture error: invalid capture state: duplication not started
[host] capture error: invalid capture state: duplication not started
[host] capture error: invalid capture state: duplication not started
[host] capture error: invalid capture state: duplication not started
[host] capture error: invalid capture state: duplication not started
[host] capture error: invalid capture state: duplication not started
[host] capture error: invalid capture state: duplication not started
[host] capture error: invalid capture state: duplication not started
[host] capture error: invalid capture state: duplication not started
[host] capture error: invalid capture state: duplication not started
[host] capture error: invalid capture state: duplication not started
[host] capture error: invalid capture state: duplication not started
[host] capture error: invalid capture state: duplication not started
[host] capture error: invalid capture state: duplication not started
[host] capture error: invalid capture state: duplication not started
[host] capture error: invalid capture state: duplication not started
[host] capture error: invalid capture state: duplication not started
[host] capture error: invalid capture state: duplication not started
[host] capture error: invalid capture state: duplication not started
[rig-host] loop alive, host=Connected
[host] capture error: invalid capture state: duplication not started
[host] capture error: invalid capture state: duplication not started
[host] capture error: invalid capture state: duplication not started
[host] capture error: invalid capture state: duplication not started
[host] capture error: invalid capture state: duplication not started
[host] capture error: invalid capture state: duplication not started
[host] capture error: invalid capture state: duplication not started
[host] capture error: invalid capture state: duplication not started
[host] capture error: invalid capture state: duplication not started
[host] capture error: invalid capture state: duplication not started
[host] capture error: invalid capture state: duplication not started
[host] capture error: invalid capture state: duplication not started
[host] capture error: invalid capture state: duplication not started
[host] capture error: invalid capture state: duplication not started
[host] capture error: invalid capture state: duplication not started
[host] capture error: invalid capture state: duplication not started
[host] capture error: invalid capture state: duplication not started
[host] capture error: invalid capture state: duplication not started
[host] capture error: invalid capture state: duplication not started
[host] capture error: invalid capture state: duplication not started
[rig-host] loop alive, host=Connected
[host] capture error: invalid capture state: duplication not started
[host] capture error: invalid capture state: duplication not started
[host] capture error: invalid capture state: duplication not started
[host] capture error: invalid capture state: duplication not started
[host] capture error: invalid capture state: duplication not started
[host] capture error: invalid capture state: duplication not started
[host] capture error: invalid capture state: duplication not started
[host] capture error: invalid capture state: duplication not started
[host] capture error: invalid capture state: duplication not started
[host] capture error: invalid capture state: duplication not started
[host] capture error: invalid capture state: duplication not started
[host] capture error: invalid capture state: duplication not started
[host] capture error: invalid capture state: duplication not started
[host] capture error: invalid capture state: duplication not started
[host] capture error: invalid capture state: duplication not started
[host] capture error: invalid capture state: duplication not started
[host] capture error: invalid capture state: duplication not started
[host] capture error: invalid capture state: duplication not started
[host] capture error: invalid capture state: duplication not started
[host] capture error: invalid capture state: duplication not started
[rig-host] loop alive, host=Connected
[host] capture error: invalid capture state: duplication not started
[host] capture error: invalid capture state: duplication not started
[host] capture error: invalid capture state: duplication not started
[host] capture error: invalid capture state: duplication not started
[host] capture error: invalid capture state: duplication not started
[host] capture error: invalid capture state: duplication not started
[host] capture error: invalid capture state: duplication not started
[host] capture error: invalid capture state: duplication not started
[host] capture error: invalid capture state: duplication not started
[host] capture error: invalid capture state: duplication not started
[host] capture error: invalid capture state: duplication not started
[host] capture error: invalid capture state: duplication not started
[host] capture error: invalid capture state: duplication not started
[host] capture error: invalid capture state: duplication not started
[host] capture error: invalid capture state: duplication not started
[host] capture error: invalid capture state: duplication not started
[host] capture error: invalid capture state: duplication not started
[host] capture error: invalid capture state: duplication not started
[host] capture error: invalid capture state: duplication not started
[host] capture error: invalid capture state: duplication not started
[rig-host] loop alive, host=Connected
[host] capture error: invalid capture state: duplication not started
[host] capture error: invalid capture state: duplication not started
[host] capture error: invalid capture state: duplication not started
[host] capture error: invalid capture state: duplication not started
[host] capture error: invalid capture state: duplication not started
[host] capture error: invalid capture state: duplication not started
[host] capture error: invalid capture state: duplication not started
[host] capture error: invalid capture state: duplication not started
[host] capture error: invalid capture state: duplication not started
[host] capture error: invalid capture state: duplication not started
[host] capture error: invalid capture state: duplication not started
[host] capture error: invalid capture state: duplication not started
[host] capture error: invalid capture state: duplication not started
[host] capture error: invalid capture state: duplication not started
[host] capture error: invalid capture state: duplication not started
[host] capture error: invalid capture state: duplication not started
[host] capture error: invalid capture state: duplication not started
[host] capture error: invalid capture state: duplication not started
[host] capture error: invalid capture state: duplication not started
[host] capture error: invalid capture state: duplication not started
[rig-host] loop alive, host=Connected
[host] capture error: invalid capture state: duplication not started
[host] capture error: invalid capture state: duplication not started
[host] capture error: invalid capture state: duplication not started
[host] capture error: invalid capture state: duplication not started
[host] capture error: invalid capture state: duplication not started
[host] capture error: invalid capture state: duplication not started
[host] capture error: invalid capture state: duplication not started
[host] capture error: invalid capture state: duplication not started
[host] capture error: invalid capture state: duplication not started
[host] capture error: invalid capture state: duplication not started
[host] capture error: invalid capture state: duplication not started
[host] capture error: invalid capture state: duplication not started
[host] capture error: invalid capture state: duplication not started
[host] capture error: invalid capture state: duplication not started
[host] capture error: invalid capture state: duplication not started
[host] capture error: invalid capture state: duplication not started
[host] capture error: invalid capture state: duplication not started
[host] capture error: invalid capture state: duplication not started
[host] capture error: invalid capture state: duplication not started
[host] capture error: invalid capture state: duplication not started
[rig-host] loop alive, host=Connected
[host] capture error: invalid capture state: duplication not started
[host] capture error: invalid capture state: duplication not started
[host] capture error: invalid capture state: duplication not started
[host] capture error: invalid capture state: duplication not started
[host] capture error: invalid capture state: duplication not started
[host] capture error: invalid capture state: duplication not started
[host] capture error: invalid capture state: duplication not started
[host] capture error: invalid capture state: duplication not started
[host] capture error: invalid capture state: duplication not started
[host] capture error: invalid capture state: duplication not started
[host] capture error: invalid capture state: duplication not started
[host] capture error: invalid capture state: duplication not started
[host] capture error: invalid capture state: duplication not started
[host] capture error: invalid capture state: duplication not started
[host] capture error: invalid capture state: duplication not started
[host] capture error: invalid capture state: duplication not started
[host] capture error: invalid capture state: duplication not started
[host] capture error: invalid capture state: duplication not started
[host] capture error: invalid capture state: duplication not started
[host] capture error: invalid capture state: duplication not started
[rig-host] loop alive, host=Connected
[host] capture error: invalid capture state: duplication not started
[host] capture error: invalid capture state: duplication not started
[host] capture error: invalid capture state: duplication not started
[host] capture error: invalid capture state: duplication not started
[host] capture error: invalid capture state: duplication not started
[host] capture error: invalid capture state: duplication not started
[host] capture error: invalid capture state: duplication not started
[host] capture error: invalid capture state: duplication not started
[host] capture error: invalid capture state: duplication not started
[host] capture error: invalid capture state: duplication not started
[host] capture error: invalid capture state: duplication not started
[host] capture error: invalid capture state: duplication not started
[host] capture error: invalid capture state: duplication not started
[host] capture error: invalid capture state: duplication not started
[host] capture error: invalid capture state: duplication not started
[host] capture error: invalid capture state: duplication not started
[host] capture error: invalid capture state: duplication not started
[host] capture error: invalid capture state: duplication not started
[host] capture error: invalid capture state: duplication not started
[host] capture error: invalid capture state: duplication not started
[rig-host] loop alive, host=Connected
[host] capture error: invalid capture state: duplication not started
[host] capture error: invalid capture state: duplication not started
[host] capture error: invalid capture state: duplication not started
[host] capture error: invalid capture state: duplication not started
[host] capture error: invalid capture state: duplication not started
[host] capture error: invalid capture state: duplication not started
[host] capture error: invalid capture state: duplication not started
[host] capture error: invalid capture state: duplication not started
[host] capture error: invalid capture state: duplication not started
[host] capture error: invalid capture state: duplication not started
[host] capture error: invalid capture state: duplication not started
[host] capture error: invalid capture state: duplication not started
[host] capture error: invalid capture state: duplication not started
[host] capture error: invalid capture state: duplication not started
[host] capture error: invalid capture state: duplication not started
[host] capture error: invalid capture state: duplication not started
[host] capture error: invalid capture state: duplication not started
[host] capture error: invalid capture state: duplication not started
[host] capture error: invalid capture state: duplication not started
[host] capture error: invalid capture state: duplication not started
[rig-host] loop alive, host=Connected
[host] capture error: invalid capture state: duplication not started
[host] capture error: invalid capture state: duplication not started
[host] capture error: invalid capture state: duplication not started
[host] capture error: invalid capture state: duplication not started
[host] capture error: invalid capture state: duplication not started
[host] capture error: invalid capture state: duplication not started
[host] capture error: invalid capture state: duplication not started
[host] capture error: invalid capture state: duplication not started
[host] capture error: invalid capture state: duplication not started
[host] capture error: invalid capture state: duplication not started
[host] capture error: invalid capture state: duplication not started
[host] capture error: invalid capture state: duplication not started
[host] capture error: invalid capture state: duplication not started
[host] capture error: invalid capture state: duplication not started
[host] capture error: invalid capture state: duplication not started
[host] capture error: invalid capture state: duplication not started
[host] capture error: invalid capture state: duplication not started
[host] capture error: invalid capture state: duplication not started
[host] capture error: invalid capture state: duplication not started
[host] capture error: invalid capture state: duplication not started
[rig-host] loop alive, host=Connected
[host] capture error: invalid capture state: duplication not started
[host] capture error: invalid capture state: duplication not started
[host] capture error: invalid capture state: duplication not started
[host] capture error: invalid capture state: duplication not started
[host] capture error: invalid capture state: duplication not started
[host] capture error: invalid capture state: duplication not started
[host] capture error: invalid capture state: duplication not started
[host] capture error: invalid capture state: duplication not started
[host] capture error: invalid capture state: duplication not started
[host] capture error: invalid capture state: duplication not started
[host] capture error: invalid capture state: duplication not started
[host] capture error: invalid capture state: duplication not started
[host] capture error: invalid capture state: duplication not started
[host] capture error: invalid capture state: duplication not started
[host] capture error: invalid capture state: duplication not started
[host] capture error: invalid capture state: duplication not started
[host] capture error: invalid capture state: duplication not started
[host] capture error: invalid capture state: duplication not started
[host] capture error: invalid capture state: duplication not started
[host] capture error: invalid capture state: duplication not started
[rig-host] loop alive, host=Connected
[host] capture error: invalid capture state: duplication not started
[host] capture error: invalid capture state: duplication not started
[host] capture error: invalid capture state: duplication not started
[host] capture error: invalid capture state: duplication not started
[host] capture error: invalid capture state: duplication not started
[host] capture error: invalid capture state: duplication not started
[host] capture error: invalid capture state: duplication not started
[host] capture error: invalid capture state: duplication not started
[host] capture error: invalid capture state: duplication not started
[host] capture error: invalid capture state: duplication not started
[host] capture error: invalid capture state: duplication not started
[host] capture error: invalid capture state: duplication not started
[host] capture error: invalid capture state: duplication not started
[host] capture error: invalid capture state: duplication not started
[host] capture error: invalid capture state: duplication not started
[host] capture error: invalid capture state: duplication not started
[host] capture error: invalid capture state: duplication not started
[host] capture error: invalid capture state: duplication not started
[host] capture error: invalid capture state: duplication not started
[host] capture error: invalid capture state: duplication not started
[rig-host] loop alive, host=Connected
[host] capture error: invalid capture state: duplication not started
[host] capture error: invalid capture state: duplication not started
[host] capture error: invalid capture state: duplication not started
[host] capture error: invalid capture state: duplication not started
[host] capture error: invalid capture state: duplication not started
[host] capture error: invalid capture state: duplication not started
[host] capture error: invalid capture state: duplication not started
[host] capture error: invalid capture state: duplication not started
[host] capture error: invalid capture state: duplication not started
[host] capture error: invalid capture state: duplication not started
[host] capture error: invalid capture state: duplication not started
[host] capture error: invalid capture state: duplication not started
[host] capture error: invalid capture state: duplication not started
[host] capture error: invalid capture state: duplication not started
[host] capture error: invalid capture state: duplication not started
[host] capture error: invalid capture state: duplication not started
[host] capture error: invalid capture state: duplication not started
[host] capture error: invalid capture state: duplication not started
[host] capture error: invalid capture state: duplication not started
[host] capture error: invalid capture state: duplication not started
[rig-host] loop alive, host=Connected
[host] capture error: invalid capture state: duplication not started
[host] capture error: invalid capture state: duplication not started
[host] capture error: invalid capture state: duplication not started
[host] capture error: invalid capture state: duplication not started
[host] capture error: invalid capture state: duplication not started
[host] capture error: invalid capture state: duplication not started
[host] capture error: invalid capture state: duplication not started
[host] capture error: invalid capture state: duplication not started
[host] capture error: invalid capture state: duplication not started
[host] capture error: invalid capture state: duplication not started
[host] capture error: invalid capture state: duplication not started
[host] capture error: invalid capture state: duplication not started
[host] capture error: invalid capture state: duplication not started
[host] capture error: invalid capture state: duplication not started
[host] capture error: invalid capture state: duplication not started
[host] capture error: invalid capture state: duplication not started
[host] capture error: invalid capture state: duplication not started
[host] capture error: invalid capture state: duplication not started
[host] capture error: invalid capture state: duplication not started
[host] capture error: invalid capture state: duplication not started
[rig-host] loop alive, host=Connected
[host] capture error: invalid capture state: duplication not started
[host] capture error: invalid capture state: duplication not started
[host] capture error: invalid capture state: duplication not started
[host] capture error: invalid capture state: duplication not started
[host] capture error: invalid capture state: duplication not started
[host] capture error: invalid capture state: duplication not started
[host] capture error: invalid capture state: duplication not started
[host] capture error: invalid capture state: duplication not started
[host] capture error: invalid capture state: duplication not started
[host] capture error: invalid capture state: duplication not started
[host] capture error: invalid capture state: duplication not started
[host] capture error: invalid capture state: duplication not started
[host] capture error: invalid capture state: duplication not started
[host] capture error: invalid capture state: duplication not started
[host] capture error: invalid capture state: duplication not started
[host] capture error: invalid capture state: duplication not started
[host] capture error: invalid capture state: duplication not started
[host] capture error: invalid capture state: duplication not started
[host] capture error: invalid capture state: duplication not started
[host] capture error: invalid capture state: duplication not started
[rig-host] loop alive, host=Connected
[host] capture error: invalid capture state: duplication not started
[host] capture error: invalid capture state: duplication not started
[host] capture error: invalid capture state: duplication not started
[host] capture error: invalid capture state: duplication not started
[host] capture error: invalid capture state: duplication not started
[host] capture error: invalid capture state: duplication not started
[host] capture error: invalid capture state: duplication not started
[host] capture error: invalid capture state: duplication not started
[host] capture error: invalid capture state: duplication not started
[host] capture error: invalid capture state: duplication not started
[host] capture error: invalid capture state: duplication not started
[host] capture error: invalid capture state: duplication not started
[host] capture error: invalid capture state: duplication not started
[host] capture error: invalid capture state: duplication not started
[host] capture error: invalid capture state: duplication not started
[host] capture error: invalid capture state: duplication not started
[host] capture error: invalid capture state: duplication not started
[host] capture error: invalid capture state: duplication not started
[host] capture error: invalid capture state: duplication not started
[host] capture error: invalid capture state: duplication not started
[rig-host] loop alive, host=Connected
[host] capture error: invalid capture state: duplication not started
[host] capture error: invalid capture state: duplication not started
[host] capture error: invalid capture state: duplication not started
[host] capture error: invalid capture state: duplication not started
[host] capture error: invalid capture state: duplication not started
[host] capture error: invalid capture state: duplication not started
[host] capture error: invalid capture state: duplication not started
[host] capture error: invalid capture state: duplication not started
[host] capture error: invalid capture state: duplication not started
[host] capture error: invalid capture state: duplication not started
[host] capture error: invalid capture state: duplication not started
[host] capture error: invalid capture state: duplication not started
[host] capture error: invalid capture state: duplication not started
[host] capture error: invalid capture state: duplication not started
[host] capture error: invalid capture state: duplication not started
[host] capture error: invalid capture state: duplication not started
[host] capture error: invalid capture state: duplication not started
[host] capture error: invalid capture state: duplication not started
[host] capture error: invalid capture state: duplication not started
[host] capture error: invalid capture state: duplication not started
[rig-host] loop alive, host=Connected
[host] capture error: invalid capture state: duplication not started
[host] capture error: invalid capture state: duplication not started
[host] capture error: invalid capture state: duplication not started
[host] capture error: invalid capture state: duplication not started
[host] capture error: invalid capture state: duplication not started
[host] capture error: invalid capture state: duplication not started
[host] capture error: invalid capture state: duplication not started
[host] capture error: invalid capture state: duplication not started
[host] capture error: invalid capture state: duplication not started
[host] capture error: invalid capture state: duplication not started
[host] capture error: invalid capture state: duplication not started
[host] capture error: invalid capture state: duplication not started
[host] capture error: invalid capture state: duplication not started
[host] capture error: invalid capture state: duplication not started
[host] capture error: invalid capture state: duplication not started
[host] capture error: invalid capture state: duplication not started
[host] capture error: invalid capture state: duplication not started
[host] capture error: invalid capture state: duplication not started
[host] capture error: invalid capture state: duplication not started
[host] capture error: invalid capture state: duplication not started
[rig-host] loop alive, host=Connected
[host] capture error: invalid capture state: duplication not started
[host] capture error: invalid capture state: duplication not started
[host] capture error: invalid capture state: duplication not started
[host] capture error: invalid capture state: duplication not started
[host] capture error: invalid capture state: duplication not started
[host] capture error: invalid capture state: duplication not started
[host] capture error: invalid capture state: duplication not started
[host] capture error: invalid capture state: duplication not started
[host] capture error: invalid capture state: duplication not started
[host] capture error: invalid capture state: duplication not started
[host] capture error: invalid capture state: duplication not started
[host] capture error: invalid capture state: duplication not started
[host] capture error: invalid capture state: duplication not started
[host] capture error: invalid capture state: duplication not started
[host] capture error: invalid capture state: duplication not started
[host] capture error: invalid capture state: duplication not started
[host] capture error: invalid capture state: duplication not started
[host] capture error: invalid capture state: duplication not started
[host] capture error: invalid capture state: duplication not started
[host] capture error: invalid capture state: duplication not started
[rig-host] loop alive, host=Connected
[host] capture error: invalid capture state: duplication not started
[host] capture error: invalid capture state: duplication not started
[host] capture error: invalid capture state: duplication not started
[host] capture error: invalid capture state: duplication not started
[host] capture error: invalid capture state: duplication not started
[host] capture error: invalid capture state: duplication not started
[host] capture error: invalid capture state: duplication not started
[host] capture error: invalid capture state: duplication not started
[host] capture error: invalid capture state: duplication not started
[host] capture error: invalid capture state: duplication not started
[host] capture error: invalid capture state: duplication not started
[host] capture error: invalid capture state: duplication not started
[host] capture error: invalid capture state: duplication not started
[host] capture error: invalid capture state: duplication not started
[host] capture error: invalid capture state: duplication not started
[host] capture error: invalid capture state: duplication not started
[host] capture error: invalid capture state: duplication not started
[host] capture error: invalid capture state: duplication not started
[host] capture error: invalid capture state: duplication not started
[host] capture error: invalid capture state: duplication not started
[rig-host] loop alive, host=Connected
[host] capture error: invalid capture state: duplication not started
[host] capture error: invalid capture state: duplication not started
[host] capture error: invalid capture state: duplication not started
[host] capture error: invalid capture state: duplication not started
[host] capture error: invalid capture state: duplication not started
[host] capture error: invalid capture state: duplication not started
[host] capture error: invalid capture state: duplication not started
[host] capture error: invalid capture state: duplication not started
[host] capture error: invalid capture state: duplication not started
[host] capture error: invalid capture state: duplication not started
[host] capture error: invalid capture state: duplication not started
[host] capture error: invalid capture state: duplication not started
[host] capture error: invalid capture state: duplication not started
[host] capture error: invalid capture state: duplication not started
[host] capture error: invalid capture state: duplication not started
[host] capture error: invalid capture state: duplication not started
[host] capture error: invalid capture state: duplication not started
[host] capture error: invalid capture state: duplication not started
[host] capture error: invalid capture state: duplication not started
[host] capture error: invalid capture state: duplication not started
[rig-host] loop alive, host=Connected
[host] capture error: invalid capture state: duplication not started
[host] capture error: invalid capture state: duplication not started
[host] capture error: invalid capture state: duplication not started
[host] capture error: invalid capture state: duplication not started
[host] capture error: invalid capture state: duplication not started
[host] capture error: invalid capture state: duplication not started
[host] capture error: invalid capture state: duplication not started
[host] capture error: invalid capture state: duplication not started
[host] capture error: invalid capture state: duplication not started
[host] capture error: invalid capture state: duplication not started
[host] capture error: invalid capture state: duplication not started
[host] capture error: invalid capture state: duplication not started
[host] capture error: invalid capture state: duplication not started
[host] capture error: invalid capture state: duplication not started
[host] capture error: invalid capture state: duplication not started
[host] capture error: invalid capture state: duplication not started
[host] capture error: invalid capture state: duplication not started
[host] capture error: invalid capture state: duplication not started
[host] capture error: invalid capture state: duplication not started
[host] capture error: invalid capture state: duplication not started
[rig-host] loop alive, host=Connected
[host] capture error: invalid capture state: duplication not started
[host] capture error: invalid capture state: duplication not started
[host] capture error: invalid capture state: duplication not started
[host] capture error: invalid capture state: duplication not started
[host] capture error: invalid capture state: duplication not started
[host] capture error: invalid capture state: duplication not started
[host] capture error: invalid capture state: duplication not started
[host] capture error: invalid capture state: duplication not started
[host] capture error: invalid capture state: duplication not started
[host] capture error: invalid capture state: duplication not started
[host] capture error: invalid capture state: duplication not started
[host] capture error: invalid capture state: duplication not started
[host] capture error: invalid capture state: duplication not started
[host] capture error: invalid capture state: duplication not started
[host] capture error: invalid capture state: duplication not started
[host] capture error: invalid capture state: duplication not started
[host] capture error: invalid capture state: duplication not started
[host] capture error: invalid capture state: duplication not started
[host] capture error: invalid capture state: duplication not started
[host] capture error: invalid capture state: duplication not started
[rig-host] loop alive, host=Connected
[host] capture error: invalid capture state: duplication not started
[host] capture error: invalid capture state: duplication not started
[host] capture error: invalid capture state: duplication not started
[host] capture error: invalid capture state: duplication not started
[host] capture error: invalid capture state: duplication not started
[host] capture error: invalid capture state: duplication not started
[host] capture error: invalid capture state: duplication not started
[host] capture error: invalid capture state: duplication not started
[host] capture error: invalid capture state: duplication not started
[host] capture error: invalid capture state: duplication not started
[host] capture error: invalid capture state: duplication not started
[host] capture error: invalid capture state: duplication not started
[host] capture error: invalid capture state: duplication not started
[host] capture error: invalid capture state: duplication not started
[host] capture error: invalid capture state: duplication not started
[host] capture error: invalid capture state: duplication not started
[host] capture error: invalid capture state: duplication not started
[host] capture error: invalid capture state: duplication not started
[host] capture error: invalid capture state: duplication not started
[host] capture error: invalid capture state: duplication not started
[rig-host] loop alive, host=Connected
[host] capture error: invalid capture state: duplication not started
[host] capture error: invalid capture state: duplication not started
[host] capture error: invalid capture state: duplication not started
[host] capture error: invalid capture state: duplication not started
[host] capture error: invalid capture state: duplication not started
[host] capture error: invalid capture state: duplication not started
[host] capture error: invalid capture state: duplication not started
[host] capture error: invalid capture state: duplication not started
[host] capture error: invalid capture state: duplication not started
[host] capture error: invalid capture state: duplication not started
[host] capture error: invalid capture state: duplication not started
[host] capture error: invalid capture state: duplication not started
[host] capture error: invalid capture state: duplication not started
[host] capture error: invalid capture state: duplication not started
[host] capture error: invalid capture state: duplication not started
[host] capture error: invalid capture state: duplication not started
[host] capture error: invalid capture state: duplication not started
[host] capture error: invalid capture state: duplication not started
[host] capture error: invalid capture state: duplication not started
[host] capture error: invalid capture state: duplication not started
[rig-host] loop alive, host=Connected
[host] capture error: invalid capture state: duplication not started
[host] capture error: invalid capture state: duplication not started
[host] capture error: invalid capture state: duplication not started
[host] capture error: invalid capture state: duplication not started
[host] capture error: invalid capture state: duplication not started
[host] capture error: invalid capture state: duplication not started
[host] capture error: invalid capture state: duplication not started
[host] capture error: invalid capture state: duplication not started
[host] capture error: invalid capture state: duplication not started
[host] capture error: invalid capture state: duplication not started
[host] capture error: invalid capture state: duplication not started
[host] capture error: invalid capture state: duplication not started
[host] capture error: invalid capture state: duplication not started
[host] capture error: invalid capture state: duplication not started
[host] capture error: invalid capture state: duplication not started
[host] capture error: invalid capture state: duplication not started
[host] capture error: invalid capture state: duplication not started
[host] capture error: invalid capture state: duplication not started
[host] capture error: invalid capture state: duplication not started
[host] capture error: invalid capture state: duplication not started
[rig-host] loop alive, host=Connected
[host] capture error: invalid capture state: duplication not started
[host] capture error: invalid capture state: duplication not started
[host] capture error: invalid capture state: duplication not started
[host] capture error: invalid capture state: duplication not started
[host] capture error: invalid capture state: duplication not started
[host] capture error: invalid capture state: duplication not started
[host] capture error: invalid capture state: duplication not started
[host] capture error: invalid capture state: duplication not started
[host] capture error: invalid capture state: duplication not started
[host] capture error: invalid capture state: duplication not started
[host] capture error: invalid capture state: duplication not started
[host] capture error: invalid capture state: duplication not started
[host] capture error: invalid capture state: duplication not started
[host] capture error: invalid capture state: duplication not started
[host] capture error: invalid capture state: duplication not started
[host] capture error: invalid capture state: duplication not started
[host] capture error: invalid capture state: duplication not started
[host] capture error: invalid capture state: duplication not started
[host] capture error: invalid capture state: duplication not started
[host] capture error: invalid capture state: duplication not started
[rig-host] loop alive, host=Connected
[host] capture error: invalid capture state: duplication not started
[host] capture error: invalid capture state: duplication not started
[host] capture error: invalid capture state: duplication not started
[host] capture error: invalid capture state: duplication not started
[host] capture error: invalid capture state: duplication not started
[host] capture error: invalid capture state: duplication not started
[host] capture error: invalid capture state: duplication not started
[host] capture error: invalid capture state: duplication not started
[host] capture error: invalid capture state: duplication not started
[host] capture error: invalid capture state: duplication not started
[host] capture error: invalid capture state: duplication not started
[host] capture error: invalid capture state: duplication not started
[host] capture error: invalid capture state: duplication not started
[host] capture error: invalid capture state: duplication not started
[host] capture error: invalid capture state: duplication not started
[host] capture error: invalid capture state: duplication not started
[host] capture error: invalid capture state: duplication not started
[host] capture error: invalid capture state: duplication not started
[host] capture error: invalid capture state: duplication not started
[host] capture error: invalid capture state: duplication not started
[rig-host] loop alive, host=Connected
[host] capture error: invalid capture state: duplication not started
[host] capture error: invalid capture state: duplication not started
[host] capture error: invalid capture state: duplication not started
[host] capture error: invalid capture state: duplication not started
[host] capture error: invalid capture state: duplication not started
[host] capture error: invalid capture state: duplication not started
[host] capture error: invalid capture state: duplication not started
[host] capture error: invalid capture state: duplication not started
[host] capture error: invalid capture state: duplication not started
[host] capture error: invalid capture state: duplication not started
[host] capture error: invalid capture state: duplication not started
[host] capture error: invalid capture state: duplication not started
[host] capture error: invalid capture state: duplication not started
[host] capture error: invalid capture state: duplication not started
[host] capture error: invalid capture state: duplication not started
[host] capture error: invalid capture state: duplication not started
[host] capture error: invalid capture state: duplication not started
[host] capture error: invalid capture state: duplication not started
[host] capture error: invalid capture state: duplication not started
[host] capture error: invalid capture state: duplication not started
[rig-host] loop alive, host=Connected
[host] capture error: invalid capture state: duplication not started
[host] capture error: invalid capture state: duplication not started
[host] capture error: invalid capture state: duplication not started
[host] capture error: invalid capture state: duplication not started
[host] capture error: invalid capture state: duplication not started
[host] capture error: invalid capture state: duplication not started
[host] capture error: invalid capture state: duplication not started
[host] capture error: invalid capture state: duplication not started
[host] capture error: invalid capture state: duplication not started
[host] capture error: invalid capture state: duplication not started
[host] capture error: invalid capture state: duplication not started
[host] capture error: invalid capture state: duplication not started
[host] capture error: invalid capture state: duplication not started
[host] capture error: invalid capture state: duplication not started
[host] capture error: invalid capture state: duplication not started
[host] capture error: invalid capture state: duplication not started
[host] capture error: invalid capture state: duplication not started
[host] capture error: invalid capture state: duplication not started
[host] capture error: invalid capture state: duplication not started
[host] capture error: invalid capture state: duplication not started
[rig-host] loop alive, host=Connected
[host] capture error: invalid capture state: duplication not started
[host] capture error: invalid capture state: duplication not started
[host] capture error: invalid capture state: duplication not started
[host] capture error: invalid capture state: duplication not started
[host] capture error: invalid capture state: duplication not started
[host] capture error: invalid capture state: duplication not started
[host] capture error: invalid capture state: duplication not started
[host] capture error: invalid capture state: duplication not started
[host] capture error: invalid capture state: duplication not started
[host] capture error: invalid capture state: duplication not started
[host] capture error: invalid capture state: duplication not started
[host] capture error: invalid capture state: duplication not started
[host] capture error: invalid capture state: duplication not started
[host] capture error: invalid capture state: duplication not started
[host] capture error: invalid capture state: duplication not started
[host] capture error: invalid capture state: duplication not started
[host] capture error: invalid capture state: duplication not started
[host] capture error: invalid capture state: duplication not started
[host] capture error: invalid capture state: duplication not started
[host] capture error: invalid capture state: duplication not started
[rig-host] loop alive, host=Connected
[host] capture error: invalid capture state: duplication not started
[host] capture error: invalid capture state: duplication not started
[host] capture error: invalid capture state: duplication not started
[host] capture error: invalid capture state: duplication not started
[host] capture error: invalid capture state: duplication not started
[host] capture error: invalid capture state: duplication not started
[host] capture error: invalid capture state: duplication not started
[host] capture error: invalid capture state: duplication not started
[host] capture error: invalid capture state: duplication not started
[host] capture error: invalid capture state: duplication not started
[host] capture error: invalid capture state: duplication not started
[host] capture error: invalid capture state: duplication not started
[host] capture error: invalid capture state: duplication not started
[host] capture error: invalid capture state: duplication not started
[host] capture error: invalid capture state: duplication not started
[host] capture error: invalid capture state: duplication not started
[host] capture error: invalid capture state: duplication not started
[host] capture error: invalid capture state: duplication not started
[host] capture error: invalid capture state: duplication not started
[host] capture error: invalid capture state: duplication not started
[rig-host] loop alive, host=Connected
[host] capture error: invalid capture state: duplication not started
[host] capture error: invalid capture state: duplication not started
[host] capture error: invalid capture state: duplication not started
[host] capture error: invalid capture state: duplication not started
[host] capture error: invalid capture state: duplication not started
[host] capture error: invalid capture state: duplication not started
[host] capture error: invalid capture state: duplication not started
[host] capture error: invalid capture state: duplication not started
[host] capture error: invalid capture state: duplication not started
[host] capture error: invalid capture state: duplication not started
[host] capture error: invalid capture state: duplication not started
[host] capture error: invalid capture state: duplication not started
[host] capture error: invalid capture state: duplication not started
[host] capture error: invalid capture state: duplication not started
[host] capture error: invalid capture state: duplication not started
[host] capture error: invalid capture state: duplication not started
[host] capture error: invalid capture state: duplication not started
[host] capture error: invalid capture state: duplication not started
[host] capture error: invalid capture state: duplication not started
[host] capture error: invalid capture state: duplication not started
[rig-host] loop alive, host=Connected
[host] capture error: invalid capture state: duplication not started
[host] capture error: invalid capture state: duplication not started
[host] capture error: invalid capture state: duplication not started
[host] capture error: invalid capture state: duplication not started
[host] capture error: invalid capture state: duplication not started
[host] capture error: invalid capture state: duplication not started
[host] capture error: invalid capture state: duplication not started
[host] capture error: invalid capture state: duplication not started
[host] capture error: invalid capture state: duplication not started
[host] capture error: invalid capture state: duplication not started
[host] capture error: invalid capture state: duplication not started
[host] capture error: invalid capture state: duplication not started
[host] capture error: invalid capture state: duplication not started
[host] capture error: invalid capture state: duplication not started
[host] capture error: invalid capture state: duplication not started
[host] capture error: invalid capture state: duplication not started
[host] capture error: invalid capture state: duplication not started
[host] capture error: invalid capture state: duplication not started
[host] capture error: invalid capture state: duplication not started
[host] capture error: invalid capture state: duplication not started
[rig-host] loop alive, host=Connected
[host] capture error: invalid capture state: duplication not started
[host] capture error: invalid capture state: duplication not started
[host] capture error: invalid capture state: duplication not started
[host] capture error: invalid capture state: duplication not started
[host] capture error: invalid capture state: duplication not started
[host] capture error: invalid capture state: duplication not started
[host] capture error: invalid capture state: duplication not started
[host] capture error: invalid capture state: duplication not started
[host] capture error: invalid capture state: duplication not started
[host] capture error: invalid capture state: duplication not started
[host] capture error: invalid capture state: duplication not started
[host] capture error: invalid capture state: duplication not started
[host] capture error: invalid capture state: duplication not started
[host] capture error: invalid capture state: duplication not started
[host] capture error: invalid capture state: duplication not started
[host] capture error: invalid capture state: duplication not started
[host] capture error: invalid capture state: duplication not started
[host] capture error: invalid capture state: duplication not started
[host] capture error: invalid capture state: duplication not started
[host] capture error: invalid capture state: duplication not started
[rig-host] loop alive, host=Connected
[host] capture error: invalid capture state: duplication not started
[host] capture error: invalid capture state: duplication not started
[host] capture error: invalid capture state: duplication not started
[host] capture error: invalid capture state: duplication not started
[host] capture error: invalid capture state: duplication not started
[host] capture error: invalid capture state: duplication not started
[host] capture error: invalid capture state: duplication not started
[host] capture error: invalid capture state: duplication not started
[host] capture error: invalid capture state: duplication not started
[host] capture error: invalid capture state: duplication not started
[host] capture error: invalid capture state: duplication not started
[host] capture error: invalid capture state: duplication not started
[host] capture error: invalid capture state: duplication not started
[host] capture error: invalid capture state: duplication not started
[host] capture error: invalid capture state: duplication not started
[host] capture error: invalid capture state: duplication not started
[host] capture error: invalid capture state: duplication not started
[host] capture error: invalid capture state: duplication not started
[host] capture error: invalid capture state: duplication not started
[host] capture error: invalid capture state: duplication not started
[rig-host] loop alive, host=Connected
[host] capture error: invalid capture state: duplication not started
[host] capture error: invalid capture state: duplication not started
[host] capture error: invalid capture state: duplication not started
[host] capture error: invalid capture state: duplication not started
[host] capture error: invalid capture state: duplication not started
[host] capture error: invalid capture state: duplication not started
[host] capture error: invalid capture state: duplication not started
[host] capture error: invalid capture state: duplication not started
[host] capture error: invalid capture state: duplication not started
[host] capture error: invalid capture state: duplication not started
[host] capture error: invalid capture state: duplication not started
[host] capture error: invalid capture state: duplication not started
[host] capture error: invalid capture state: duplication not started
[host] capture error: invalid capture state: duplication not started
[host] capture error: invalid capture state: duplication not started
[host] capture error: invalid capture state: duplication not started
[host] capture error: invalid capture state: duplication not started
[host] capture error: invalid capture state: duplication not started
[host] capture error: invalid capture state: duplication not started
[host] capture error: invalid capture state: duplication not started
[rig-host] loop alive, host=Connected
[host] capture error: invalid capture state: duplication not started
[host] capture error: invalid capture state: duplication not started
[host] capture error: invalid capture state: duplication not started
[host] capture error: invalid capture state: duplication not started
[host] capture error: invalid capture state: duplication not started
[host] capture error: invalid capture state: duplication not started
[host] capture error: invalid capture state: duplication not started
[host] capture error: invalid capture state: duplication not started
[host] capture error: invalid capture state: duplication not started
[host] capture error: invalid capture state: duplication not started
[host] capture error: invalid capture state: duplication not started
[host] capture error: invalid capture state: duplication not started
[host] capture error: invalid capture state: duplication not started
[host] capture error: invalid capture state: duplication not started
[host] capture error: invalid capture state: duplication not started
[host] capture error: invalid capture state: duplication not started
[host] capture error: invalid capture state: duplication not started
[host] capture error: invalid capture state: duplication not started
[host] capture error: invalid capture state: duplication not started
[host] capture error: invalid capture state: duplication not started
[rig-host] loop alive, host=Connected
[host] capture error: invalid capture state: duplication not started
[host] capture error: invalid capture state: duplication not started
[host] capture error: invalid capture state: duplication not started
[host] capture error: invalid capture state: duplication not started
[host] capture error: invalid capture state: duplication not started
[host] capture error: invalid capture state: duplication not started
[host] capture error: invalid capture state: duplication not started
[host] capture error: invalid capture state: duplication not started
[host] capture error: invalid capture state: duplication not started
[host] capture error: invalid capture state: duplication not started
[host] capture error: invalid capture state: duplication not started
[host] capture error: invalid capture state: duplication not started
[host] capture error: invalid capture state: duplication not started
[host] capture error: invalid capture state: duplication not started
[host] capture error: invalid capture state: duplication not started
[host] capture error: invalid capture state: duplication not started
[host] capture error: invalid capture state: duplication not started
[host] capture error: invalid capture state: duplication not started
[host] capture error: invalid capture state: duplication not started
[host] capture error: invalid capture state: duplication not started
[rig-host] loop alive, host=Connected
[host] capture error: invalid capture state: duplication not started
[host] capture error: invalid capture state: duplication not started
[host] capture error: invalid capture state: duplication not started
[host] capture error: invalid capture state: duplication not started
[host] capture error: invalid capture state: duplication not started
[host] capture error: invalid capture state: duplication not started
[host] capture error: invalid capture state: duplication not started
[host] capture error: invalid capture state: duplication not started
[host] capture error: invalid capture state: duplication not started
[host] capture error: invalid capture state: duplication not started
[host] capture error: invalid capture state: duplication not started
[host] capture error: invalid capture state: duplication not started
[host] capture error: invalid capture state: duplication not started
[host] capture error: invalid capture state: duplication not started
[host] capture error: invalid capture state: duplication not started
[host] capture error: invalid capture state: duplication not started
[host] capture error: invalid capture state: duplication not started
[host] capture error: invalid capture state: duplication not started
[host] capture error: invalid capture state: duplication not started
[host] capture error: invalid capture state: duplication not started
[rig-host] loop alive, host=Connected
[host] capture error: invalid capture state: duplication not started
[host] capture error: invalid capture state: duplication not started
[host] capture error: invalid capture state: duplication not started
[host] capture error: invalid capture state: duplication not started
[host] capture error: invalid capture state: duplication not started
[host] capture error: invalid capture state: duplication not started
[host] capture error: invalid capture state: duplication not started
[host] capture error: invalid capture state: duplication not started
[host] capture error: invalid capture state: duplication not started
[host] capture error: invalid capture state: duplication not started
[host] capture error: invalid capture state: duplication not started
[host] capture error: invalid capture state: duplication not started
[host] capture error: invalid capture state: duplication not started
[host] capture error: invalid capture state: duplication not started
[host] capture error: invalid capture state: duplication not started
[host] capture error: invalid capture state: duplication not started
[host] capture error: invalid capture state: duplication not started
[host] capture error: invalid capture state: duplication not started
[host] capture error: invalid capture state: duplication not started
[host] capture error: invalid capture state: duplication not started
[rig-host] loop alive, host=Connected
[host] capture error: invalid capture state: duplication not started
[host] capture error: invalid capture state: duplication not started
[host] capture error: invalid capture state: duplication not started
[host] capture error: invalid capture state: duplication not started
[host] capture error: invalid capture state: duplication not started
[host] capture error: invalid capture state: duplication not started
[host] capture error: invalid capture state: duplication not started
[host] capture error: invalid capture state: duplication not started
[host] capture error: invalid capture state: duplication not started
[host] capture error: invalid capture state: duplication not started
[host] capture error: invalid capture state: duplication not started
[host] capture error: invalid capture state: duplication not started
[host] capture error: invalid capture state: duplication not started
[host] capture error: invalid capture state: duplication not started
[host] capture error: invalid capture state: duplication not started
[host] capture error: invalid capture state: duplication not started
[host] capture error: invalid capture state: duplication not started
[host] capture error: invalid capture state: duplication not started
[host] capture error: invalid capture state: duplication not started
[host] capture error: invalid capture state: duplication not started
[rig-host] loop alive, host=Connected
[host] capture error: invalid capture state: duplication not started
[host] capture error: invalid capture state: duplication not started
[host] capture error: invalid capture state: duplication not started
[host] capture error: invalid capture state: duplication not started
[host] capture error: invalid capture state: duplication not started
[host] capture error: invalid capture state: duplication not started
[host] capture error: invalid capture state: duplication not started
[host] capture error: invalid capture state: duplication not started
[host] capture error: invalid capture state: duplication not started
[host] capture error: invalid capture state: duplication not started
[host] capture error: invalid capture state: duplication not started
[host] capture error: invalid capture state: duplication not started
[host] capture error: invalid capture state: duplication not started
[host] capture error: invalid capture state: duplication not started
[host] capture error: invalid capture state: duplication not started
[host] capture error: invalid capture state: duplication not started
[host] capture error: invalid capture state: duplication not started
[host] capture error: invalid capture state: duplication not started
[host] capture error: invalid capture state: duplication not started
[host] capture error: invalid capture state: duplication not started
[rig-host] loop alive, host=Connected
[host] capture error: invalid capture state: duplication not started
[host] capture error: invalid capture state: duplication not started
[host] capture error: invalid capture state: duplication not started
[host] capture error: invalid capture state: duplication not started
[host] capture error: invalid capture state: duplication not started
[host] capture error: invalid capture state: duplication not started
[host] capture error: invalid capture state: duplication not started
[host] capture error: invalid capture state: duplication not started
[host] capture error: invalid capture state: duplication not started
[host] capture error: invalid capture state: duplication not started
[host] capture error: invalid capture state: duplication not started
[host] capture error: invalid capture state: duplication not started
[host] capture error: invalid capture state: duplication not started
[host] capture error: invalid capture state: duplication not started
[host] capture error: invalid capture state: duplication not started
[host] capture error: invalid capture state: duplication not started
[host] capture error: invalid capture state: duplication not started
[host] capture error: invalid capture state: duplication not started
[host] capture error: invalid capture state: duplication not started
[host] capture error: invalid capture state: duplication not started
[rig-host] loop alive, host=Connected
[host] capture error: invalid capture state: duplication not started
[host] capture error: invalid capture state: duplication not started
[host] capture error: invalid capture state: duplication not started
[host] capture error: invalid capture state: duplication not started
[host] capture error: invalid capture state: duplication not started
[host] capture error: invalid capture state: duplication not started
[host] capture error: invalid capture state: duplication not started
[host] capture error: invalid capture state: duplication not started
[host] capture error: invalid capture state: duplication not started
[host] capture error: invalid capture state: duplication not started
[host] capture error: invalid capture state: duplication not started
[host] capture error: invalid capture state: duplication not started
[host] capture error: invalid capture state: duplication not started
[host] capture error: invalid capture state: duplication not started
[host] capture error: invalid capture state: duplication not started
[host] capture error: invalid capture state: duplication not started
[host] capture error: invalid capture state: duplication not started
[host] capture error: invalid capture state: duplication not started
[host] capture error: invalid capture state: duplication not started
[host] capture error: invalid capture state: duplication not started
[rig-host] loop alive, host=Connected
[host] capture error: invalid capture state: duplication not started
[host] capture error: invalid capture state: duplication not started
[host] capture error: invalid capture state: duplication not started
[host] capture error: invalid capture state: duplication not started
[host] capture error: invalid capture state: duplication not started
[host] capture error: invalid capture state: duplication not started
[host] capture error: invalid capture state: duplication not started
[host] capture error: invalid capture state: duplication not started
[host] capture error: invalid capture state: duplication not started
[host] capture error: invalid capture state: duplication not started
[host] capture error: invalid capture state: duplication not started
[host] capture error: invalid capture state: duplication not started
[host] capture error: invalid capture state: duplication not started
[host] capture error: invalid capture state: duplication not started
[host] capture error: invalid capture state: duplication not started
[host] capture error: invalid capture state: duplication not started
[host] capture error: invalid capture state: duplication not started
[host] capture error: invalid capture state: duplication not started
[host] capture error: invalid capture state: duplication not started
[host] capture error: invalid capture state: duplication not started
[rig-host] loop alive, host=Connected
[host] capture error: invalid capture state: duplication not started
[host] capture error: invalid capture state: duplication not started
[host] capture error: invalid capture state: duplication not started
[host] capture error: invalid capture state: duplication not started
[host] capture error: invalid capture state: duplication not started
[host] capture error: invalid capture state: duplication not started
[host] capture error: invalid capture state: duplication not started
[host] capture error: invalid capture state: duplication not started
[host] capture error: invalid capture state: duplication not started
[host] capture error: invalid capture state: duplication not started
[host] capture error: invalid capture state: duplication not started
[host] capture error: invalid capture state: duplication not started
[host] capture error: invalid capture state: duplication not started
[host] capture error: invalid capture state: duplication not started
[host] capture error: invalid capture state: duplication not started
[host] capture error: invalid capture state: duplication not started
[host] capture error: invalid capture state: duplication not started
[host] capture error: invalid capture state: duplication not started
[host] capture error: invalid capture state: duplication not started
[host] capture error: invalid capture state: duplication not started
[rig-host] loop alive, host=Connected
[host] capture error: invalid capture state: duplication not started
[host] capture error: invalid capture state: duplication not started
[host] capture error: invalid capture state: duplication not started
[host] capture error: invalid capture state: duplication not started
[host] capture error: invalid capture state: duplication not started
[host] capture error: invalid capture state: duplication not started
[host] capture error: invalid capture state: duplication not started
[host] capture error: invalid capture state: duplication not started
[host] capture error: invalid capture state: duplication not started
[host] capture error: invalid capture state: duplication not started
[host] capture error: invalid capture state: duplication not started
[host] capture error: invalid capture state: duplication not started
[host] capture error: invalid capture state: duplication not started
[host] capture error: invalid capture state: duplication not started
[host] capture error: invalid capture state: duplication not started
[host] capture error: invalid capture state: duplication not started
[host] capture error: invalid capture state: duplication not started
[host] capture error: invalid capture state: duplication not started
[host] capture error: invalid capture state: duplication not started
[host] capture error: invalid capture state: duplication not started
[rig-host] loop alive, host=Connected
[host] capture error: invalid capture state: duplication not started
[host] capture error: invalid capture state: duplication not started
[host] capture error: invalid capture state: duplication not started
[host] capture error: invalid capture state: duplication not started
[host] capture error: invalid capture state: duplication not started
[host] capture error: invalid capture state: duplication not started
[host] capture error: invalid capture state: duplication not started
[host] capture error: invalid capture state: duplication not started
[host] capture error: invalid capture state: duplication not started
[host] capture error: invalid capture state: duplication not started
[host] capture error: invalid capture state: duplication not started
[host] capture error: invalid capture state: duplication not started
[host] capture error: invalid capture state: duplication not started
[host] capture error: invalid capture state: duplication not started
[host] capture error: invalid capture state: duplication not started
[host] capture error: invalid capture state: duplication not started
[host] capture error: invalid capture state: duplication not started
[host] capture error: invalid capture state: duplication not started
[host] capture error: invalid capture state: duplication not started
[host] capture error: invalid capture state: duplication not started
[rig-host] loop alive, host=Connected
[host] capture error: invalid capture state: duplication not started
[host] capture error: invalid capture state: duplication not started
[host] capture error: invalid capture state: duplication not started
[host] capture error: invalid capture state: duplication not started
[host] capture error: invalid capture state: duplication not started
[host] capture error: invalid capture state: duplication not started
[host] capture error: invalid capture state: duplication not started
[host] capture error: invalid capture state: duplication not started
[host] capture error: invalid capture state: duplication not started
[host] capture error: invalid capture state: duplication not started
[host] capture error: invalid capture state: duplication not started
[host] capture error: invalid capture state: duplication not started
[host] capture error: invalid capture state: duplication not started
[host] capture error: invalid capture state: duplication not started
[host] capture error: invalid capture state: duplication not started
[host] capture error: invalid capture state: duplication not started
[host] capture error: invalid capture state: duplication not started
[host] capture error: invalid capture state: duplication not started
[host] capture error: invalid capture state: duplication not started
[host] capture error: invalid capture state: duplication not started
[rig-host] loop alive, host=Connected
[host] capture error: invalid capture state: duplication not started
[host] capture error: invalid capture state: duplication not started
[host] capture error: invalid capture state: duplication not started
[host] capture error: invalid capture state: duplication not started
[host] capture error: invalid capture state: duplication not started
[host] capture error: invalid capture state: duplication not started
[host] capture error: invalid capture state: duplication not started
[host] capture error: invalid capture state: duplication not started
[host] capture error: invalid capture state: duplication not started
[host] capture error: invalid capture state: duplication not started
[host] capture error: invalid capture state: duplication not started
[host] capture error: invalid capture state: duplication not started
[host] capture error: invalid capture state: duplication not started
[host] capture error: invalid capture state: duplication not started
[host] capture error: invalid capture state: duplication not started
[host] capture error: invalid capture state: duplication not started
[host] capture error: invalid capture state: duplication not started
[host] capture error: invalid capture state: duplication not started
[host] capture error: invalid capture state: duplication not started
[host] capture error: invalid capture state: duplication not started
[rig-host] loop alive, host=Connected
[host] capture error: invalid capture state: duplication not started
[host] capture error: invalid capture state: duplication not started
[host] capture error: invalid capture state: duplication not started
[host] capture error: invalid capture state: duplication not started
[host] capture error: invalid capture state: duplication not started
[host] capture error: invalid capture state: duplication not started
[host] capture error: invalid capture state: duplication not started
[host] capture error: invalid capture state: duplication not started
[host] capture error: invalid capture state: duplication not started
[host] capture error: invalid capture state: duplication not started
[host] capture error: invalid capture state: duplication not started
[host] capture error: invalid capture state: duplication not started
[host] capture error: invalid capture state: duplication not started
[host] capture error: invalid capture state: duplication not started
[host] capture error: invalid capture state: duplication not started
[host] capture error: invalid capture state: duplication not started
[host] capture error: invalid capture state: duplication not started
[host] capture error: invalid capture state: duplication not started
[host] capture error: invalid capture state: duplication not started
[host] capture error: invalid capture state: duplication not started
[rig-host] loop alive, host=Connected
[host] capture error: invalid capture state: duplication not started
[host] capture error: invalid capture state: duplication not started
[host] capture error: invalid capture state: duplication not started
[host] capture error: invalid capture state: duplication not started
[host] capture error: invalid capture state: duplication not started
[host] capture error: invalid capture state: duplication not started
[host] capture error: invalid capture state: duplication not started
[host] capture error: invalid capture state: duplication not started
[host] capture error: invalid capture state: duplication not started
[host] capture error: invalid capture state: duplication not started
[host] capture error: invalid capture state: duplication not started
[host] capture error: invalid capture state: duplication not started
[host] capture error: invalid capture state: duplication not started
[host] capture error: invalid capture state: duplication not started
[host] capture error: invalid capture state: duplication not started
[host] capture error: invalid capture state: duplication not started
[host] capture error: invalid capture state: duplication not started
[host] capture error: invalid capture state: duplication not started
[host] capture error: invalid capture state: duplication not started
[host] capture error: invalid capture state: duplication not started
[rig-host] loop alive, host=Connected
[host] capture error: invalid capture state: duplication not started
[host] capture error: invalid capture state: duplication not started
[host] capture error: invalid capture state: duplication not started
[host] capture error: invalid capture state: duplication not started
[host] capture error: invalid capture state: duplication not started
[host] capture error: invalid capture state: duplication not started
[host] capture error: invalid capture state: duplication not started
[host] capture error: invalid capture state: duplication not started
[host] capture error: invalid capture state: duplication not started
[host] capture error: invalid capture state: duplication not started
[host] capture error: invalid capture state: duplication not started
[host] capture error: invalid capture state: duplication not started
[host] capture error: invalid capture state: duplication not started
[host] capture error: invalid capture state: duplication not started
[host] capture error: invalid capture state: duplication not started
[host] capture error: invalid capture state: duplication not started
[host] capture error: invalid capture state: duplication not started
[host] capture error: invalid capture state: duplication not started
[host] capture error: invalid capture state: duplication not started
[host] capture error: invalid capture state: duplication not started
[rig-host] loop alive, host=Connected
[host] capture error: invalid capture state: duplication not started
[host] capture error: invalid capture state: duplication not started
[host] capture error: invalid capture state: duplication not started
[host] capture error: invalid capture state: duplication not started
[host] capture error: invalid capture state: duplication not started
[host] capture error: invalid capture state: duplication not started
[host] capture error: invalid capture state: duplication not started
[host] capture error: invalid capture state: duplication not started
[host] capture error: invalid capture state: duplication not started
[host] capture error: invalid capture state: duplication not started
[host] capture error: invalid capture state: duplication not started
[host] capture error: invalid capture state: duplication not started
[host] capture error: invalid capture state: duplication not started
[host] capture error: invalid capture state: duplication not started
[host] capture error: invalid capture state: duplication not started
[host] capture error: invalid capture state: duplication not started
[host] capture error: invalid capture state: duplication not started
[host] capture error: invalid capture state: duplication not started
[host] capture error: invalid capture state: duplication not started
[host] capture error: invalid capture state: duplication not started
[rig-host] loop alive, host=Connected
[host] capture error: invalid capture state: duplication not started
[host] capture error: invalid capture state: duplication not started
[host] capture error: invalid capture state: duplication not started
[host] capture error: invalid capture state: duplication not started
[host] capture error: invalid capture state: duplication not started
[host] capture error: invalid capture state: duplication not started
[host] capture error: invalid capture state: duplication not started
[host] capture error: invalid capture state: duplication not started
[host] capture error: invalid capture state: duplication not started
[host] capture error: invalid capture state: duplication not started
[host] capture error: invalid capture state: duplication not started
[host] capture error: invalid capture state: duplication not started
[host] capture error: invalid capture state: duplication not started
[host] capture error: invalid capture state: duplication not started
[host] capture error: invalid capture state: duplication not started
[host] capture error: invalid capture state: duplication not started
[host] capture error: invalid capture state: duplication not started
[host] capture error: invalid capture state: duplication not started
[host] capture error: invalid capture state: duplication not started
[host] capture error: invalid capture state: duplication not started
[rig-host] loop alive, host=Connected
[host] capture error: invalid capture state: duplication not started
[host] capture error: invalid capture state: duplication not started
[host] capture error: invalid capture state: duplication not started
[host] capture error: invalid capture state: duplication not started
[host] capture error: invalid capture state: duplication not started
[host] capture error: invalid capture state: duplication not started
[host] capture error: invalid capture state: duplication not started
[host] capture error: invalid capture state: duplication not started
[host] capture error: invalid capture state: duplication not started
[host] capture error: invalid capture state: duplication not started
[host] capture error: invalid capture state: duplication not started
[host] capture error: invalid capture state: duplication not started
[host] capture error: invalid capture state: duplication not started
[host] capture error: invalid capture state: duplication not started
[host] capture error: invalid capture state: duplication not started
[host] capture error: invalid capture state: duplication not started
[host] capture error: invalid capture state: duplication not started
[host] capture error: invalid capture state: duplication not started
[host] capture error: invalid capture state: duplication not started
[host] capture error: invalid capture state: duplication not started
[rig-host] loop alive, host=Connected
[host] capture error: invalid capture state: duplication not started
[host] capture error: invalid capture state: duplication not started
[host] capture error: invalid capture state: duplication not started
[host] capture error: invalid capture state: duplication not started
[host] capture error: invalid capture state: duplication not started
[host] capture error: invalid capture state: duplication not started
[host] capture error: invalid capture state: duplication not started
[host] capture error: invalid capture state: duplication not started
[host] capture error: invalid capture state: duplication not started
[host] capture error: invalid capture state: duplication not started
[host] capture error: invalid capture state: duplication not started
[host] capture error: invalid capture state: duplication not started
[host] capture error: invalid capture state: duplication not started
[host] capture error: invalid capture state: duplication not started
[host] capture error: invalid capture state: duplication not started
[host] capture error: invalid capture state: duplication not started
[host] capture error: invalid capture state: duplication not started
[host] capture error: invalid capture state: duplication not started
[host] capture error: invalid capture state: duplication not started
[host] capture error: invalid capture state: duplication not started
[rig-host] loop alive, host=Connected
[host] capture error: invalid capture state: duplication not started
[host] capture error: invalid capture state: duplication not started
[host] capture error: invalid capture state: duplication not started
[host] capture error: invalid capture state: duplication not started
[host] capture error: invalid capture state: duplication not started
[host] capture error: invalid capture state: duplication not started
[host] capture error: invalid capture state: duplication not started
[host] capture error: invalid capture state: duplication not started
[host] capture error: invalid capture state: duplication not started
[host] capture error: invalid capture state: duplication not started
[host] capture error: invalid capture state: duplication not started
[host] capture error: invalid capture state: duplication not started
[host] capture error: invalid capture state: duplication not started
[host] capture error: invalid capture state: duplication not started
[host] capture error: invalid capture state: duplication not started
[host] capture error: invalid capture state: duplication not started
[host] capture error: invalid capture state: duplication not started
[host] capture error: invalid capture state: duplication not started
[host] capture error: invalid capture state: duplication not started
[host] capture error: invalid capture state: duplication not started
[rig-host] loop alive, host=Connected
[host] capture error: invalid capture state: duplication not started
[host] capture error: invalid capture state: duplication not started
[host] capture error: invalid capture state: duplication not started
[host] capture error: invalid capture state: duplication not started
[host] capture error: invalid capture state: duplication not started
[host] capture error: invalid capture state: duplication not started
[host] capture error: invalid capture state: duplication not started
[host] capture error: invalid capture state: duplication not started
[host] capture error: invalid capture state: duplication not started
[host] capture error: invalid capture state: duplication not started
[host] capture error: invalid capture state: duplication not started
[host] capture error: invalid capture state: duplication not started
[host] capture error: invalid capture state: duplication not started
[host] capture error: invalid capture state: duplication not started
[host] capture error: invalid capture state: duplication not started
[host] capture error: invalid capture state: duplication not started
[host] capture error: invalid capture state: duplication not started
[host] capture error: invalid capture state: duplication not started
[host] capture error: invalid capture state: duplication not started
[host] capture error: invalid capture state: duplication not started
[rig-host] loop alive, host=Connected
[host] capture error: invalid capture state: duplication not started
[host] capture error: invalid capture state: duplication not started
[host] capture error: invalid capture state: duplication not started
[host] capture error: invalid capture state: duplication not started
[host] capture error: invalid capture state: duplication not started
[host] capture error: invalid capture state: duplication not started
[host] capture error: invalid capture state: duplication not started
[host] capture error: invalid capture state: duplication not started
[host] capture error: invalid capture state: duplication not started
[host] capture error: invalid capture state: duplication not started
[host] capture error: invalid capture state: duplication not started
[host] capture error: invalid capture state: duplication not started
[host] capture error: invalid capture state: duplication not started
[host] capture error: invalid capture state: duplication not started
[host] capture error: invalid capture state: duplication not started
[host] capture error: invalid capture state: duplication not started
[host] capture error: invalid capture state: duplication not started
[host] capture error: invalid capture state: duplication not started
[host] capture error: invalid capture state: duplication not started
[host] capture error: invalid capture state: duplication not started
[rig-host] loop alive, host=Connected
[host] capture error: invalid capture state: duplication not started
[host] capture error: invalid capture state: duplication not started
[host] capture error: invalid capture state: duplication not started
[host] capture error: invalid capture state: duplication not started
[host] capture error: invalid capture state: duplication not started
[host] capture error: invalid capture state: duplication not started
[host] capture error: invalid capture state: duplication not started
[host] capture error: invalid capture state: duplication not started
[host] capture error: invalid capture state: duplication not started
[host] capture error: invalid capture state: duplication not started
[host] capture error: invalid capture state: duplication not started
[host] capture error: invalid capture state: duplication not started
[host] capture error: invalid capture state: duplication not started
[host] capture error: invalid capture state: duplication not started
[host] capture error: invalid capture state: duplication not started
[host] capture error: invalid capture state: duplication not started
[host] capture error: invalid capture state: duplication not started
[host] capture error: invalid capture state: duplication not started
[host] capture error: invalid capture state: duplication not started
[host] capture error: invalid capture state: duplication not started
[host] capture error: invalid capture state: duplication not started
[rig-host] loop alive, host=Connected
[host] capture error: invalid capture state: duplication not started
[host] capture error: invalid capture state: duplication not started
[host] capture error: invalid capture state: duplication not started
[host] capture error: invalid capture state: duplication not started
[host] capture error: invalid capture state: duplication not started
[host] capture error: invalid capture state: duplication not started
[host] capture error: invalid capture state: duplication not started
[host] capture error: invalid capture state: duplication not started
[host] capture error: invalid capture state: duplication not started
[host] capture error: invalid capture state: duplication not started
[host] capture error: invalid capture state: duplication not started
[host] capture error: invalid capture state: duplication not started
[host] capture error: invalid capture state: duplication not started
[host] capture error: invalid capture state: duplication not started
[host] capture error: invalid capture state: duplication not started
[host] capture error: invalid capture state: duplication not started
[host] capture error: invalid capture state: duplication not started
[host] capture error: invalid capture state: duplication not started
[host] capture error: invalid capture state: duplication not started
[rig-host] loop alive, host=Connected
[host] capture error: invalid capture state: duplication not started
[host] capture error: invalid capture state: duplication not started
[host] capture error: invalid capture state: duplication not started
[host] capture error: invalid capture state: duplication not started
[host] capture error: invalid capture state: duplication not started
[host] capture error: invalid capture state: duplication not started
[host] capture error: invalid capture state: duplication not started
[host] capture error: invalid capture state: duplication not started
[host] capture error: invalid capture state: duplication not started
[host] capture error: invalid capture state: duplication not started
[host] capture error: invalid capture state: duplication not started
[host] capture error: invalid capture state: duplication not started
[host] capture error: invalid capture state: duplication not started
[host] capture error: invalid capture state: duplication not started
[host] capture error: invalid capture state: duplication not started
[host] capture error: invalid capture state: duplication not started
[host] capture error: invalid capture state: duplication not started
[host] capture error: invalid capture state: duplication not started
[host] capture error: invalid capture state: duplication not started
[host] capture error: invalid capture state: duplication not started
[rig-host] loop alive, host=Connected
[host] capture error: invalid capture state: duplication not started
[host] capture error: invalid capture state: duplication not started
[host] capture error: invalid capture state: duplication not started
[host] capture error: invalid capture state: duplication not started
[host] capture error: invalid capture state: duplication not started
[host] capture error: invalid capture state: duplication not started
[host] capture error: invalid capture state: duplication not started
[host] capture error: invalid capture state: duplication not started
[host] capture error: invalid capture state: duplication not started
[host] capture error: invalid capture state: duplication not started
[host] capture error: invalid capture state: duplication not started
[host] capture error: invalid capture state: duplication not started
[host] capture error: invalid capture state: duplication not started
[host] capture error: invalid capture state: duplication not started
[host] capture error: invalid capture state: duplication not started
[host] capture error: invalid capture state: duplication not started
[host] capture error: invalid capture state: duplication not started
[host] capture error: invalid capture state: duplication not started
[host] capture error: invalid capture state: duplication not started
[host] capture error: invalid capture state: duplication not started
[rig-host] loop alive, host=Connected
[host] capture error: invalid capture state: duplication not started
[host] capture error: invalid capture state: duplication not started
[host] capture error: invalid capture state: duplication not started
[host] capture error: invalid capture state: duplication not started
[host] capture error: invalid capture state: duplication not started
[host] capture error: invalid capture state: duplication not started
[host] capture error: invalid capture state: duplication not started
[host] capture error: invalid capture state: duplication not started
[host] capture error: invalid capture state: duplication not started
[host] capture error: invalid capture state: duplication not started
[host] capture error: invalid capture state: duplication not started
[host] capture error: invalid capture state: duplication not started
[host] capture error: invalid capture state: duplication not started
[host] capture error: invalid capture state: duplication not started
[host] capture error: invalid capture state: duplication not started
[host] capture error: invalid capture state: duplication not started
[host] capture error: invalid capture state: duplication not started
[host] capture error: invalid capture state: duplication not started
[host] capture error: invalid capture state: duplication not started
[host] capture error: invalid capture state: duplication not started
[rig-host] loop alive, host=Connected
[host] capture error: invalid capture state: duplication not started
[host] capture error: invalid capture state: duplication not started
[host] capture error: invalid capture state: duplication not started
[host] capture error: invalid capture state: duplication not started
[host] capture error: invalid capture state: duplication not started
[host] capture error: invalid capture state: duplication not started
[host] capture error: invalid capture state: duplication not started
[host] capture error: invalid capture state: duplication not started
[host] capture error: invalid capture state: duplication not started
[host] capture error: invalid capture state: duplication not started
[host] capture error: invalid capture state: duplication not started
[host] capture error: invalid capture state: duplication not started
[host] capture error: invalid capture state: duplication not started
[host] capture error: invalid capture state: duplication not started
[host] capture error: invalid capture state: duplication not started
[host] capture error: invalid capture state: duplication not started
[host] capture error: invalid capture state: duplication not started
[host] capture error: invalid capture state: duplication not started
[host] capture error: invalid capture state: duplication not started
[host] capture error: invalid capture state: duplication not started
[rig-host] loop alive, host=Connected
[host] capture error: invalid capture state: duplication not started
[host] capture error: invalid capture state: duplication not started
[host] capture error: invalid capture state: duplication not started
[host] capture error: invalid capture state: duplication not started
[host] capture error: invalid capture state: duplication not started
[host] capture error: invalid capture state: duplication not started
[host] capture error: invalid capture state: duplication not started
[host] capture error: invalid capture state: duplication not started
[host] capture error: invalid capture state: duplication not started
[host] capture error: invalid capture state: duplication not started
[host] capture error: invalid capture state: duplication not started
[host] capture error: invalid capture state: duplication not started
[host] capture error: invalid capture state: duplication not started
[host] capture error: invalid capture state: duplication not started
[host] capture error: invalid capture state: duplication not started
[host] capture error: invalid capture state: duplication not started
[host] capture error: invalid capture state: duplication not started
[host] capture error: invalid capture state: duplication not started
[host] capture error: invalid capture state: duplication not started
[host] capture error: invalid capture state: duplication not started
[rig-host] loop alive, host=Connected
[host] capture error: invalid capture state: duplication not started
[host] capture error: invalid capture state: duplication not started
[host] capture error: invalid capture state: duplication not started
[host] capture error: invalid capture state: duplication not started
[host] capture error: invalid capture state: duplication not started
[host] capture error: invalid capture state: duplication not started
[host] capture error: invalid capture state: duplication not started
[host] capture error: invalid capture state: duplication not started
[host] capture error: invalid capture state: duplication not started
[host] capture error: invalid capture state: duplication not started
[host] capture error: invalid capture state: duplication not started
[host] capture error: invalid capture state: duplication not started
[host] capture error: invalid capture state: duplication not started
[host] capture error: invalid capture state: duplication not started
[host] capture error: invalid capture state: duplication not started
[host] capture error: invalid capture state: duplication not started
[host] capture error: invalid capture state: duplication not started
[host] capture error: invalid capture state: duplication not started
[host] capture error: invalid capture state: duplication not started
[host] capture error: invalid capture state: duplication not started
[host] capture error: invalid capture state: duplication not started
[rig-host] loop alive, host=Connected
[host] capture error: invalid capture state: duplication not started
[host] capture error: invalid capture state: duplication not started
[host] capture error: invalid capture state: duplication not started
[host] capture error: invalid capture state: duplication not started
[host] capture error: invalid capture state: duplication not started
[host] capture error: invalid capture state: duplication not started
[host] capture error: invalid capture state: duplication not started
[host] capture error: invalid capture state: duplication not started
[host] capture error: invalid capture state: duplication not started
[host] capture error: invalid capture state: duplication not started
[host] capture error: invalid capture state: duplication not started
[host] capture error: invalid capture state: duplication not started
[host] capture error: invalid capture state: duplication not started
[host] capture error: invalid capture state: duplication not started
[host] capture error: invalid capture state: duplication not started
[host] capture error: invalid capture state: duplication not started
[host] capture error: invalid capture state: duplication not started
[host] capture error: invalid capture state: duplication not started
[host] capture error: invalid capture state: duplication not started
[rig-host] loop alive, host=Connected
[host] capture error: invalid capture state: duplication not started
[host] capture error: invalid capture state: duplication not started
[host] capture error: invalid capture state: duplication not started
[host] capture error: invalid capture state: duplication not started
[host] capture error: invalid capture state: duplication not started
[host] capture error: invalid capture state: duplication not started
[host] capture error: invalid capture state: duplication not started
[host] capture error: invalid capture state: duplication not started
[host] capture error: invalid capture state: duplication not started
[host] capture error: invalid capture state: duplication not started
[host] capture error: invalid capture state: duplication not started
[host] capture error: invalid capture state: duplication not started
[host] capture error: invalid capture state: duplication not started
[host] capture error: invalid capture state: duplication not started
[host] capture error: invalid capture state: duplication not started
[host] capture error: invalid capture state: duplication not started
[host] capture error: invalid capture state: duplication not started
[host] capture error: invalid capture state: duplication not started
[host] capture error: invalid capture state: duplication not started
[host] capture error: invalid capture state: duplication not started
[rig-host] loop alive, host=Connected
[host] capture error: invalid capture state: duplication not started
[host] capture error: invalid capture state: duplication not started
[host] capture error: invalid capture state: duplication not started
[host] capture error: invalid capture state: duplication not started
[host] capture error: invalid capture state: duplication not started
[host] capture error: invalid capture state: duplication not started
[host] capture error: invalid capture state: duplication not started
[host] capture error: invalid capture state: duplication not started
[host] capture error: invalid capture state: duplication not started
[host] capture error: invalid capture state: duplication not started
[host] capture error: invalid capture state: duplication not started
[host] capture error: invalid capture state: duplication not started
[host] capture error: invalid capture state: duplication not started
[host] capture error: invalid capture state: duplication not started
[host] capture error: invalid capture state: duplication not started
[host] capture error: invalid capture state: duplication not started
[host] capture error: invalid capture state: duplication not started
[host] capture error: invalid capture state: duplication not started
[host] capture error: invalid capture state: duplication not started
[host] capture error: invalid capture state: duplication not started
[rig-host] loop alive, host=Connected
[host] capture error: invalid capture state: duplication not started
[host] capture error: invalid capture state: duplication not started
[host] capture error: invalid capture state: duplication not started
[host] capture error: invalid capture state: duplication not started
[host] capture error: invalid capture state: duplication not started
[host] capture error: invalid capture state: duplication not started
[host] capture error: invalid capture state: duplication not started
[host] capture error: invalid capture state: duplication not started
[host] capture error: invalid capture state: duplication not started
[host] capture error: invalid capture state: duplication not started
[host] capture error: invalid capture state: duplication not started
[host] capture error: invalid capture state: duplication not started
[host] capture error: invalid capture state: duplication not started
[host] capture error: invalid capture state: duplication not started
[host] capture error: invalid capture state: duplication not started
[host] capture error: invalid capture state: duplication not started
[host] capture error: invalid capture state: duplication not started
[host] capture error: invalid capture state: duplication not started
[host] capture error: invalid capture state: duplication not started
[host] capture error: invalid capture state: duplication not started
[rig-host] loop alive, host=Connected
[host] capture error: invalid capture state: duplication not started
[host] capture error: invalid capture state: duplication not started
[host] capture error: invalid capture state: duplication not started
[host] capture error: invalid capture state: duplication not started
[host] capture error: invalid capture state: duplication not started
[host] capture error: invalid capture state: duplication not started
[host] capture error: invalid capture state: duplication not started
[host] capture error: invalid capture state: duplication not started
[host] capture error: invalid capture state: duplication not started
[host] capture error: invalid capture state: duplication not started
[host] capture error: invalid capture state: duplication not started
[host] capture error: invalid capture state: duplication not started
[host] capture error: invalid capture state: duplication not started
[host] capture error: invalid capture state: duplication not started
[host] capture error: invalid capture state: duplication not started
[host] capture error: invalid capture state: duplication not started
[host] capture error: invalid capture state: duplication not started
[host] capture error: invalid capture state: duplication not started
[host] capture error: invalid capture state: duplication not started
[host] capture error: invalid capture state: duplication not started
[rig-host] loop alive, host=Connected
[host] capture error: invalid capture state: duplication not started
[host] capture error: invalid capture state: duplication not started
[host] capture error: invalid capture state: duplication not started
[host] capture error: invalid capture state: duplication not started
[host] capture error: invalid capture state: duplication not started
[host] capture error: invalid capture state: duplication not started
[host] capture error: invalid capture state: duplication not started
[host] capture error: invalid capture state: duplication not started
[host] capture error: invalid capture state: duplication not started
[host] capture error: invalid capture state: duplication not started
[host] capture error: invalid capture state: duplication not started
[host] capture error: invalid capture state: duplication not started
[host] capture error: invalid capture state: duplication not started
[host] capture error: invalid capture state: duplication not started
[host] capture error: invalid capture state: duplication not started
[host] capture error: invalid capture state: duplication not started
[host] capture error: invalid capture state: duplication not started
[host] capture error: invalid capture state: duplication not started
[host] capture error: invalid capture state: duplication not started
[host] capture error: invalid capture state: duplication not started
[rig-host] loop alive, host=Connected
[host] capture error: invalid capture state: duplication not started
[host] capture error: invalid capture state: duplication not started
[host] capture error: invalid capture state: duplication not started
[host] capture error: invalid capture state: duplication not started
[host] capture error: invalid capture state: duplication not started
[host] capture error: invalid capture state: duplication not started
[host] capture error: invalid capture state: duplication not started
[host] capture error: invalid capture state: duplication not started
[host] capture error: invalid capture state: duplication not started
[host] capture error: invalid capture state: duplication not started
[host] capture error: invalid capture state: duplication not started
[host] capture error: invalid capture state: duplication not started
[host] capture error: invalid capture state: duplication not started
[host] capture error: invalid capture state: duplication not started
[host] capture error: invalid capture state: duplication not started
[host] capture error: invalid capture state: duplication not started
[host] capture error: invalid capture state: duplication not started
[host] capture error: invalid capture state: duplication not started
[host] capture error: invalid capture state: duplication not started
[host] capture error: invalid capture state: duplication not started
[rig-host] loop alive, host=Connected
[host] capture error: invalid capture state: duplication not started
[host] capture error: invalid capture state: duplication not started
[host] capture error: invalid capture state: duplication not started
[host] capture error: invalid capture state: duplication not started
[host] capture error: invalid capture state: duplication not started
[host] capture error: invalid capture state: duplication not started
[host] capture error: invalid capture state: duplication not started
[host] capture error: invalid capture state: duplication not started
[host] capture error: invalid capture state: duplication not started
[host] capture error: invalid capture state: duplication not started
[host] capture error: invalid capture state: duplication not started
[host] capture error: invalid capture state: duplication not started
[host] capture error: invalid capture state: duplication not started
[host] capture error: invalid capture state: duplication not started
[host] capture error: invalid capture state: duplication not started
[host] capture error: invalid capture state: duplication not started
[host] capture error: invalid capture state: duplication not started
[host] capture error: invalid capture state: duplication not started
[host] capture error: invalid capture state: duplication not started
[host] capture error: invalid capture state: duplication not started
[rig-host] loop alive, host=Connected
[host] capture error: invalid capture state: duplication not started
[host] capture error: invalid capture state: duplication not started
[host] capture error: invalid capture state: duplication not started
[host] capture error: invalid capture state: duplication not started
[host] capture error: invalid capture state: duplication not started
[host] capture error: invalid capture state: duplication not started
[host] capture error: invalid capture state: duplication not started
[host] capture error: invalid capture state: duplication not started
[host] capture error: invalid capture state: duplication not started
[host] capture error: invalid capture state: duplication not started
[host] capture error: invalid capture state: duplication not started
[host] capture error: invalid capture state: duplication not started
[host] capture error: invalid capture state: duplication not started
[host] capture error: invalid capture state: duplication not started
[host] capture error: invalid capture state: duplication not started
[host] capture error: invalid capture state: duplication not started
[host] capture error: invalid capture state: duplication not started
[host] capture error: invalid capture state: duplication not started
[host] capture error: invalid capture state: duplication not started
[host] capture error: invalid capture state: duplication not started
[rig-host] loop alive, host=Connected
[host] capture error: invalid capture state: duplication not started
[host] capture error: invalid capture state: duplication not started
[host] capture error: invalid capture state: duplication not started
[host] capture error: invalid capture state: duplication not started
[host] capture error: invalid capture state: duplication not started
[host] capture error: invalid capture state: duplication not started
[host] capture error: invalid capture state: duplication not started
[host] capture error: invalid capture state: duplication not started
[host] capture error: invalid capture state: duplication not started
[host] capture error: invalid capture state: duplication not started
[host] capture error: invalid capture state: duplication not started
[host] capture error: invalid capture state: duplication not started
[host] capture error: invalid capture state: duplication not started
[host] capture error: invalid capture state: duplication not started
[host] capture error: invalid capture state: duplication not started
[host] capture error: invalid capture state: duplication not started
[host] capture error: invalid capture state: duplication not started
[host] capture error: invalid capture state: duplication not started
[host] capture error: invalid capture state: duplication not started
[host] capture error: invalid capture state: duplication not started
[rig-host] loop alive, host=Connected
[host] capture error: invalid capture state: duplication not started
[host] capture error: invalid capture state: duplication not started
[host] capture error: invalid capture state: duplication not started
[host] capture error: invalid capture state: duplication not started
[host] capture error: invalid capture state: duplication not started
[host] capture error: invalid capture state: duplication not started
[host] capture error: invalid capture state: duplication not started
[host] capture error: invalid capture state: duplication not started
[host] capture error: invalid capture state: duplication not started
[host] capture error: invalid capture state: duplication not started
[host] capture error: invalid capture state: duplication not started
[host] capture error: invalid capture state: duplication not started
[host] capture error: invalid capture state: duplication not started
[host] capture error: invalid capture state: duplication not started
[host] capture error: invalid capture state: duplication not started
[host] capture error: invalid capture state: duplication not started
[host] capture error: invalid capture state: duplication not started
[host] capture error: invalid capture state: duplication not started
[host] capture error: invalid capture state: duplication not started
[host] capture error: invalid capture state: duplication not started
[rig-host] loop alive, host=Connected
[host] capture error: invalid capture state: duplication not started
[host] capture error: invalid capture state: duplication not started
[host] capture error: invalid capture state: duplication not started
[host] capture error: invalid capture state: duplication not started
[host] capture error: invalid capture state: duplication not started
[host] capture error: invalid capture state: duplication not started
[host] capture error: invalid capture state: duplication not started
[host] capture error: invalid capture state: duplication not started
[host] capture error: invalid capture state: duplication not started
[host] capture error: invalid capture state: duplication not started
[host] capture error: invalid capture state: duplication not started
[host] capture error: invalid capture state: duplication not started
[host] capture error: invalid capture state: duplication not started
[host] capture error: invalid capture state: duplication not started
[host] capture error: invalid capture state: duplication not started
[host] capture error: invalid capture state: duplication not started
[host] capture error: invalid capture state: duplication not started
[host] capture error: invalid capture state: duplication not started
[host] capture error: invalid capture state: duplication not started
[host] capture error: invalid capture state: duplication not started
[rig-host] loop alive, host=Connected
[host] capture error: invalid capture state: duplication not started
[host] capture error: invalid capture state: duplication not started
[host] capture error: invalid capture state: duplication not started
[host] capture error: invalid capture state: duplication not started
[host] capture error: invalid capture state: duplication not started
[host] capture error: invalid capture state: duplication not started
[host] capture error: invalid capture state: duplication not started
[host] capture error: invalid capture state: duplication not started
[host] capture error: invalid capture state: duplication not started
[host] capture error: invalid capture state: duplication not started
[host] capture error: invalid capture state: duplication not started
[host] capture error: invalid capture state: duplication not started
[host] capture error: invalid capture state: duplication not started
[host] capture error: invalid capture state: duplication not started
[host] capture error: invalid capture state: duplication not started
[host] capture error: invalid capture state: duplication not started
[host] capture error: invalid capture state: duplication not started
[host] capture error: invalid capture state: duplication not started
[host] capture error: invalid capture state: duplication not started
[host] capture error: invalid capture state: duplication not started
[rig-host] loop alive, host=Connected
[host] capture error: invalid capture state: duplication not started
[host] capture error: invalid capture state: duplication not started
[host] capture error: invalid capture state: duplication not started
[host] capture error: invalid capture state: duplication not started
[host] capture error: invalid capture state: duplication not started
[host] capture error: invalid capture state: duplication not started
[host] capture error: invalid capture state: duplication not started
[host] capture error: invalid capture state: duplication not started
[host] capture error: invalid capture state: duplication not started
[host] capture error: invalid capture state: duplication not started
[host] capture error: invalid capture state: duplication not started
[host] capture error: invalid capture state: duplication not started
[host] capture error: invalid capture state: duplication not started
[host] capture error: invalid capture state: duplication not started
[host] capture error: invalid capture state: duplication not started
[host] capture error: invalid capture state: duplication not started
[host] capture error: invalid capture state: duplication not started
[host] capture error: invalid capture state: duplication not started
[host] capture error: invalid capture state: duplication not started
[host] capture error: invalid capture state: duplication not started
[rig-host] loop alive, host=Connected
[host] capture error: invalid capture state: duplication not started
[host] capture error: invalid capture state: duplication not started
[host] capture error: invalid capture state: duplication not started
[host] capture error: invalid capture state: duplication not started
[host] capture error: invalid capture state: duplication not started
[host] capture error: invalid capture state: duplication not started
[host] capture error: invalid capture state: duplication not started
[host] capture error: invalid capture state: duplication not started
[host] capture error: invalid capture state: duplication not started
[host] capture error: invalid capture state: duplication not started
[host] capture error: invalid capture state: duplication not started
[host] capture error: invalid capture state: duplication not started
[host] capture error: invalid capture state: duplication not started
[host] capture error: invalid capture state: duplication not started
[host] capture error: invalid capture state: duplication not started
[host] capture error: invalid capture state: duplication not started
[host] capture error: invalid capture state: duplication not started
[host] capture error: invalid capture state: duplication not started
[host] capture error: invalid capture state: duplication not started
[host] capture error: invalid capture state: duplication not started
[rig-host] loop alive, host=Connected
[host] capture error: invalid capture state: duplication not started
[host] capture error: invalid capture state: duplication not started
[host] capture error: invalid capture state: duplication not started
[host] capture error: invalid capture state: duplication not started
[host] capture error: invalid capture state: duplication not started
[host] capture error: invalid capture state: duplication not started
[host] capture error: invalid capture state: duplication not started
[host] capture error: invalid capture state: duplication not started
[host] capture error: invalid capture state: duplication not started
[host] capture error: invalid capture state: duplication not started
[host] capture error: invalid capture state: duplication not started
[host] capture error: invalid capture state: duplication not started
[host] capture error: invalid capture state: duplication not started
[host] capture error: invalid capture state: duplication not started
[host] capture error: invalid capture state: duplication not started
[host] capture error: invalid capture state: duplication not started
[host] capture error: invalid capture state: duplication not started
[host] capture error: invalid capture state: duplication not started
[host] capture error: invalid capture state: duplication not started
[host] capture error: invalid capture state: duplication not started
[rig-host] loop alive, host=Connected
[host] capture error: invalid capture state: duplication not started
[host] capture error: invalid capture state: duplication not started
[host] capture error: invalid capture state: duplication not started
[host] capture error: invalid capture state: duplication not started
[host] capture error: invalid capture state: duplication not started
[host] capture error: invalid capture state: duplication not started
[host] capture error: invalid capture state: duplication not started
[host] capture error: invalid capture state: duplication not started
[host] capture error: invalid capture state: duplication not started
[host] capture error: invalid capture state: duplication not started
[host] capture error: invalid capture state: duplication not started
[host] capture error: invalid capture state: duplication not started
[host] capture error: invalid capture state: duplication not started
[host] capture error: invalid capture state: duplication not started
[host] capture error: invalid capture state: duplication not started
[host] capture error: invalid capture state: duplication not started
[host] capture error: invalid capture state: duplication not started
[host] capture error: invalid capture state: duplication not started
[host] capture error: invalid capture state: duplication not started
[host] capture error: invalid capture state: duplication not started
[rig-host] loop alive, host=Connected
[host] capture error: invalid capture state: duplication not started
[host] capture error: invalid capture state: duplication not started
[host] capture error: invalid capture state: duplication not started
[host] capture error: invalid capture state: duplication not started
[host] capture error: invalid capture state: duplication not started
[host] capture error: invalid capture state: duplication not started
[host] capture error: invalid capture state: duplication not started
[host] capture error: invalid capture state: duplication not started
[host] capture error: invalid capture state: duplication not started
[host] capture error: invalid capture state: duplication not started
[host] capture error: invalid capture state: duplication not started
[host] capture error: invalid capture state: duplication not started
[host] capture error: invalid capture state: duplication not started
[host] capture error: invalid capture state: duplication not started
[host] capture error: invalid capture state: duplication not started
[host] capture error: invalid capture state: duplication not started
[host] capture error: invalid capture state: duplication not started
[host] capture error: invalid capture state: duplication not started
[host] capture error: invalid capture state: duplication not started
[host] capture error: invalid capture state: duplication not started
[rig-host] loop alive, host=Connected
[host] capture error: invalid capture state: duplication not started
[host] capture error: invalid capture state: duplication not started
[host] capture error: invalid capture state: duplication not started
[host] capture error: invalid capture state: duplication not started
[host] capture error: invalid capture state: duplication not started
[host] capture error: invalid capture state: duplication not started
[host] capture error: invalid capture state: duplication not started
[host] capture error: invalid capture state: duplication not started
[host] capture error: invalid capture state: duplication not started
[host] capture error: invalid capture state: duplication not started
[host] capture error: invalid capture state: duplication not started
[host] capture error: invalid capture state: duplication not started
[host] capture error: invalid capture state: duplication not started
[host] capture error: invalid capture state: duplication not started
[host] capture error: invalid capture state: duplication not started
[host] capture error: invalid capture state: duplication not started
[host] capture error: invalid capture state: duplication not started
[host] capture error: invalid capture state: duplication not started
[host] capture error: invalid capture state: duplication not started
[host] capture error: invalid capture state: duplication not started
[rig-host] loop alive, host=Connected
[host] capture error: invalid capture state: duplication not started
[host] capture error: invalid capture state: duplication not started
[host] capture error: invalid capture state: duplication not started
[host] capture error: invalid capture state: duplication not started
[host] capture error: invalid capture state: duplication not started
[host] capture error: invalid capture state: duplication not started
[host] capture error: invalid capture state: duplication not started
[host] capture error: invalid capture state: duplication not started
[host] capture error: invalid capture state: duplication not started
[host] capture error: invalid capture state: duplication not started
[host] capture error: invalid capture state: duplication not started
[host] capture error: invalid capture state: duplication not started
[host] capture error: invalid capture state: duplication not started
[host] capture error: invalid capture state: duplication not started
[host] capture error: invalid capture state: duplication not started
[host] capture error: invalid capture state: duplication not started
[host] capture error: invalid capture state: duplication not started
[host] capture error: invalid capture state: duplication not started
[host] capture error: invalid capture state: duplication not started
[host] capture error: invalid capture state: duplication not started
[rig-host] loop alive, host=Connected
[host] capture error: invalid capture state: duplication not started
[host] capture error: invalid capture state: duplication not started
[host] capture error: invalid capture state: duplication not started
[host] capture error: invalid capture state: duplication not started
[host] capture error: invalid capture state: duplication not started
[host] capture error: invalid capture state: duplication not started
[host] capture error: invalid capture state: duplication not started
[host] capture error: invalid capture state: duplication not started
[host] capture error: invalid capture state: duplication not started
[host] capture error: invalid capture state: duplication not started
[host] capture error: invalid capture state: duplication not started
[host] capture error: invalid capture state: duplication not started
[host] capture error: invalid capture state: duplication not started
[host] capture error: invalid capture state: duplication not started
[host] capture error: invalid capture state: duplication not started
[host] capture error: invalid capture state: duplication not started
[host] capture error: invalid capture state: duplication not started
[host] capture error: invalid capture state: duplication not started
[host] capture error: invalid capture state: duplication not started
[host] capture error: invalid capture state: duplication not started
[rig-host] loop alive, host=Connected
[host] capture error: invalid capture state: duplication not started
[host] capture error: invalid capture state: duplication not started
[host] capture error: invalid capture state: duplication not started
[host] capture error: invalid capture state: duplication not started
[host] capture error: invalid capture state: duplication not started
[host] capture error: invalid capture state: duplication not started
[host] capture error: invalid capture state: duplication not started
[host] capture error: invalid capture state: duplication not started
[host] capture error: invalid capture state: duplication not started
[host] capture error: invalid capture state: duplication not started
[host] capture error: invalid capture state: duplication not started
[host] capture error: invalid capture state: duplication not started
[host] capture error: invalid capture state: duplication not started
[host] capture error: invalid capture state: duplication not started
[host] capture error: invalid capture state: duplication not started
[host] capture error: invalid capture state: duplication not started
[host] capture error: invalid capture state: duplication not started
[host] capture error: invalid capture state: duplication not started
[host] capture error: invalid capture state: duplication not started
[host] capture error: invalid capture state: duplication not started
[rig-host] loop alive, host=Connected
[host] capture error: invalid capture state: duplication not started
[host] capture error: invalid capture state: duplication not started
[host] capture error: invalid capture state: duplication not started
[host] capture error: invalid capture state: duplication not started
[host] capture error: invalid capture state: duplication not started
[host] capture error: invalid capture state: duplication not started
[host] capture error: invalid capture state: duplication not started
[host] capture error: invalid capture state: duplication not started
[host] capture error: invalid capture state: duplication not started
[host] capture error: invalid capture state: duplication not started
[host] capture error: invalid capture state: duplication not started
[host] capture error: invalid capture state: duplication not started
[host] capture error: invalid capture state: duplication not started
[host] capture error: invalid capture state: duplication not started
[host] capture error: invalid capture state: duplication not started
[host] capture error: invalid capture state: duplication not started
[host] capture error: invalid capture state: duplication not started
[host] capture error: invalid capture state: duplication not started
[host] capture error: invalid capture state: duplication not started
[host] capture error: invalid capture state: duplication not started
[rig-host] loop alive, host=Connected
[host] capture error: invalid capture state: duplication not started
[host] capture error: invalid capture state: duplication not started
[host] capture error: invalid capture state: duplication not started
[host] capture error: invalid capture state: duplication not started
[host] capture error: invalid capture state: duplication not started
[host] capture error: invalid capture state: duplication not started
[host] capture error: invalid capture state: duplication not started
[host] capture error: invalid capture state: duplication not started
[host] capture error: invalid capture state: duplication not started
[host] capture error: invalid capture state: duplication not started
[host] capture error: invalid capture state: duplication not started
[host] capture error: invalid capture state: duplication not started
[host] capture error: invalid capture state: duplication not started
[host] capture error: invalid capture state: duplication not started
[host] capture error: invalid capture state: duplication not started
[host] capture error: invalid capture state: duplication not started
[host] capture error: invalid capture state: duplication not started
[host] capture error: invalid capture state: duplication not started
[host] capture error: invalid capture state: duplication not started
[host] capture error: invalid capture state: duplication not started
[rig-host] loop alive, host=Connected
[host] capture error: invalid capture state: duplication not started
[host] capture error: invalid capture state: duplication not started
[host] capture error: invalid capture state: duplication not started
[host] capture error: invalid capture state: duplication not started
[host] capture error: invalid capture state: duplication not started
[host] capture error: invalid capture state: duplication not started
[host] capture error: invalid capture state: duplication not started
[host] capture error: invalid capture state: duplication not started
[host] capture error: invalid capture state: duplication not started
[host] capture error: invalid capture state: duplication not started
[host] capture error: invalid capture state: duplication not started
[host] capture error: invalid capture state: duplication not started
[host] capture error: invalid capture state: duplication not started
[host] capture error: invalid capture state: duplication not started
[host] capture error: invalid capture state: duplication not started
[host] capture error: invalid capture state: duplication not started
[host] capture error: invalid capture state: duplication not started
[host] capture error: invalid capture state: duplication not started
[host] capture error: invalid capture state: duplication not started
[host] capture error: invalid capture state: duplication not started
[host] capture error: invalid capture state: duplication not started
[rig-host] loop alive, host=Connected
[host] capture error: invalid capture state: duplication not started
[host] capture error: invalid capture state: duplication not started
[host] capture error: invalid capture state: duplication not started
[host] capture error: invalid capture state: duplication not started
[host] capture error: invalid capture state: duplication not started
[host] capture error: invalid capture state: duplication not started
[host] capture error: invalid capture state: duplication not started
[host] capture error: invalid capture state: duplication not started
[host] capture error: invalid capture state: duplication not started
[host] capture error: invalid capture state: duplication not started
[host] capture error: invalid capture state: duplication not started
[host] capture error: invalid capture state: duplication not started
[host] capture error: invalid capture state: duplication not started
[host] capture error: invalid capture state: duplication not started
[host] capture error: invalid capture state: duplication not started
[host] capture error: invalid capture state: duplication not started
[host] capture error: invalid capture state: duplication not started
[host] capture error: invalid capture state: duplication not started
[host] capture error: invalid capture state: duplication not started
[rig-host] loop alive, host=Connected
[host] capture error: invalid capture state: duplication not started
[host] capture error: invalid capture state: duplication not started
[host] capture error: invalid capture state: duplication not started
[host] capture error: invalid capture state: duplication not started
[host] capture error: invalid capture state: duplication not started
[host] capture error: invalid capture state: duplication not started
[host] capture error: invalid capture state: duplication not started
[host] capture error: invalid capture state: duplication not started
[host] capture error: invalid capture state: duplication not started
[host] capture error: invalid capture state: duplication not started
[host] capture error: invalid capture state: duplication not started
[host] capture error: invalid capture state: duplication not started
[host] capture error: invalid capture state: duplication not started
[host] capture error: invalid capture state: duplication not started
[host] capture error: invalid capture state: duplication not started
[host] capture error: invalid capture state: duplication not started
[host] capture error: invalid capture state: duplication not started
[host] capture error: invalid capture state: duplication not started
[host] capture error: invalid capture state: duplication not started
[host] capture error: invalid capture state: duplication not started
[rig-host] loop alive, host=Connected
[host] capture error: invalid capture state: duplication not started
[host] capture error: invalid capture state: duplication not started
[host] capture error: invalid capture state: duplication not started
[host] capture error: invalid capture state: duplication not started
[host] capture error: invalid capture state: duplication not started
[host] capture error: invalid capture state: duplication not started
[host] capture error: invalid capture state: duplication not started
[host] capture error: invalid capture state: duplication not started
[host] capture error: invalid capture state: duplication not started
[host] capture error: invalid capture state: duplication not started
[host] capture error: invalid capture state: duplication not started
[host] capture error: invalid capture state: duplication not started
[host] capture error: invalid capture state: duplication not started
[host] capture error: invalid capture state: duplication not started
[host] capture error: invalid capture state: duplication not started
[host] capture error: invalid capture state: duplication not started
[host] capture error: invalid capture state: duplication not started
[host] capture error: invalid capture state: duplication not started
[host] capture error: invalid capture state: duplication not started
[host] capture error: invalid capture state: duplication not started
[rig-host] loop alive, host=Connected
[host] capture error: invalid capture state: duplication not started
[host] capture error: invalid capture state: duplication not started
[host] capture error: invalid capture state: duplication not started
[host] capture error: invalid capture state: duplication not started
[host] capture error: invalid capture state: duplication not started
[host] capture error: invalid capture state: duplication not started
[host] capture error: invalid capture state: duplication not started
[host] capture error: invalid capture state: duplication not started
[host] capture error: invalid capture state: duplication not started
[host] capture error: invalid capture state: duplication not started
[host] capture error: invalid capture state: duplication not started
[host] capture error: invalid capture state: duplication not started
[host] capture error: invalid capture state: duplication not started
[host] capture error: invalid capture state: duplication not started
[host] capture error: invalid capture state: duplication not started
[host] capture error: invalid capture state: duplication not started
[host] capture error: invalid capture state: duplication not started
[host] capture error: invalid capture state: duplication not started
[host] capture error: invalid capture state: duplication not started
[host] capture error: invalid capture state: duplication not started
[host] capture error: invalid capture state: duplication not started
[rig-host] loop alive, host=Connected
[host] capture error: invalid capture state: duplication not started
[host] capture error: invalid capture state: duplication not started
[host] capture error: invalid capture state: duplication not started
[host] capture error: invalid capture state: duplication not started
[host] capture error: invalid capture state: duplication not started
[host] capture error: invalid capture state: duplication not started
[host] capture error: invalid capture state: duplication not started
[host] capture error: invalid capture state: duplication not started
[host] capture error: invalid capture state: duplication not started
[host] capture error: invalid capture state: duplication not started
[host] capture error: invalid capture state: duplication not started
[host] capture error: invalid capture state: duplication not started
[host] capture error: invalid capture state: duplication not started
[host] capture error: invalid capture state: duplication not started
[host] capture error: invalid capture state: duplication not started
[host] capture error: invalid capture state: duplication not started
[host] capture error: invalid capture state: duplication not started
[host] capture error: invalid capture state: duplication not started
[host] capture error: invalid capture state: duplication not started
[host] capture error: invalid capture state: duplication not started
[rig-host] loop alive, host=Connected
[host] capture error: invalid capture state: duplication not started
[host] capture error: invalid capture state: duplication not started
[host] capture error: invalid capture state: duplication not started
[host] capture error: invalid capture state: duplication not started
[host] capture error: invalid capture state: duplication not started
[host] capture error: invalid capture state: duplication not started
[host] capture error: invalid capture state: duplication not started
[host] capture error: invalid capture state: duplication not started
[host] capture error: invalid capture state: duplication not started
[host] capture error: invalid capture state: duplication not started
[host] capture error: invalid capture state: duplication not started
[host] capture error: invalid capture state: duplication not started
[host] capture error: invalid capture state: duplication not started
[host] capture error: invalid capture state: duplication not started
[host] capture error: invalid capture state: duplication not started
[host] capture error: invalid capture state: duplication not started
[host] capture error: invalid capture state: duplication not started
[host] capture error: invalid capture state: duplication not started
[host] capture error: invalid capture state: duplication not started
[host] capture error: invalid capture state: duplication not started
[rig-host] loop alive, host=Connected
[host] capture error: invalid capture state: duplication not started
[host] capture error: invalid capture state: duplication not started
[host] capture error: invalid capture state: duplication not started
[host] capture error: invalid capture state: duplication not started
[host] capture error: invalid capture state: duplication not started
[host] capture error: invalid capture state: duplication not started
[host] capture error: invalid capture state: duplication not started
[host] capture error: invalid capture state: duplication not started
[host] capture error: invalid capture state: duplication not started
[host] capture error: invalid capture state: duplication not started
[host] capture error: invalid capture state: duplication not started
[host] capture error: invalid capture state: duplication not started
[host] capture error: invalid capture state: duplication not started
[host] capture error: invalid capture state: duplication not started
[host] capture error: invalid capture state: duplication not started
[host] capture error: invalid capture state: duplication not started
[host] capture error: invalid capture state: duplication not started
[host] capture error: invalid capture state: duplication not started
[host] capture error: invalid capture state: duplication not started
[rig-host] loop alive, host=Connected
[host] capture error: invalid capture state: duplication not started
[host] capture error: invalid capture state: duplication not started
[host] capture error: invalid capture state: duplication not started
[host] capture error: invalid capture state: duplication not started
[host] capture error: invalid capture state: duplication not started
[host] capture error: invalid capture state: duplication not started
[host] capture error: invalid capture state: duplication not started
[host] capture error: invalid capture state: duplication not started
[host] capture error: invalid capture state: duplication not started
[host] capture error: invalid capture state: duplication not started
[host] capture error: invalid capture state: duplication not started
[host] capture error: invalid capture state: duplication not started
[host] capture error: invalid capture state: duplication not started
[host] capture error: invalid capture state: duplication not started
[host] capture error: invalid capture state: duplication not started
[host] capture error: invalid capture state: duplication not started
[host] capture error: invalid capture state: duplication not started
[host] capture error: invalid capture state: duplication not started
[host] capture error: invalid capture state: duplication not started
[host] capture error: invalid capture state: duplication not started
[rig-host] loop alive, host=Connected
[host] capture error: invalid capture state: duplication not started
[host] capture error: invalid capture state: duplication not started
[host] capture error: invalid capture state: duplication not started
[host] capture error: invalid capture state: duplication not started
[host] capture error: invalid capture state: duplication not started
[host] capture error: invalid capture state: duplication not started
[host] capture error: invalid capture state: duplication not started
[host] capture error: invalid capture state: duplication not started
[host] capture error: invalid capture state: duplication not started
[host] capture error: invalid capture state: duplication not started
[host] capture error: invalid capture state: duplication not started
[host] capture error: invalid capture state: duplication not started
[host] capture error: invalid capture state: duplication not started
[host] capture error: invalid capture state: duplication not started
[host] capture error: invalid capture state: duplication not started
[host] capture error: invalid capture state: duplication not started
[host] capture error: invalid capture state: duplication not started
[host] capture error: invalid capture state: duplication not started
[host] capture error: invalid capture state: duplication not started
[host] capture error: invalid capture state: duplication not started
[rig-host] loop alive, host=Connected
[host] capture error: invalid capture state: duplication not started
[host] capture error: invalid capture state: duplication not started
[host] capture error: invalid capture state: duplication not started
[host] capture error: invalid capture state: duplication not started
[host] capture error: invalid capture state: duplication not started
[host] capture error: invalid capture state: duplication not started
[host] capture error: invalid capture state: duplication not started
[host] capture error: invalid capture state: duplication not started
[host] capture error: invalid capture state: duplication not started
[host] capture error: invalid capture state: duplication not started
[host] capture error: invalid capture state: duplication not started
[host] capture error: invalid capture state: duplication not started
[host] capture error: invalid capture state: duplication not started
[host] capture error: invalid capture state: duplication not started
[host] capture error: invalid capture state: duplication not started
[host] capture error: invalid capture state: duplication not started
[host] capture error: invalid capture state: duplication not started
[host] capture error: invalid capture state: duplication not started
[host] capture error: invalid capture state: duplication not started
[host] capture error: invalid capture state: duplication not started
[rig-host] loop alive, host=Connected
[host] capture error: invalid capture state: duplication not started
[host] capture error: invalid capture state: duplication not started
[host] capture error: invalid capture state: duplication not started
[host] capture error: invalid capture state: duplication not started
[host] capture error: invalid capture state: duplication not started
[host] capture error: invalid capture state: duplication not started
[host] capture error: invalid capture state: duplication not started
[host] capture error: invalid capture state: duplication not started
[host] capture error: invalid capture state: duplication not started
[host] capture error: invalid capture state: duplication not started
[host] capture error: invalid capture state: duplication not started
[host] capture error: invalid capture state: duplication not started
[host] capture error: invalid capture state: duplication not started
[host] capture error: invalid capture state: duplication not started
[host] capture error: invalid capture state: duplication not started
[host] capture error: invalid capture state: duplication not started
[host] capture error: invalid capture state: duplication not started
[host] capture error: invalid capture state: duplication not started
[host] capture error: invalid capture state: duplication not started
[host] capture error: invalid capture state: duplication not started
[rig-host] loop alive, host=Connected
[host] capture error: invalid capture state: duplication not started
[host] capture error: invalid capture state: duplication not started
[host] capture error: invalid capture state: duplication not started
[host] capture error: invalid capture state: duplication not started
[host] capture error: invalid capture state: duplication not started
[host] capture error: invalid capture state: duplication not started
[host] capture error: invalid capture state: duplication not started
[host] capture error: invalid capture state: duplication not started
[host] capture error: invalid capture state: duplication not started
[host] capture error: invalid capture state: duplication not started
[host] capture error: invalid capture state: duplication not started
[host] capture error: invalid capture state: duplication not started
[host] capture error: invalid capture state: duplication not started
[host] capture error: invalid capture state: duplication not started
[host] capture error: invalid capture state: duplication not started
[host] capture error: invalid capture state: duplication not started
[host] capture error: invalid capture state: duplication not started
[host] capture error: invalid capture state: duplication not started
[host] capture error: invalid capture state: duplication not started
[host] capture error: invalid capture state: duplication not started
[rig-host] loop alive, host=Connected
[host] capture error: invalid capture state: duplication not started
[host] capture error: invalid capture state: duplication not started
[host] capture error: invalid capture state: duplication not started
[host] capture error: invalid capture state: duplication not started
[host] capture error: invalid capture state: duplication not started
[host] capture error: invalid capture state: duplication not started
[host] capture error: invalid capture state: duplication not started
[host] capture error: invalid capture state: duplication not started
[host] capture error: invalid capture state: duplication not started
[host] capture error: invalid capture state: duplication not started
[host] capture error: invalid capture state: duplication not started
[host] capture error: invalid capture state: duplication not started
[host] capture error: invalid capture state: duplication not started
[host] capture error: invalid capture state: duplication not started
[host] capture error: invalid capture state: duplication not started
[host] capture error: invalid capture state: duplication not started
[host] capture error: invalid capture state: duplication not started
[host] capture error: invalid capture state: duplication not started
[host] capture error: invalid capture state: duplication not started
[host] capture error: invalid capture state: duplication not started
[rig-host] loop alive, host=Connected
[host] capture error: invalid capture state: duplication not started
[host] capture error: invalid capture state: duplication not started
[host] capture error: invalid capture state: duplication not started
[host] capture error: invalid capture state: duplication not started
[host] capture error: invalid capture state: duplication not started
[host] capture error: invalid capture state: duplication not started
[host] capture error: invalid capture state: duplication not started
[host] capture error: invalid capture state: duplication not started
[host] capture error: invalid capture state: duplication not started
[host] capture error: invalid capture state: duplication not started
[host] capture error: invalid capture state: duplication not started
[host] capture error: invalid capture state: duplication not started
[host] capture error: invalid capture state: duplication not started
[host] capture error: invalid capture state: duplication not started
[host] capture error: invalid capture state: duplication not started
[host] capture error: invalid capture state: duplication not started
[host] capture error: invalid capture state: duplication not started
[host] capture error: invalid capture state: duplication not started
[host] capture error: invalid capture state: duplication not started
[host] capture error: invalid capture state: duplication not started
[rig-host] loop alive, host=Connected
[host] capture error: invalid capture state: duplication not started
[host] capture error: invalid capture state: duplication not started
[host] capture error: invalid capture state: duplication not started
[host] capture error: invalid capture state: duplication not started
[host] capture error: invalid capture state: duplication not started
[host] capture error: invalid capture state: duplication not started
[host] capture error: invalid capture state: duplication not started
[host] capture error: invalid capture state: duplication not started
[host] capture error: invalid capture state: duplication not started
[host] capture error: invalid capture state: duplication not started
[host] capture error: invalid capture state: duplication not started
[host] capture error: invalid capture state: duplication not started
[host] capture error: invalid capture state: duplication not started
[host] capture error: invalid capture state: duplication not started
[host] capture error: invalid capture state: duplication not started
[host] capture error: invalid capture state: duplication not started
[host] capture error: invalid capture state: duplication not started
[host] capture error: invalid capture state: duplication not started
[host] capture error: invalid capture state: duplication not started
[host] capture error: invalid capture state: duplication not started
[host] capture error: invalid capture state: duplication not started
[rig-host] loop alive, host=Connected
[host] capture error: invalid capture state: duplication not started
[host] capture error: invalid capture state: duplication not started
[host] capture error: invalid capture state: duplication not started
[host] capture error: invalid capture state: duplication not started
[host] capture error: invalid capture state: duplication not started
[host] capture error: invalid capture state: duplication not started
[host] capture error: invalid capture state: duplication not started
[host] capture error: invalid capture state: duplication not started
[host] capture error: invalid capture state: duplication not started
[host] capture error: invalid capture state: duplication not started
[host] capture error: invalid capture state: duplication not started
[host] capture error: invalid capture state: duplication not started
[host] capture error: invalid capture state: duplication not started
[host] capture error: invalid capture state: duplication not started
[host] capture error: invalid capture state: duplication not started
[host] capture error: invalid capture state: duplication not started
[host] capture error: invalid capture state: duplication not started
[host] capture error: invalid capture state: duplication not started
[host] capture error: invalid capture state: duplication not started
[host] capture error: invalid capture state: duplication not started
[rig-host] loop alive, host=Connected
[host] capture error: invalid capture state: duplication not started
[host] capture error: invalid capture state: duplication not started
[host] capture error: invalid capture state: duplication not started
[host] capture error: invalid capture state: duplication not started
[host] capture error: invalid capture state: duplication not started
[host] capture error: invalid capture state: duplication not started
[host] capture error: invalid capture state: duplication not started
[host] capture error: invalid capture state: duplication not started
[host] capture error: invalid capture state: duplication not started
[host] capture error: invalid capture state: duplication not started
[host] capture error: invalid capture state: duplication not started
[host] capture error: invalid capture state: duplication not started
[host] capture error: invalid capture state: duplication not started
[host] capture error: invalid capture state: duplication not started
[host] capture error: invalid capture state: duplication not started
[host] capture error: invalid capture state: duplication not started
[host] capture error: invalid capture state: duplication not started
[host] capture error: invalid capture state: duplication not started
[host] capture error: invalid capture state: duplication not started
[host] capture error: invalid capture state: duplication not started
[rig-host] loop alive, host=Connected
[host] capture error: invalid capture state: duplication not started
[host] capture error: invalid capture state: duplication not started
[host] capture error: invalid capture state: duplication not started
[host] capture error: invalid capture state: duplication not started
[host] capture error: invalid capture state: duplication not started
[host] capture error: invalid capture state: duplication not started
[host] capture error: invalid capture state: duplication not started
[host] capture error: invalid capture state: duplication not started
[host] capture error: invalid capture state: duplication not started
[host] capture error: invalid capture state: duplication not started
[host] capture error: invalid capture state: duplication not started
[host] capture error: invalid capture state: duplication not started
[host] capture error: invalid capture state: duplication not started
[host] capture error: invalid capture state: duplication not started
[host] capture error: invalid capture state: duplication not started
[host] capture error: invalid capture state: duplication not started
[host] capture error: invalid capture state: duplication not started
[host] capture error: invalid capture state: duplication not started
[host] capture error: invalid capture state: duplication not started
[host] capture error: invalid capture state: duplication not started
[rig-host] loop alive, host=Connected
[host] capture error: invalid capture state: duplication not started
[host] capture error: invalid capture state: duplication not started
[host] capture error: invalid capture state: duplication not started
[host] capture error: invalid capture state: duplication not started
[host] capture error: invalid capture state: duplication not started
[host] capture error: invalid capture state: duplication not started
[host] capture error: invalid capture state: duplication not started
[host] capture error: invalid capture state: duplication not started
[host] capture error: invalid capture state: duplication not started
[host] capture error: invalid capture state: duplication not started
[host] capture error: invalid capture state: duplication not started
[host] capture error: invalid capture state: duplication not started
[host] capture error: invalid capture state: duplication not started
[host] capture error: invalid capture state: duplication not started
[host] capture error: invalid capture state: duplication not started
[host] capture error: invalid capture state: duplication not started
[host] capture error: invalid capture state: duplication not started
[host] capture error: invalid capture state: duplication not started
[host] capture error: invalid capture state: duplication not started
[host] capture error: invalid capture state: duplication not started
[rig-host] loop alive, host=Connected
[host] capture error: invalid capture state: duplication not started
[host] capture error: invalid capture state: duplication not started
[host] capture error: invalid capture state: duplication not started
[host] capture error: invalid capture state: duplication not started
[host] capture error: invalid capture state: duplication not started
[host] capture error: invalid capture state: duplication not started
[host] capture error: invalid capture state: duplication not started
[host] capture error: invalid capture state: duplication not started
[host] capture error: invalid capture state: duplication not started
[host] capture error: invalid capture state: duplication not started
[host] capture error: invalid capture state: duplication not started
[host] capture error: invalid capture state: duplication not started
[host] capture error: invalid capture state: duplication not started
[host] capture error: invalid capture state: duplication not started
[host] capture error: invalid capture state: duplication not started
[host] capture error: invalid capture state: duplication not started
[host] capture error: invalid capture state: duplication not started
[host] capture error: invalid capture state: duplication not started
[host] capture error: invalid capture state: duplication not started
[rig-host] loop alive, host=Connected
[host] capture error: invalid capture state: duplication not started
[host] capture error: invalid capture state: duplication not started
[host] capture error: invalid capture state: duplication not started
[host] capture error: invalid capture state: duplication not started
[host] capture error: invalid capture state: duplication not started
[host] capture error: invalid capture state: duplication not started
[host] capture error: invalid capture state: duplication not started
[host] capture error: invalid capture state: duplication not started
[host] capture error: invalid capture state: duplication not started
[host] capture error: invalid capture state: duplication not started
[host] capture error: invalid capture state: duplication not started
[host] capture error: invalid capture state: duplication not started
[host] capture error: invalid capture state: duplication not started
[host] capture error: invalid capture state: duplication not started
[host] capture error: invalid capture state: duplication not started
[host] capture error: invalid capture state: duplication not started
[host] capture error: invalid capture state: duplication not started
[host] capture error: invalid capture state: duplication not started
[host] capture error: invalid capture state: duplication not started
[host] capture error: invalid capture state: duplication not started
[rig-host] loop alive, host=Connected
[host] capture error: invalid capture state: duplication not started
[host] capture error: invalid capture state: duplication not started
[host] capture error: invalid capture state: duplication not started
[host] capture error: invalid capture state: duplication not started
[host] capture error: invalid capture state: duplication not started
[host] capture error: invalid capture state: duplication not started
[host] capture error: invalid capture state: duplication not started
[host] capture error: invalid capture state: duplication not started
[host] capture error: invalid capture state: duplication not started
[host] capture error: invalid capture state: duplication not started
[host] capture error: invalid capture state: duplication not started
[host] capture error: invalid capture state: duplication not started
[host] capture error: invalid capture state: duplication not started
[host] capture error: invalid capture state: duplication not started
[host] capture error: invalid capture state: duplication not started
[host] capture error: invalid capture state: duplication not started
[host] capture error: invalid capture state: duplication not started
[host] capture error: invalid capture state: duplication not started
[host] capture error: invalid capture state: duplication not started
[host] capture error: invalid capture state: duplication not started
[rig-host] loop alive, host=Connected
[host] capture error: invalid capture state: duplication not started
[host] capture error: invalid capture state: duplication not started
[host] capture error: invalid capture state: duplication not started
[host] capture error: invalid capture state: duplication not started
[host] capture error: invalid capture state: duplication not started
[host] capture error: invalid capture state: duplication not started
[host] capture error: invalid capture state: duplication not started
[host] capture error: invalid capture state: duplication not started
[host] capture error: invalid capture state: duplication not started
[host] capture error: invalid capture state: duplication not started
[host] capture error: invalid capture state: duplication not started
[host] capture error: invalid capture state: duplication not started
[host] capture error: invalid capture state: duplication not started
[host] capture error: invalid capture state: duplication not started
[host] capture error: invalid capture state: duplication not started
[host] capture error: invalid capture state: duplication not started
[host] capture error: invalid capture state: duplication not started
[host] capture error: invalid capture state: duplication not started
[host] capture error: invalid capture state: duplication not started
[host] capture error: invalid capture state: duplication not started
[rig-host] loop alive, host=Connected
[host] capture error: invalid capture state: duplication not started
[host] capture error: invalid capture state: duplication not started
[host] capture error: invalid capture state: duplication not started
[host] capture error: invalid capture state: duplication not started
[host] capture error: invalid capture state: duplication not started
[host] capture error: invalid capture state: duplication not started
[host] capture error: invalid capture state: duplication not started
[host] capture error: invalid capture state: duplication not started
[host] capture error: invalid capture state: duplication not started
[host] capture error: invalid capture state: duplication not started
[host] capture error: invalid capture state: duplication not started
[host] capture error: invalid capture state: duplication not started
[host] capture error: invalid capture state: duplication not started
[host] capture error: invalid capture state: duplication not started
[host] capture error: invalid capture state: duplication not started
[host] capture error: invalid capture state: duplication not started
[host] capture error: invalid capture state: duplication not started
[host] capture error: invalid capture state: duplication not started
[host] capture error: invalid capture state: duplication not started
[host] capture error: invalid capture state: duplication not started
[rig-host] loop alive, host=Connected
[host] capture error: invalid capture state: duplication not started
[host] capture error: invalid capture state: duplication not started
[host] capture error: invalid capture state: duplication not started
[host] capture error: invalid capture state: duplication not started
[host] capture error: invalid capture state: duplication not started
[host] capture error: invalid capture state: duplication not started
[host] capture error: invalid capture state: duplication not started
[host] capture error: invalid capture state: duplication not started
[host] capture error: invalid capture state: duplication not started
[host] capture error: invalid capture state: duplication not started
[host] capture error: invalid capture state: duplication not started
[host] capture error: invalid capture state: duplication not started
[host] capture error: invalid capture state: duplication not started
[host] capture error: invalid capture state: duplication not started
[host] capture error: invalid capture state: duplication not started
[host] capture error: invalid capture state: duplication not started
[host] capture error: invalid capture state: duplication not started
[host] capture error: invalid capture state: duplication not started
[host] capture error: invalid capture state: duplication not started
[host] capture error: invalid capture state: duplication not started
[host] capture error: invalid capture state: duplication not started
[rig-host] loop alive, host=Connected
[host] capture error: invalid capture state: duplication not started
[host] capture error: invalid capture state: duplication not started
[host] capture error: invalid capture state: duplication not started
[host] capture error: invalid capture state: duplication not started
[host] capture error: invalid capture state: duplication not started
[host] capture error: invalid capture state: duplication not started
[host] capture error: invalid capture state: duplication not started
[host] capture error: invalid capture state: duplication not started
[host] capture error: invalid capture state: duplication not started
[host] capture error: invalid capture state: duplication not started
[host] capture error: invalid capture state: duplication not started
[host] capture error: invalid capture state: duplication not started
[host] capture error: invalid capture state: duplication not started
[host] capture error: invalid capture state: duplication not started
[host] capture error: invalid capture state: duplication not started
[host] capture error: invalid capture state: duplication not started
[host] capture error: invalid capture state: duplication not started
[host] capture error: invalid capture state: duplication not started
[host] capture error: invalid capture state: duplication not started
[host] capture error: invalid capture state: duplication not started
[rig-host] loop alive, host=Connected
[host] capture error: invalid capture state: duplication not started
[host] capture error: invalid capture state: duplication not started
[host] capture error: invalid capture state: duplication not started
[host] capture error: invalid capture state: duplication not started
[host] capture error: invalid capture state: duplication not started
[host] capture error: invalid capture state: duplication not started
[host] capture error: invalid capture state: duplication not started
[host] capture error: invalid capture state: duplication not started
[host] capture error: invalid capture state: duplication not started
[host] capture error: invalid capture state: duplication not started
[host] capture error: invalid capture state: duplication not started
[host] capture error: invalid capture state: duplication not started
[host] capture error: invalid capture state: duplication not started
[host] capture error: invalid capture state: duplication not started
[host] capture error: invalid capture state: duplication not started
[host] capture error: invalid capture state: duplication not started
[host] capture error: invalid capture state: duplication not started
[host] capture error: invalid capture state: duplication not started
[host] capture error: invalid capture state: duplication not started
[host] capture error: invalid capture state: duplication not started
[rig-host] loop alive, host=Connected
[host] capture error: invalid capture state: duplication not started
[host] capture error: invalid capture state: duplication not started
[host] capture error: invalid capture state: duplication not started
[host] capture error: invalid capture state: duplication not started
[host] capture error: invalid capture state: duplication not started
[host] capture error: invalid capture state: duplication not started
[host] capture error: invalid capture state: duplication not started
[host] capture error: invalid capture state: duplication not started
[host] capture error: invalid capture state: duplication not started
[host] capture error: invalid capture state: duplication not started
[host] capture error: invalid capture state: duplication not started
[host] capture error: invalid capture state: duplication not started
[host] capture error: invalid capture state: duplication not started
[host] capture error: invalid capture state: duplication not started
[host] capture error: invalid capture state: duplication not started
[host] capture error: invalid capture state: duplication not started
[host] capture error: invalid capture state: duplication not started
[host] capture error: invalid capture state: duplication not started
[host] capture error: invalid capture state: duplication not started
[rig-host] loop alive, host=Connected
[host] capture error: invalid capture state: duplication not started
[host] capture error: invalid capture state: duplication not started
[host] capture error: invalid capture state: duplication not started
[host] capture error: invalid capture state: duplication not started
[host] capture error: invalid capture state: duplication not started
[host] capture error: invalid capture state: duplication not started
[host] capture error: invalid capture state: duplication not started
[host] capture error: invalid capture state: duplication not started
[host] capture error: invalid capture state: duplication not started
[host] capture error: invalid capture state: duplication not started
[host] capture error: invalid capture state: duplication not started
[host] capture error: invalid capture state: duplication not started
[host] capture error: invalid capture state: duplication not started
[host] capture error: invalid capture state: duplication not started
[host] capture error: invalid capture state: duplication not started
[host] capture error: invalid capture state: duplication not started
[host] capture error: invalid capture state: duplication not started
[host] capture error: invalid capture state: duplication not started
[host] capture error: invalid capture state: duplication not started
[host] capture error: invalid capture state: duplication not started
[rig-host] loop alive, host=Connected
[host] capture error: invalid capture state: duplication not started
[host] capture error: invalid capture state: duplication not started
[host] capture error: invalid capture state: duplication not started
[host] capture error: invalid capture state: duplication not started
[host] capture error: invalid capture state: duplication not started
[host] capture error: invalid capture state: duplication not started
[host] capture error: invalid capture state: duplication not started
[host] capture error: invalid capture state: duplication not started
[host] capture error: invalid capture state: duplication not started
[host] capture error: invalid capture state: duplication not started
[host] capture error: invalid capture state: duplication not started
[host] capture error: invalid capture state: duplication not started
[host] capture error: invalid capture state: duplication not started
[host] capture error: invalid capture state: duplication not started
[host] capture error: invalid capture state: duplication not started
[host] capture error: invalid capture state: duplication not started
[host] capture error: invalid capture state: duplication not started
[host] capture error: invalid capture state: duplication not started
[host] capture error: invalid capture state: duplication not started
[host] capture error: invalid capture state: duplication not started
[host] capture error: invalid capture state: duplication not started
[rig-host] loop alive, host=Connected
[host] capture error: invalid capture state: duplication not started
[host] capture error: invalid capture state: duplication not started
[host] capture error: invalid capture state: duplication not started
[host] capture error: invalid capture state: duplication not started
[host] capture error: invalid capture state: duplication not started
[host] capture error: invalid capture state: duplication not started
[host] capture error: invalid capture state: duplication not started
[host] capture error: invalid capture state: duplication not started
[host] capture error: invalid capture state: duplication not started
[host] capture error: invalid capture state: duplication not started
[host] capture error: invalid capture state: duplication not started
[host] capture error: invalid capture state: duplication not started
[host] capture error: invalid capture state: duplication not started
[host] capture error: invalid capture state: duplication not started
[host] capture error: invalid capture state: duplication not started
[host] capture error: invalid capture state: duplication not started
[host] capture error: invalid capture state: duplication not started
[host] capture error: invalid capture state: duplication not started
[host] capture error: invalid capture state: duplication not started
[host] capture error: invalid capture state: duplication not started
[rig-host] loop alive, host=Connected
[host] capture error: invalid capture state: duplication not started
[host] capture error: invalid capture state: duplication not started
[host] capture error: invalid capture state: duplication not started
[host] capture error: invalid capture state: duplication not started
[host] capture error: invalid capture state: duplication not started
[host] capture error: invalid capture state: duplication not started
[host] capture error: invalid capture state: duplication not started
[host] capture error: invalid capture state: duplication not started
[host] capture error: invalid capture state: duplication not started
[host] capture error: invalid capture state: duplication not started
[host] capture error: invalid capture state: duplication not started
[host] capture error: invalid capture state: duplication not started
[host] capture error: invalid capture state: duplication not started
[host] capture error: invalid capture state: duplication not started
[host] capture error: invalid capture state: duplication not started
[host] capture error: invalid capture state: duplication not started
[host] capture error: invalid capture state: duplication not started
[host] capture error: invalid capture state: duplication not started
[host] capture error: invalid capture state: duplication not started
[host] capture error: invalid capture state: duplication not started
[rig-host] loop alive, host=Connected
[host] capture error: invalid capture state: duplication not started
[host] capture error: invalid capture state: duplication not started
[host] capture error: invalid capture state: duplication not started
[host] capture error: invalid capture state: duplication not started
[host] capture error: invalid capture state: duplication not started
[host] capture error: invalid capture state: duplication not started
[host] capture error: invalid capture state: duplication not started
[host] capture error: invalid capture state: duplication not started
[host] capture error: invalid capture state: duplication not started
[host] capture error: invalid capture state: duplication not started
[host] capture error: invalid capture state: duplication not started
[host] capture error: invalid capture state: duplication not started
[host] capture error: invalid capture state: duplication not started
[host] capture error: invalid capture state: duplication not started
[host] capture error: invalid capture state: duplication not started
[host] capture error: invalid capture state: duplication not started
[host] capture error: invalid capture state: duplication not started
[host] capture error: invalid capture state: duplication not started
[host] capture error: invalid capture state: duplication not started
[host] capture error: invalid capture state: duplication not started
[rig-host] loop alive, host=Connected
[host] capture error: invalid capture state: duplication not started
[host] capture error: invalid capture state: duplication not started
[host] capture error: invalid capture state: duplication not started
[host] capture error: invalid capture state: duplication not started
[host] capture error: invalid capture state: duplication not started
[host] capture error: invalid capture state: duplication not started
[host] capture error: invalid capture state: duplication not started
[host] capture error: invalid capture state: duplication not started
[host] capture error: invalid capture state: duplication not started
[host] capture error: invalid capture state: duplication not started
[host] capture error: invalid capture state: duplication not started
[host] capture error: invalid capture state: duplication not started
[host] capture error: invalid capture state: duplication not started
[host] capture error: invalid capture state: duplication not started
[host] capture error: invalid capture state: duplication not started
[host] capture error: invalid capture state: duplication not started
[host] capture error: invalid capture state: duplication not started
[host] capture error: invalid capture state: duplication not started
[host] capture error: invalid capture state: duplication not started
[host] capture error: invalid capture state: duplication not started
[rig-host] loop alive, host=Connected
[host] capture error: invalid capture state: duplication not started
[host] capture error: invalid capture state: duplication not started
[host] capture error: invalid capture state: duplication not started
[host] capture error: invalid capture state: duplication not started
[host] capture error: invalid capture state: duplication not started
[host] capture error: invalid capture state: duplication not started
[host] capture error: invalid capture state: duplication not started
[host] capture error: invalid capture state: duplication not started
[host] capture error: invalid capture state: duplication not started
[host] capture error: invalid capture state: duplication not started
[host] capture error: invalid capture state: duplication not started
[host] capture error: invalid capture state: duplication not started
[host] capture error: invalid capture state: duplication not started
[host] capture error: invalid capture state: duplication not started
[host] capture error: invalid capture state: duplication not started
[host] capture error: invalid capture state: duplication not started
[host] capture error: invalid capture state: duplication not started
[host] capture error: invalid capture state: duplication not started
[host] capture error: invalid capture state: duplication not started
[host] capture error: invalid capture state: duplication not started
[rig-host] loop alive, host=Connected
[host] capture error: invalid capture state: duplication not started
[host] capture error: invalid capture state: duplication not started
[host] capture error: invalid capture state: duplication not started
[host] capture error: invalid capture state: duplication not started
[host] capture error: invalid capture state: duplication not started
[host] capture error: invalid capture state: duplication not started
[host] capture error: invalid capture state: duplication not started
[host] capture error: invalid capture state: duplication not started
[host] capture error: invalid capture state: duplication not started
[host] capture error: invalid capture state: duplication not started
[host] capture error: invalid capture state: duplication not started
[host] capture error: invalid capture state: duplication not started
[host] capture error: invalid capture state: duplication not started
[host] capture error: invalid capture state: duplication not started
[host] capture error: invalid capture state: duplication not started
[host] capture error: invalid capture state: duplication not started
[host] capture error: invalid capture state: duplication not started
[host] capture error: invalid capture state: duplication not started
[host] capture error: invalid capture state: duplication not started
[host] capture error: invalid capture state: duplication not started
[rig-host] loop alive, host=Connected
[host] capture error: invalid capture state: duplication not started
[host] capture error: invalid capture state: duplication not started
[host] capture error: invalid capture state: duplication not started
[host] capture error: invalid capture state: duplication not started
[host] capture error: invalid capture state: duplication not started
[host] capture error: invalid capture state: duplication not started
[host] capture error: invalid capture state: duplication not started
[host] capture error: invalid capture state: duplication not started
[host] capture error: invalid capture state: duplication not started
[host] capture error: invalid capture state: duplication not started
[host] capture error: invalid capture state: duplication not started
[host] capture error: invalid capture state: duplication not started
[host] capture error: invalid capture state: duplication not started
[host] capture error: invalid capture state: duplication not started
[host] capture error: invalid capture state: duplication not started
[host] capture error: invalid capture state: duplication not started
[host] capture error: invalid capture state: duplication not started
[host] capture error: invalid capture state: duplication not started
[host] capture error: invalid capture state: duplication not started
[host] capture error: invalid capture state: duplication not started
[rig-host] loop alive, host=Connected
[host] capture error: invalid capture state: duplication not started
[host] capture error: invalid capture state: duplication not started
[host] capture error: invalid capture state: duplication not started
[host] capture error: invalid capture state: duplication not started
[host] capture error: invalid capture state: duplication not started
[host] capture error: invalid capture state: duplication not started
[host] capture error: invalid capture state: duplication not started
[host] capture error: invalid capture state: duplication not started
[host] capture error: invalid capture state: duplication not started
[host] capture error: invalid capture state: duplication not started
[host] capture error: invalid capture state: duplication not started
[host] capture error: invalid capture state: duplication not started
[host] capture error: invalid capture state: duplication not started
[host] capture error: invalid capture state: duplication not started
[host] capture error: invalid capture state: duplication not started
[host] capture error: invalid capture state: duplication not started
[host] capture error: invalid capture state: duplication not started
[host] capture error: invalid capture state: duplication not started
[host] capture error: invalid capture state: duplication not started
[host] capture error: invalid capture state: duplication not started
[rig-host] loop alive, host=Connected
[host] capture error: invalid capture state: duplication not started
[host] capture error: invalid capture state: duplication not started
[host] capture error: invalid capture state: duplication not started
[host] capture error: invalid capture state: duplication not started
[host] capture error: invalid capture state: duplication not started
[host] capture error: invalid capture state: duplication not started
[host] capture error: invalid capture state: duplication not started
[host] capture error: invalid capture state: duplication not started
[host] capture error: invalid capture state: duplication not started
[host] capture error: invalid capture state: duplication not started
[host] capture error: invalid capture state: duplication not started
[host] capture error: invalid capture state: duplication not started
[host] capture error: invalid capture state: duplication not started
[host] capture error: invalid capture state: duplication not started
[host] capture error: invalid capture state: duplication not started
[host] capture error: invalid capture state: duplication not started
[host] capture error: invalid capture state: duplication not started
[host] capture error: invalid capture state: duplication not started
[host] capture error: invalid capture state: duplication not started
[host] capture error: invalid capture state: duplication not started
[rig-host] loop alive, host=Connected
[host] capture error: invalid capture state: duplication not started
[host] capture error: invalid capture state: duplication not started
[host] capture error: invalid capture state: duplication not started
[host] capture error: invalid capture state: duplication not started
[host] capture error: invalid capture state: duplication not started
[host] capture error: invalid capture state: duplication not started
[host] capture error: invalid capture state: duplication not started
[host] capture error: invalid capture state: duplication not started
[host] capture error: invalid capture state: duplication not started
[host] capture error: invalid capture state: duplication not started
[host] capture error: invalid capture state: duplication not started
[host] capture error: invalid capture state: duplication not started
[host] capture error: invalid capture state: duplication not started
[host] capture error: invalid capture state: duplication not started
[host] capture error: invalid capture state: duplication not started
[host] capture error: invalid capture state: duplication not started
[host] capture error: invalid capture state: duplication not started
[host] capture error: invalid capture state: duplication not started
[host] capture error: invalid capture state: duplication not started
[host] capture error: invalid capture state: duplication not started
[rig-host] loop alive, host=Connected
[host] capture error: invalid capture state: duplication not started
[host] capture error: invalid capture state: duplication not started
[host] capture error: invalid capture state: duplication not started
[host] capture error: invalid capture state: duplication not started
[host] capture error: invalid capture state: duplication not started
[host] capture error: invalid capture state: duplication not started
[host] capture error: invalid capture state: duplication not started
[host] capture error: invalid capture state: duplication not started
[host] capture error: invalid capture state: duplication not started
[host] capture error: invalid capture state: duplication not started
[host] capture error: invalid capture state: duplication not started
[host] capture error: invalid capture state: duplication not started
[host] capture error: invalid capture state: duplication not started
[host] capture error: invalid capture state: duplication not started
[host] capture error: invalid capture state: duplication not started
[host] capture error: invalid capture state: duplication not started
[host] capture error: invalid capture state: duplication not started
[host] capture error: invalid capture state: duplication not started
[host] capture error: invalid capture state: duplication not started
[host] capture error: invalid capture state: duplication not started
[rig-host] loop alive, host=Connected
[host] capture error: invalid capture state: duplication not started
[host] capture error: invalid capture state: duplication not started
[host] capture error: invalid capture state: duplication not started
[host] capture error: invalid capture state: duplication not started
[host] capture error: invalid capture state: duplication not started
[host] capture error: invalid capture state: duplication not started
[host] capture error: invalid capture state: duplication not started
[host] capture error: invalid capture state: duplication not started
[host] capture error: invalid capture state: duplication not started
[host] capture error: invalid capture state: duplication not started
[host] capture error: invalid capture state: duplication not started
[host] capture error: invalid capture state: duplication not started
[host] capture error: invalid capture state: duplication not started
[host] capture error: invalid capture state: duplication not started
[host] capture error: invalid capture state: duplication not started
[host] capture error: invalid capture state: duplication not started
[host] capture error: invalid capture state: duplication not started
[host] capture error: invalid capture state: duplication not started
[host] capture error: invalid capture state: duplication not started
[host] capture error: invalid capture state: duplication not started
[rig-host] loop alive, host=Connected
[host] capture error: invalid capture state: duplication not started
[host] capture error: invalid capture state: duplication not started
[host] capture error: invalid capture state: duplication not started
[host] capture error: invalid capture state: duplication not started
[host] capture error: invalid capture state: duplication not started
[host] capture error: invalid capture state: duplication not started
[host] capture error: invalid capture state: duplication not started
[host] capture error: invalid capture state: duplication not started
[host] capture error: invalid capture state: duplication not started
[host] capture error: invalid capture state: duplication not started
[host] capture error: invalid capture state: duplication not started
[host] capture error: invalid capture state: duplication not started
[host] capture error: invalid capture state: duplication not started
[host] capture error: invalid capture state: duplication not started
[host] capture error: invalid capture state: duplication not started
[host] capture error: invalid capture state: duplication not started
[host] capture error: invalid capture state: duplication not started
[host] capture error: invalid capture state: duplication not started
[host] capture error: invalid capture state: duplication not started
[host] capture error: invalid capture state: duplication not started
[rig-host] loop alive, host=Connected
[host] capture error: invalid capture state: duplication not started
[host] capture error: invalid capture state: duplication not started
[host] capture error: invalid capture state: duplication not started
[host] capture error: invalid capture state: duplication not started
[host] capture error: invalid capture state: duplication not started
[host] capture error: invalid capture state: duplication not started
[host] capture error: invalid capture state: duplication not started
[host] capture error: invalid capture state: duplication not started
[host] capture error: invalid capture state: duplication not started
[host] capture error: invalid capture state: duplication not started
[host] capture error: invalid capture state: duplication not started
[host] capture error: invalid capture state: duplication not started
[host] capture error: invalid capture state: duplication not started
[host] capture error: invalid capture state: duplication not started
[host] capture error: invalid capture state: duplication not started
[host] capture error: invalid capture state: duplication not started
[host] capture error: invalid capture state: duplication not started
[host] capture error: invalid capture state: duplication not started
[host] capture error: invalid capture state: duplication not started
[host] capture error: invalid capture state: duplication not started
[rig-host] loop alive, host=Connected
[host] capture error: invalid capture state: duplication not started
[host] capture error: invalid capture state: duplication not started
[host] capture error: invalid capture state: duplication not started
[host] capture error: invalid capture state: duplication not started
[host] capture error: invalid capture state: duplication not started
[host] capture error: invalid capture state: duplication not started
[host] capture error: invalid capture state: duplication not started
[host] capture error: invalid capture state: duplication not started
[host] capture error: invalid capture state: duplication not started
[host] capture error: invalid capture state: duplication not started
[host] capture error: invalid capture state: duplication not started
[host] capture error: invalid capture state: duplication not started
[host] capture error: invalid capture state: duplication not started
[host] capture error: invalid capture state: duplication not started
[host] capture error: invalid capture state: duplication not started
[host] capture error: invalid capture state: duplication not started
[host] capture error: invalid capture state: duplication not started
[host] capture error: invalid capture state: duplication not started
[host] capture error: invalid capture state: duplication not started
[host] capture error: invalid capture state: duplication not started
[rig-host] loop alive, host=Connected
[host] capture error: invalid capture state: duplication not started
[host] capture error: invalid capture state: duplication not started
[host] capture error: invalid capture state: duplication not started
[host] capture error: invalid capture state: duplication not started
[host] capture error: invalid capture state: duplication not started
[host] capture error: invalid capture state: duplication not started
[host] capture error: invalid capture state: duplication not started
[host] capture error: invalid capture state: duplication not started
[host] capture error: invalid capture state: duplication not started
[host] capture error: invalid capture state: duplication not started
[host] capture error: invalid capture state: duplication not started
[host] capture error: invalid capture state: duplication not started
[host] capture error: invalid capture state: duplication not started
[host] capture error: invalid capture state: duplication not started
[host] capture error: invalid capture state: duplication not started
[host] capture error: invalid capture state: duplication not started
[host] capture error: invalid capture state: duplication not started
[host] capture error: invalid capture state: duplication not started
[host] capture error: invalid capture state: duplication not started
[host] capture error: invalid capture state: duplication not started
[rig-host] loop alive, host=Connected
[host] capture error: invalid capture state: duplication not started
[host] capture error: invalid capture state: duplication not started
[host] capture error: invalid capture state: duplication not started
[host] capture error: invalid capture state: duplication not started
[host] capture error: invalid capture state: duplication not started
[host] capture error: invalid capture state: duplication not started
[host] capture error: invalid capture state: duplication not started
[host] capture error: invalid capture state: duplication not started
[host] capture error: invalid capture state: duplication not started
[host] capture error: invalid capture state: duplication not started
[host] capture error: invalid capture state: duplication not started
[host] capture error: invalid capture state: duplication not started
[host] capture error: invalid capture state: duplication not started
[host] capture error: invalid capture state: duplication not started
[host] capture error: invalid capture state: duplication not started
[host] capture error: invalid capture state: duplication not started
[host] capture error: invalid capture state: duplication not started
[host] capture error: invalid capture state: duplication not started
[host] capture error: invalid capture state: duplication not started
[host] capture error: invalid capture state: duplication not started
[rig-host] loop alive, host=Connected
[host] capture error: invalid capture state: duplication not started
[host] capture error: invalid capture state: duplication not started
[host] capture error: invalid capture state: duplication not started
[host] capture error: invalid capture state: duplication not started
[host] capture error: invalid capture state: duplication not started
[host] capture error: invalid capture state: duplication not started
[host] capture error: invalid capture state: duplication not started
[host] capture error: invalid capture state: duplication not started
[host] capture error: invalid capture state: duplication not started
[host] capture error: invalid capture state: duplication not started
[host] capture error: invalid capture state: duplication not started
[host] capture error: invalid capture state: duplication not started
[host] capture error: invalid capture state: duplication not started
[host] capture error: invalid capture state: duplication not started
[host] capture error: invalid capture state: duplication not started
[host] capture error: invalid capture state: duplication not started
[host] capture error: invalid capture state: duplication not started
[host] capture error: invalid capture state: duplication not started
[host] capture error: invalid capture state: duplication not started
[host] capture error: invalid capture state: duplication not started
[rig-host] loop alive, host=Connected
[host] capture error: invalid capture state: duplication not started
[host] capture error: invalid capture state: duplication not started
[host] capture error: invalid capture state: duplication not started
[host] capture error: invalid capture state: duplication not started
[host] capture error: invalid capture state: duplication not started
[host] capture error: invalid capture state: duplication not started
[host] capture error: invalid capture state: duplication not started
[host] capture error: invalid capture state: duplication not started
[host] capture error: invalid capture state: duplication not started
[host] capture error: invalid capture state: duplication not started
[host] capture error: invalid capture state: duplication not started
[host] capture error: invalid capture state: duplication not started
[host] capture error: invalid capture state: duplication not started
[host] capture error: invalid capture state: duplication not started
[host] capture error: invalid capture state: duplication not started
[host] capture error: invalid capture state: duplication not started
[host] capture error: invalid capture state: duplication not started
[host] capture error: invalid capture state: duplication not started
[host] capture error: invalid capture state: duplication not started
[host] capture error: invalid capture state: duplication not started
[rig-host] loop alive, host=Connected
[host] capture error: invalid capture state: duplication not started
[host] capture error: invalid capture state: duplication not started
[host] capture error: invalid capture state: duplication not started
[host] capture error: invalid capture state: duplication not started
[host] capture error: invalid capture state: duplication not started
[host] capture error: invalid capture state: duplication not started
[host] capture error: invalid capture state: duplication not started
[host] capture error: invalid capture state: duplication not started
[host] capture error: invalid capture state: duplication not started
[host] capture error: invalid capture state: duplication not started
[host] capture error: invalid capture state: duplication not started
[host] capture error: invalid capture state: duplication not started
[host] capture error: invalid capture state: duplication not started
[host] capture error: invalid capture state: duplication not started
[host] capture error: invalid capture state: duplication not started
[host] capture error: invalid capture state: duplication not started
[host] capture error: invalid capture state: duplication not started
[host] capture error: invalid capture state: duplication not started
[host] capture error: invalid capture state: duplication not started
[host] capture error: invalid capture state: duplication not started
[rig-host] loop alive, host=Connected
[host] capture error: invalid capture state: duplication not started
[host] capture error: invalid capture state: duplication not started
[host] capture error: invalid capture state: duplication not started
[host] capture error: invalid capture state: duplication not started
[host] capture error: invalid capture state: duplication not started
[host] capture error: invalid capture state: duplication not started
[host] capture error: invalid capture state: duplication not started
[host] capture error: invalid capture state: duplication not started
[host] capture error: invalid capture state: duplication not started
[host] capture error: invalid capture state: duplication not started
[host] capture error: invalid capture state: duplication not started
[host] capture error: invalid capture state: duplication not started
[host] capture error: invalid capture state: duplication not started
[host] capture error: invalid capture state: duplication not started
[host] capture error: invalid capture state: duplication not started
[host] capture error: invalid capture state: duplication not started
[host] capture error: invalid capture state: duplication not started
[host] capture error: invalid capture state: duplication not started
[host] capture error: invalid capture state: duplication not started
[host] capture error: invalid capture state: duplication not started
[rig-host] loop alive, host=Connected
[host] capture error: invalid capture state: duplication not started
[host] capture error: invalid capture state: duplication not started
[host] capture error: invalid capture state: duplication not started
[host] capture error: invalid capture state: duplication not started
[host] capture error: invalid capture state: duplication not started
[host] capture error: invalid capture state: duplication not started
[host] capture error: invalid capture state: duplication not started
[host] capture error: invalid capture state: duplication not started
[host] capture error: invalid capture state: duplication not started
[host] capture error: invalid capture state: duplication not started
[host] capture error: invalid capture state: duplication not started
[host] capture error: invalid capture state: duplication not started
[host] capture error: invalid capture state: duplication not started
[host] capture error: invalid capture state: duplication not started
[host] capture error: invalid capture state: duplication not started
[host] capture error: invalid capture state: duplication not started
[host] capture error: invalid capture state: duplication not started
[host] capture error: invalid capture state: duplication not started
[host] capture error: invalid capture state: duplication not started
[host] capture error: invalid capture state: duplication not started
[rig-host] loop alive, host=Connected
[host] capture error: invalid capture state: duplication not started
[host] capture error: invalid capture state: duplication not started
[host] capture error: invalid capture state: duplication not started
[host] capture error: invalid capture state: duplication not started
[host] capture error: invalid capture state: duplication not started
[host] capture error: invalid capture state: duplication not started
[host] capture error: invalid capture state: duplication not started
[host] capture error: invalid capture state: duplication not started
[host] capture error: invalid capture state: duplication not started
[host] capture error: invalid capture state: duplication not started
[host] capture error: invalid capture state: duplication not started
[host] capture error: invalid capture state: duplication not started
[host] capture error: invalid capture state: duplication not started
[host] capture error: invalid capture state: duplication not started
[host] capture error: invalid capture state: duplication not started
[host] capture error: invalid capture state: duplication not started
[host] capture error: invalid capture state: duplication not started
[host] capture error: invalid capture state: duplication not started
[host] capture error: invalid capture state: duplication not started
[host] capture error: invalid capture state: duplication not started
[rig-host] loop alive, host=Connected
[host] capture error: invalid capture state: duplication not started
[host] capture error: invalid capture state: duplication not started
[host] capture error: invalid capture state: duplication not started
[host] capture error: invalid capture state: duplication not started
[host] capture error: invalid capture state: duplication not started
[host] capture error: invalid capture state: duplication not started
[host] capture error: invalid capture state: duplication not started
[host] capture error: invalid capture state: duplication not started
[host] capture error: invalid capture state: duplication not started
[host] capture error: invalid capture state: duplication not started
[host] capture error: invalid capture state: duplication not started
[host] capture error: invalid capture state: duplication not started
[host] capture error: invalid capture state: duplication not started
[host] capture error: invalid capture state: duplication not started
[host] capture error: invalid capture state: duplication not started
[host] capture error: invalid capture state: duplication not started
[host] capture error: invalid capture state: duplication not started
[host] capture error: invalid capture state: duplication not started
[host] capture error: invalid capture state: duplication not started
[host] capture error: invalid capture state: duplication not started
[rig-host] loop alive, host=Connected
[host] capture error: invalid capture state: duplication not started
[host] capture error: invalid capture state: duplication not started
[host] capture error: invalid capture state: duplication not started
[host] capture error: invalid capture state: duplication not started
[host] capture error: invalid capture state: duplication not started
[host] capture error: invalid capture state: duplication not started
[host] capture error: invalid capture state: duplication not started
[host] capture error: invalid capture state: duplication not started
[host] capture error: invalid capture state: duplication not started
[host] capture error: invalid capture state: duplication not started
[host] capture error: invalid capture state: duplication not started
[host] capture error: invalid capture state: duplication not started
[host] capture error: invalid capture state: duplication not started
[host] capture error: invalid capture state: duplication not started
[host] capture error: invalid capture state: duplication not started
[host] capture error: invalid capture state: duplication not started
[host] capture error: invalid capture state: duplication not started
[host] capture error: invalid capture state: duplication not started
[host] capture error: invalid capture state: duplication not started
[host] capture error: invalid capture state: duplication not started
[rig-host] loop alive, host=Connected
[host] capture error: invalid capture state: duplication not started
[host] capture error: invalid capture state: duplication not started
[host] capture error: invalid capture state: duplication not started
[host] capture error: invalid capture state: duplication not started
[host] capture error: invalid capture state: duplication not started
[host] capture error: invalid capture state: duplication not started
[host] capture error: invalid capture state: duplication not started
[host] capture error: invalid capture state: duplication not started
[host] capture error: invalid capture state: duplication not started
[host] capture error: invalid capture state: duplication not started
[host] capture error: invalid capture state: duplication not started
[host] capture error: invalid capture state: duplication not started
[host] capture error: invalid capture state: duplication not started
[host] capture error: invalid capture state: duplication not started
[host] capture error: invalid capture state: duplication not started
[host] capture error: invalid capture state: duplication not started
[host] capture error: invalid capture state: duplication not started
[host] capture error: invalid capture state: duplication not started
[host] capture error: invalid capture state: duplication not started
[host] capture error: invalid capture state: duplication not started
[rig-host] loop alive, host=Connected
[host] capture error: invalid capture state: duplication not started
[host] capture error: invalid capture state: duplication not started
[host] capture error: invalid capture state: duplication not started
[host] capture error: invalid capture state: duplication not started
[host] capture error: invalid capture state: duplication not started
[host] capture error: invalid capture state: duplication not started
[host] capture error: invalid capture state: duplication not started
[host] capture error: invalid capture state: duplication not started
[host] capture error: invalid capture state: duplication not started
[host] capture error: invalid capture state: duplication not started
[host] capture error: invalid capture state: duplication not started
[host] capture error: invalid capture state: duplication not started
[host] capture error: invalid capture state: duplication not started
[host] capture error: invalid capture state: duplication not started
[host] capture error: invalid capture state: duplication not started
[host] capture error: invalid capture state: duplication not started
[host] capture error: invalid capture state: duplication not started
[host] capture error: invalid capture state: duplication not started
[host] capture error: invalid capture state: duplication not started
[host] capture error: invalid capture state: duplication not started
[rig-host] loop alive, host=Connected
[host] capture error: invalid capture state: duplication not started
[host] capture error: invalid capture state: duplication not started
[host] capture error: invalid capture state: duplication not started
[host] capture error: invalid capture state: duplication not started
[host] capture error: invalid capture state: duplication not started
[host] capture error: invalid capture state: duplication not started
[host] capture error: invalid capture state: duplication not started
[host] capture error: invalid capture state: duplication not started
[host] capture error: invalid capture state: duplication not started
[host] capture error: invalid capture state: duplication not started
[host] capture error: invalid capture state: duplication not started
[host] capture error: invalid capture state: duplication not started
[host] capture error: invalid capture state: duplication not started
[host] capture error: invalid capture state: duplication not started
[host] capture error: invalid capture state: duplication not started
[host] capture error: invalid capture state: duplication not started
[host] capture error: invalid capture state: duplication not started
[host] capture error: invalid capture state: duplication not started
[host] capture error: invalid capture state: duplication not started
[host] capture error: invalid capture state: duplication not started
[rig-host] loop alive, host=Connected
[host] capture error: invalid capture state: duplication not started
[host] capture error: invalid capture state: duplication not started
[host] capture error: invalid capture state: duplication not started
[host] capture error: invalid capture state: duplication not started
[host] capture error: invalid capture state: duplication not started
[host] capture error: invalid capture state: duplication not started
[host] capture error: invalid capture state: duplication not started
[host] capture error: invalid capture state: duplication not started
[host] capture error: invalid capture state: duplication not started
[host] capture error: invalid capture state: duplication not started
[host] capture error: invalid capture state: duplication not started
[host] capture error: invalid capture state: duplication not started
[host] capture error: invalid capture state: duplication not started
[host] capture error: invalid capture state: duplication not started
[host] capture error: invalid capture state: duplication not started
[host] capture error: invalid capture state: duplication not started
[host] capture error: invalid capture state: duplication not started
[host] capture error: invalid capture state: duplication not started
[host] capture error: invalid capture state: duplication not started
[host] capture error: invalid capture state: duplication not started
[rig-host] loop alive, host=Connected
[host] capture error: invalid capture state: duplication not started
[host] capture error: invalid capture state: duplication not started
[host] capture error: invalid capture state: duplication not started
[host] capture error: invalid capture state: duplication not started
[host] capture error: invalid capture state: duplication not started
[host] capture error: invalid capture state: duplication not started
[host] capture error: invalid capture state: duplication not started
[host] capture error: invalid capture state: duplication not started
[host] capture error: invalid capture state: duplication not started
[host] capture error: invalid capture state: duplication not started
[host] capture error: invalid capture state: duplication not started
[host] capture error: invalid capture state: duplication not started
[host] capture error: invalid capture state: duplication not started
[host] capture error: invalid capture state: duplication not started
[host] capture error: invalid capture state: duplication not started
[host] capture error: invalid capture state: duplication not started
[host] capture error: invalid capture state: duplication not started
[host] capture error: invalid capture state: duplication not started
[host] capture error: invalid capture state: duplication not started
[host] capture error: invalid capture state: duplication not started
[rig-host] loop alive, host=Connected
[host] capture error: invalid capture state: duplication not started
[host] capture error: invalid capture state: duplication not started
[host] capture error: invalid capture state: duplication not started
[host] capture error: invalid capture state: duplication not started
[host] capture error: invalid capture state: duplication not started
[host] capture error: invalid capture state: duplication not started
[host] capture error: invalid capture state: duplication not started
[host] capture error: invalid capture state: duplication not started
[host] capture error: invalid capture state: duplication not started
[host] capture error: invalid capture state: duplication not started
[host] capture error: invalid capture state: duplication not started
[host] capture error: invalid capture state: duplication not started
[host] capture error: invalid capture state: duplication not started
[host] capture error: invalid capture state: duplication not started
[host] capture error: invalid capture state: duplication not started
[host] capture error: invalid capture state: duplication not started
[host] capture error: invalid capture state: duplication not started
[host] capture error: invalid capture state: duplication not started
[host] capture error: invalid capture state: duplication not started
[host] capture error: invalid capture state: duplication not started
[rig-host] loop alive, host=Connected
[host] capture error: invalid capture state: duplication not started
[host] capture error: invalid capture state: duplication not started
[host] capture error: invalid capture state: duplication not started
[host] capture error: invalid capture state: duplication not started
[host] capture error: invalid capture state: duplication not started
[host] capture error: invalid capture state: duplication not started
[host] capture error: invalid capture state: duplication not started
[host] capture error: invalid capture state: duplication not started
[host] capture error: invalid capture state: duplication not started
[host] capture error: invalid capture state: duplication not started
[host] capture error: invalid capture state: duplication not started
[host] capture error: invalid capture state: duplication not started
[host] capture error: invalid capture state: duplication not started
[host] capture error: invalid capture state: duplication not started
[host] capture error: invalid capture state: duplication not started
[host] capture error: invalid capture state: duplication not started
[host] capture error: invalid capture state: duplication not started
[host] capture error: invalid capture state: duplication not started
[host] capture error: invalid capture state: duplication not started
[host] capture error: invalid capture state: duplication not started
[rig-host] loop alive, host=Connected
[host] capture error: invalid capture state: duplication not started
[host] capture error: invalid capture state: duplication not started
[host] capture error: invalid capture state: duplication not started
[host] capture error: invalid capture state: duplication not started
[host] capture error: invalid capture state: duplication not started
[host] capture error: invalid capture state: duplication not started
[host] capture error: invalid capture state: duplication not started
[host] capture error: invalid capture state: duplication not started
[host] capture error: invalid capture state: duplication not started
[host] capture error: invalid capture state: duplication not started
[host] capture error: invalid capture state: duplication not started
[host] capture error: invalid capture state: duplication not started
[host] capture error: invalid capture state: duplication not started
[host] capture error: invalid capture state: duplication not started
[host] capture error: invalid capture state: duplication not started
[host] capture error: invalid capture state: duplication not started
[host] capture error: invalid capture state: duplication not started
[host] capture error: invalid capture state: duplication not started
[host] capture error: invalid capture state: duplication not started
[host] capture error: invalid capture state: duplication not started
[rig-host] loop alive, host=Connected
[host] capture error: invalid capture state: duplication not started
[host] capture error: invalid capture state: duplication not started
[host] capture error: invalid capture state: duplication not started
[host] capture error: invalid capture state: duplication not started
[host] capture error: invalid capture state: duplication not started
[host] capture error: invalid capture state: duplication not started
[host] capture error: invalid capture state: duplication not started
[host] capture error: invalid capture state: duplication not started
[host] capture error: invalid capture state: duplication not started
[host] capture error: invalid capture state: duplication not started
[host] capture error: invalid capture state: duplication not started
[host] capture error: invalid capture state: duplication not started
[host] capture error: invalid capture state: duplication not started
[host] capture error: invalid capture state: duplication not started
[host] capture error: invalid capture state: duplication not started
[host] capture error: invalid capture state: duplication not started
[host] capture error: invalid capture state: duplication not started
[host] capture error: invalid capture state: duplication not started
[host] capture error: invalid capture state: duplication not started
[host] capture error: invalid capture state: duplication not started
[rig-host] loop alive, host=Connected
[host] capture error: invalid capture state: duplication not started
[host] capture error: invalid capture state: duplication not started
[host] capture error: invalid capture state: duplication not started
[host] capture error: invalid capture state: duplication not started
[host] capture error: invalid capture state: duplication not started
[host] capture error: invalid capture state: duplication not started
[host] capture error: invalid capture state: duplication not started
[host] capture error: invalid capture state: duplication not started
[host] capture error: invalid capture state: duplication not started
[host] capture error: invalid capture state: duplication not started
[host] capture error: invalid capture state: duplication not started
[host] capture error: invalid capture state: duplication not started
[host] capture error: invalid capture state: duplication not started
[host] capture error: invalid capture state: duplication not started
[host] capture error: invalid capture state: duplication not started
[host] capture error: invalid capture state: duplication not started
[host] capture error: invalid capture state: duplication not started
[host] capture error: invalid capture state: duplication not started
[host] capture error: invalid capture state: duplication not started
[host] capture error: invalid capture state: duplication not started
[rig-host] loop alive, host=Connected
[host] capture error: invalid capture state: duplication not started
[host] capture error: invalid capture state: duplication not started
[host] capture error: invalid capture state: duplication not started
[host] capture error: invalid capture state: duplication not started
[host] capture error: invalid capture state: duplication not started
[host] capture error: invalid capture state: duplication not started
[host] capture error: invalid capture state: duplication not started
[host] capture error: invalid capture state: duplication not started
[host] capture error: invalid capture state: duplication not started
[host] capture error: invalid capture state: duplication not started
[host] capture error: invalid capture state: duplication not started
[host] capture error: invalid capture state: duplication not started
[host] capture error: invalid capture state: duplication not started
[host] capture error: invalid capture state: duplication not started
[host] capture error: invalid capture state: duplication not started
[host] capture error: invalid capture state: duplication not started
[host] capture error: invalid capture state: duplication not started
[host] capture error: invalid capture state: duplication not started
[host] capture error: invalid capture state: duplication not started
[host] capture error: invalid capture state: duplication not started
[rig-host] loop alive, host=Connected
[host] capture error: invalid capture state: duplication not started
[host] capture error: invalid capture state: duplication not started
[host] capture error: invalid capture state: duplication not started
[host] capture error: invalid capture state: duplication not started
[host] capture error: invalid capture state: duplication not started
[host] capture error: invalid capture state: duplication not started
[host] capture error: invalid capture state: duplication not started
[host] capture error: invalid capture state: duplication not started
[host] capture error: invalid capture state: duplication not started
[host] capture error: invalid capture state: duplication not started
[host] capture error: invalid capture state: duplication not started
[host] capture error: invalid capture state: duplication not started
[host] capture error: invalid capture state: duplication not started
[host] capture error: invalid capture state: duplication not started
[host] capture error: invalid capture state: duplication not started
[host] capture error: invalid capture state: duplication not started
[host] capture error: invalid capture state: duplication not started
[host] capture error: invalid capture state: duplication not started
[host] capture error: invalid capture state: duplication not started
[host] capture error: invalid capture state: duplication not started
[rig-host] loop alive, host=Connected
[host] capture error: invalid capture state: duplication not started
[host] capture error: invalid capture state: duplication not started
[host] capture error: invalid capture state: duplication not started
[host] capture error: invalid capture state: duplication not started
[host] capture error: invalid capture state: duplication not started
[host] capture error: invalid capture state: duplication not started
[host] capture error: invalid capture state: duplication not started
[host] capture error: invalid capture state: duplication not started
[host] capture error: invalid capture state: duplication not started
[host] capture error: invalid capture state: duplication not started
[host] capture error: invalid capture state: duplication not started
[host] capture error: invalid capture state: duplication not started
[host] capture error: invalid capture state: duplication not started
[host] capture error: invalid capture state: duplication not started
[host] capture error: invalid capture state: duplication not started
[host] capture error: invalid capture state: duplication not started
[host] capture error: invalid capture state: duplication not started
[host] capture error: invalid capture state: duplication not started
[host] capture error: invalid capture state: duplication not started
[host] capture error: invalid capture state: duplication not started
[rig-host] loop alive, host=Connected
[host] capture error: invalid capture state: duplication not started
[host] capture error: invalid capture state: duplication not started
[host] capture error: invalid capture state: duplication not started
[host] capture error: invalid capture state: duplication not started
[host] capture error: invalid capture state: duplication not started
[host] capture error: invalid capture state: duplication not started
[host] capture error: invalid capture state: duplication not started
[host] capture error: invalid capture state: duplication not started
[host] capture error: invalid capture state: duplication not started
[host] capture error: invalid capture state: duplication not started
[host] capture error: invalid capture state: duplication not started
[host] capture error: invalid capture state: duplication not started
[host] capture error: invalid capture state: duplication not started
[host] capture error: invalid capture state: duplication not started
[host] capture error: invalid capture state: duplication not started
[host] capture error: invalid capture state: duplication not started
[host] capture error: invalid capture state: duplication not started
[host] capture error: invalid capture state: duplication not started
[host] capture error: invalid capture state: duplication not started
[host] capture error: invalid capture state: duplication not started
[rig-host] loop alive, host=Connected
[host] capture error: invalid capture state: duplication not started
[host] capture error: invalid capture state: duplication not started
[host] capture error: invalid capture state: duplication not started
[host] capture error: invalid capture state: duplication not started
[host] capture error: invalid capture state: duplication not started
[host] capture error: invalid capture state: duplication not started
[host] capture error: invalid capture state: duplication not started
[host] capture error: invalid capture state: duplication not started
[host] capture error: invalid capture state: duplication not started
[host] capture error: invalid capture state: duplication not started
[host] capture error: invalid capture state: duplication not started
[host] capture error: invalid capture state: duplication not started
[host] capture error: invalid capture state: duplication not started
[host] capture error: invalid capture state: duplication not started
[host] capture error: invalid capture state: duplication not started
[host] capture error: invalid capture state: duplication not started
[host] capture error: invalid capture state: duplication not started
[host] capture error: invalid capture state: duplication not started
[host] capture error: invalid capture state: duplication not started
[host] capture error: invalid capture state: duplication not started
[rig-host] loop alive, host=Connected
[host] capture error: invalid capture state: duplication not started
[host] capture error: invalid capture state: duplication not started
[host] capture error: invalid capture state: duplication not started
[host] capture error: invalid capture state: duplication not started
[host] capture error: invalid capture state: duplication not started
[host] capture error: invalid capture state: duplication not started
[host] capture error: invalid capture state: duplication not started
[host] capture error: invalid capture state: duplication not started
[host] capture error: invalid capture state: duplication not started
[host] capture error: invalid capture state: duplication not started
[host] capture error: invalid capture state: duplication not started
[host] capture error: invalid capture state: duplication not started
[host] capture error: invalid capture state: duplication not started
[host] capture error: invalid capture state: duplication not started
[host] capture error: invalid capture state: duplication not started
[host] capture error: invalid capture state: duplication not started
[host] capture error: invalid capture state: duplication not started
[host] capture error: invalid capture state: duplication not started
[host] capture error: invalid capture state: duplication not started
[host] capture error: invalid capture state: duplication not started
[rig-host] loop alive, host=Connected
[host] capture error: invalid capture state: duplication not started
[host] capture error: invalid capture state: duplication not started
[host] capture error: invalid capture state: duplication not started
[host] capture error: invalid capture state: duplication not started
[host] capture error: invalid capture state: duplication not started
[host] capture error: invalid capture state: duplication not started
[host] capture error: invalid capture state: duplication not started
[host] capture error: invalid capture state: duplication not started
[host] capture error: invalid capture state: duplication not started
[host] capture error: invalid capture state: duplication not started
[host] capture error: invalid capture state: duplication not started
[host] capture error: invalid capture state: duplication not started
[host] capture error: invalid capture state: duplication not started
[host] capture error: invalid capture state: duplication not started
[host] capture error: invalid capture state: duplication not started
[host] capture error: invalid capture state: duplication not started
[host] capture error: invalid capture state: duplication not started
[host] capture error: invalid capture state: duplication not started
[host] capture error: invalid capture state: duplication not started
[host] capture error: invalid capture state: duplication not started
[rig-host] loop alive, host=Connected
[host] capture error: invalid capture state: duplication not started
[host] capture error: invalid capture state: duplication not started
[host] capture error: invalid capture state: duplication not started
[host] capture error: invalid capture state: duplication not started
[host] capture error: invalid capture state: duplication not started
[host] capture error: invalid capture state: duplication not started
[host] capture error: invalid capture state: duplication not started
[host] capture error: invalid capture state: duplication not started
[host] capture error: invalid capture state: duplication not started
[host] capture error: invalid capture state: duplication not started
[host] capture error: invalid capture state: duplication not started
[host] capture error: invalid capture state: duplication not started
[host] capture error: invalid capture state: duplication not started
[host] capture error: invalid capture state: duplication not started
[host] capture error: invalid capture state: duplication not started
[host] capture error: invalid capture state: duplication not started
[host] capture error: invalid capture state: duplication not started
[host] capture error: invalid capture state: duplication not started
[host] capture error: invalid capture state: duplication not started
[host] capture error: invalid capture state: duplication not started
[rig-host] loop alive, host=Connected
[host] capture error: invalid capture state: duplication not started
[host] capture error: invalid capture state: duplication not started
[host] capture error: invalid capture state: duplication not started
[host] capture error: invalid capture state: duplication not started
[host] capture error: invalid capture state: duplication not started
[host] capture error: invalid capture state: duplication not started
[host] capture error: invalid capture state: duplication not started
[host] capture error: invalid capture state: duplication not started
[host] capture error: invalid capture state: duplication not started
[host] capture error: invalid capture state: duplication not started
[host] capture error: invalid capture state: duplication not started
[host] capture error: invalid capture state: duplication not started
[host] capture error: invalid capture state: duplication not started
[host] capture error: invalid capture state: duplication not started
[host] capture error: invalid capture state: duplication not started
[host] capture error: invalid capture state: duplication not started
[host] capture error: invalid capture state: duplication not started
[host] capture error: invalid capture state: duplication not started
[host] capture error: invalid capture state: duplication not started
[host] capture error: invalid capture state: duplication not started
[rig-host] loop alive, host=Connected
[host] capture error: invalid capture state: duplication not started
[host] capture error: invalid capture state: duplication not started
[host] capture error: invalid capture state: duplication not started
[host] capture error: invalid capture state: duplication not started
[host] capture error: invalid capture state: duplication not started
[host] capture error: invalid capture state: duplication not started
[host] capture error: invalid capture state: duplication not started
[host] capture error: invalid capture state: duplication not started
[host] capture error: invalid capture state: duplication not started
[host] capture error: invalid capture state: duplication not started
[host] capture error: invalid capture state: duplication not started
[host] capture error: invalid capture state: duplication not started
[host] capture error: invalid capture state: duplication not started
[host] capture error: invalid capture state: duplication not started
[host] capture error: invalid capture state: duplication not started
[host] capture error: invalid capture state: duplication not started
[host] capture error: invalid capture state: duplication not started
[host] capture error: invalid capture state: duplication not started
[host] capture error: invalid capture state: duplication not started
[host] capture error: invalid capture state: duplication not started
[rig-host] loop alive, host=Connected
[host] capture error: invalid capture state: duplication not started
[host] capture error: invalid capture state: duplication not started
[host] capture error: invalid capture state: duplication not started
[host] capture error: invalid capture state: duplication not started
[host] capture error: invalid capture state: duplication not started
[host] capture error: invalid capture state: duplication not started
[host] capture error: invalid capture state: duplication not started
[host] capture error: invalid capture state: duplication not started
[host] capture error: invalid capture state: duplication not started
[host] capture error: invalid capture state: duplication not started
[host] capture error: invalid capture state: duplication not started
[host] capture error: invalid capture state: duplication not started
[host] capture error: invalid capture state: duplication not started
[host] capture error: invalid capture state: duplication not started
[host] capture error: invalid capture state: duplication not started
[host] capture error: invalid capture state: duplication not started
[host] capture error: invalid capture state: duplication not started
[host] capture error: invalid capture state: duplication not started
[host] capture error: invalid capture state: duplication not started
[host] capture error: invalid capture state: duplication not started
[rig-host] loop alive, host=Connected
[host] capture error: invalid capture state: duplication not started
[host] capture error: invalid capture state: duplication not started
[host] capture error: invalid capture state: duplication not started
[host] capture error: invalid capture state: duplication not started
[host] capture error: invalid capture state: duplication not started
[host] capture error: invalid capture state: duplication not started
[host] capture error: invalid capture state: duplication not started
[host] capture error: invalid capture state: duplication not started
[host] capture error: invalid capture state: duplication not started
[host] capture error: invalid capture state: duplication not started
[host] capture error: invalid capture state: duplication not started
[host] capture error: invalid capture state: duplication not started
[host] capture error: invalid capture state: duplication not started
[host] capture error: invalid capture state: duplication not started
[host] capture error: invalid capture state: duplication not started
[host] capture error: invalid capture state: duplication not started
[host] capture error: invalid capture state: duplication not started
[host] capture error: invalid capture state: duplication not started
[host] capture error: invalid capture state: duplication not started
[host] capture error: invalid capture state: duplication not started
[rig-host] loop alive, host=Connected
[host] capture error: invalid capture state: duplication not started
[host] capture error: invalid capture state: duplication not started
[host] capture error: invalid capture state: duplication not started
[host] capture error: invalid capture state: duplication not started
[host] capture error: invalid capture state: duplication not started
[host] capture error: invalid capture state: duplication not started
[host] capture error: invalid capture state: duplication not started
[host] capture error: invalid capture state: duplication not started
[host] capture error: invalid capture state: duplication not started
[host] capture error: invalid capture state: duplication not started
[host] capture error: invalid capture state: duplication not started
[host] capture error: invalid capture state: duplication not started
[host] capture error: invalid capture state: duplication not started
[host] capture error: invalid capture state: duplication not started
[host] capture error: invalid capture state: duplication not started
[host] capture error: invalid capture state: duplication not started
[host] capture error: invalid capture state: duplication not started
[host] capture error: invalid capture state: duplication not started
[host] capture error: invalid capture state: duplication not started
[host] capture error: invalid capture state: duplication not started
[rig-host] loop alive, host=Connected
[host] capture error: invalid capture state: duplication not started
[host] capture error: invalid capture state: duplication not started
[host] capture error: invalid capture state: duplication not started
[host] capture error: invalid capture state: duplication not started
[host] capture error: invalid capture state: duplication not started
[host] capture error: invalid capture state: duplication not started
[host] capture error: invalid capture state: duplication not started
[host] capture error: invalid capture state: duplication not started
[host] capture error: invalid capture state: duplication not started
[host] capture error: invalid capture state: duplication not started
[host] capture error: invalid capture state: duplication not started
[host] capture error: invalid capture state: duplication not started
[host] capture error: invalid capture state: duplication not started
[host] capture error: invalid capture state: duplication not started
[host] capture error: invalid capture state: duplication not started
[host] capture error: invalid capture state: duplication not started
[host] capture error: invalid capture state: duplication not started
[host] capture error: invalid capture state: duplication not started
[host] capture error: invalid capture state: duplication not started
[host] capture error: invalid capture state: duplication not started
[rig-host] loop alive, host=Connected
[host] capture error: invalid capture state: duplication not started
[host] capture error: invalid capture state: duplication not started
[host] capture error: invalid capture state: duplication not started
[host] capture error: invalid capture state: duplication not started
[host] capture error: invalid capture state: duplication not started
[host] capture error: invalid capture state: duplication not started
[host] capture error: invalid capture state: duplication not started
[host] capture error: invalid capture state: duplication not started
[host] capture error: invalid capture state: duplication not started
[host] capture error: invalid capture state: duplication not started
[host] capture error: invalid capture state: duplication not started
[host] capture error: invalid capture state: duplication not started
[host] capture error: invalid capture state: duplication not started
[host] capture error: invalid capture state: duplication not started
[host] capture error: invalid capture state: duplication not started
[host] capture error: invalid capture state: duplication not started
[host] capture error: invalid capture state: duplication not started
[host] capture error: invalid capture state: duplication not started
[host] capture error: invalid capture state: duplication not started
[host] capture error: invalid capture state: duplication not started
[rig-host] loop alive, host=Connected
[host] capture error: invalid capture state: duplication not started
[host] capture error: invalid capture state: duplication not started
[host] capture error: invalid capture state: duplication not started
[host] capture error: invalid capture state: duplication not started
[host] capture error: invalid capture state: duplication not started
[host] capture error: invalid capture state: duplication not started
[host] capture error: invalid capture state: duplication not started
[host] capture error: invalid capture state: duplication not started
[host] capture error: invalid capture state: duplication not started
[host] capture error: invalid capture state: duplication not started
[host] capture error: invalid capture state: duplication not started
[host] capture error: invalid capture state: duplication not started
[host] capture error: invalid capture state: duplication not started
[host] capture error: invalid capture state: duplication not started
[host] capture error: invalid capture state: duplication not started
[host] capture error: invalid capture state: duplication not started
[host] capture error: invalid capture state: duplication not started
[host] capture error: invalid capture state: duplication not started
[host] capture error: invalid capture state: duplication not started
[host] capture error: invalid capture state: duplication not started
[rig-host] loop alive, host=Connected
[host] capture error: invalid capture state: duplication not started
[host] capture error: invalid capture state: duplication not started
[host] capture error: invalid capture state: duplication not started
[host] capture error: invalid capture state: duplication not started
[host] capture error: invalid capture state: duplication not started
[host] capture error: invalid capture state: duplication not started
[host] capture error: invalid capture state: duplication not started
[host] capture error: invalid capture state: duplication not started
[host] capture error: invalid capture state: duplication not started
[host] capture error: invalid capture state: duplication not started
[host] capture error: invalid capture state: duplication not started
[host] capture error: invalid capture state: duplication not started
[rig-host] control goodbye received (User)
[rig-host] streaming stopped
[rig-host] session ended: Peer
[rig-host] host -> Disconnected
[rig-host] done marker observed
[rig-host] summary:
{
  "all_keys_up_disconnect": 2,
  "channel_open_order": [
    "control",
    "cursor",
    "input-reliable",
    "input-fast"
  ],
  "cursor": {
    "overlays_received": 0,
    "shapes_received": 0,
    "slot_replaced": 0,
    "slot_taken": 0
  },
  "device": "rig-host",
  "elapsed_s": 3603.6035881,
  "failed": false,
  "failures": [],
  "host": {
    "cursor_only_updates": 80,
    "cursor_positions_available": 296,
    "device_lost": 0,
    "encode_deferred": 4,
    "encode_size": "1920x1080",
    "fps_effective": 10.538130466418256,
    "fps_retargets": 20,
    "fps_target": 60,
    "frames_captured": 37965,
    "frames_encoded": 37938,
    "keyframe_forced": 2454,
    "keyframes": 2826,
    "pacer": {
      "fps_tick_rate": 14.033896503633548,
      "skipped": 57234,
      "ticks": 50523
    },
    "reconfig_errors": 0,
    "reconfig_live": 403,
    "reconfig_rebuilt": 0,
    "stream_secs": 3600.0693027
  },
  "input": {
    "all_keys_up": 2,
    "final_position": [
      30176,
      19104
    ],
    "held_at_end": 0,
    "inject_errors": 0,
    "moves_applied": 20000,
    "moves_stale_suppressed": 0,
    "reliable_applied": 667,
    "reliable_duplicates_suppressed": 0,
    "reliable_stale_suppressed": 0,
    "sequence_gaps": 0
  },
  "metrics": {
    "backpressure_events": 0,
    "path": "C:/Remote.deepflux.space/docs/reports/data/m6-soak\\m6-soak-host-rig-host.jsonl",
    "records": 212576
  },
  "node_counters": {
    "apply_answer_errors": 0,
    "compose_errors": 0,
    "envelopes_received": 4,
    "envelopes_sent": 243,
    "heartbeats_raised": 240,
    "ice_forward_errors": 0,
    "ice_forwarded": 1,
    "ice_minted": 1,
    "illegal_transitions": 0,
    "late_channels_open": 0,
    "register_acked": 1,
    "wire_sent": 360
  },
  "proc": {
    "final": {
      "handles": 602,
      "private_mib": 285.31640625,
      "threads": 34,
      "ws_mib": 109.015625
    },
    "per_session": [],
    "per_session_end": [
      {
        "handles": 643,
        "private_mib": 296.625,
        "threads": 38,
        "ws_mib": 119.87109375
      }
    ]
  },
  "prompts": 1,
  "real_input": false,
  "role": "host",
  "scenario": "soak",
  "sessions": {
    "connect_attempts_ms": [],
    "ends": [
      "Peer"
    ],
    "established": [
      "rig-controller-ctrl-2"
    ],
    "netchange_at_stream_elapsed_s": 0.0
  },
  "transport_failures": 0,
  "transport_stats": {
    "events_dropped_drain_queue": 0,
    "frames_dropped_rx_queue": 0,
    "frames_received": 0,
    "frames_sent": 37586,
    "loss_percent": null,
    "packets_lost": 0,
    "packets_received": 0,
    "packets_sent": 67702,
    "recv_bitrate_kbps": null,
    "relay_in_use": false,
    "rtt_ms": 0.1805,
    "selected_pair": {
      "local": "127.0.0.1:54324",
      "local_type": "host",
      "nominated": true,
      "remote": "127.0.0.1:54325",
      "remote_type": "host"
    },
    "send_bitrate_kbps": 0.0
  }
}
